cb,t,h,dv,d,GS,Vv,lat,lon,Wd,Wv
0.5,0,25928,-0,0,341,-0,39.7275,13.0268,250.5,95.3
5,0,25928,-0,0,454,-0,39.7275,13.0268,250.5,95.3
15,0,25928,-0,0,463,-0,39.7275,13.0268,250.5,95.3
30,0,25928,-0,0,465,-0,39.7275,13.0268,250.5,95.3
50,0,25928,-0,0,466,-0,39.7275,13.0268,250.5,95.3
100,0,25928,-0,0,466,-0,39.7275,13.0268,250.5,95.3
200,0,25928,-0,0,467,-0,39.7275,13.0268,250.5,95.3
500,0,25928,-0,0,467,-0,39.7275,13.0268,250.5,95.3
1000,0,25928,-0,0,467,-0,39.7275,13.0268,250.5,95.3
0.5,1,25920,46,47,95,-14,39.7276,13.0273,250.5,95.3
5,1,25919,33,58,90,-19,39.7272,13.0273,250.5,95.3
15,1,25918,19,93,108,-21,39.7268,13.0273,250.5,95.3
30,1,25916,7,126,151,-23,39.7265,13.0273,250.5,95.3
50,1,25915,-2,152,200,-25,39.7262,13.0273,250.5,95.3
100,1,25914,-12,183,278,-28,39.7259,13.0274,250.5,95.3
200,1,25913,-20,207,348,-31,39.7257,13.0274,250.5,95.2
500,1,25912,-26,226,411,-33,39.7255,13.0274,250.5,95.2
1000,1,25912,-29,233,437,-34,39.7255,13.0274,250.5,95.2
0.5,2,25907,95,96,95,-15,39.7277,13.0279,250.5,95.3
5,2,25894,78,98,91,-34,39.7273,13.0279,250.5,95.3
15,2,25891,57,135,92,-38,39.7267,13.0279,250.5,95.2
30,2,25887,37,186,108,-42,39.7261,13.0279,250.5,95.2
50,2,25883,20,233,137,-45,39.7256,13.0279,250.5,95.2
100,2,25878,-4,303,200,-50,39.7249,13.0279,250.5,95.2
200,2,25873,-25,367,278,-56,39.7243,13.0279,250.5,95.2
500,2,25868,-44,425,367,-63,39.7238,13.0279,250.5,95.2
1000,2,25866,-52,451,411,-66,39.7236,13.0279,250.5,95.2
0.5,3,25893,144,144,95,-15,39.7279,13.0284,250.5,95.3
5,3,25859,125,141,93,-43,39.7274,13.0284,250.5,95.2
15,3,25848,99,173,90,-54,39.7266,13.0284,250.5,95.2
30,3,25841,74,230,96,-59,39.7259,13.0284,250.5,95.2
50,3,25834,51,292,112,-63,39.7252,13.0285,250.5,95.2
100,3,25823,15,393,160,-70,39.7242,13.0285,250.5,95.2
200,3,25811,-19,496,232,-79,39.7233,13.0285,250.5,95.2
500,3,25798,-55,604,331,-91,39.7223,13.0285,250.5,95.2
1000,3,25792,-72,656,387,-97,39.7218,13.0285,250.5,95.2
0.5,4,25879,193,193,95,-15,39.7280,13.0289,250.5,95.3
5,4,25817,174,186,94,-47,39.7275,13.0289,250.5,95.2
15,4,25793,144,212,91,-66,39.7266,13.0290,250.5,95.2
30,4,25780,114,270,92,-74,39.7258,13.0290,250.5,95.2
50,4,25769,86,340,101,-80,39.7250,13.0290,250.5,95.2
100,4,25751,40,466,136,-89,39.7237,13.0290,250.5,95.1
200,4,25730,-7,606,200,-100,39.7224,13.0291,250.5,95.1
500,4,25704,-61,767,302,-116,39.7209,13.0291,250.5,95.1
1000,4,25690,-88,850,366,-126,39.7201,13.0291,250.5,95.1
0.5,5,25864,242,242,95,-15,39.7282,13.0295,250.5,95.2
5,5,25774,222,233,95,-48,39.7276,13.0295,250.5,95.2
15,5,25729,190,251,92,-74,39.7267,13.0295,250.5,95.2
30,5,25706,156,307,90,-87,39.7258,13.0295,250.5,95.1
50,5,25689,124,382,95,-95,39.7248,13.0295,250.5,95.1
100,5,25662,70,528,120,-107,39.7233,13.0296,250.5,95.1
200,5,25629,10,701,176,-120,39.7216,13.0296,250.5,95.0
500,5,25587,-61,915,277,-140,39.7196,13.0297,250.5,95.0
1000,5,25563,-100,1033,347,-154,39.7185,13.0297,250.5,95.0
0.5,6,25850,291,291,95,-15,39.7283,13.0300,250.5,95.2
5,6,25729,271,280,95,-49,39.7277,13.0300,250.5,95.2
15,6,25659,237,292,93,-79,39.7268,13.0300,250.5,95.1
30,6,25622,200,344,90,-98,39.7258,13.0301,250.5,95.1
50,6,25596,164,421,92,-109,39.7247,13.0301,250.5,95.1
100,6,25557,102,581,110,-123,39.7230,13.0301,250.5,95.0
200,6,25511,31,784,158,-139,39.7210,13.0302,250.5,95.0
500,6,25449,-58,1051,256,-163,39.7185,13.0302,250.5,94.9
1000,6,25410,-110,1207,330,-180,39.7170,13.0303,250.5,94.8
0.5,7,25836,340,340,95,-15,39.7285,13.0306,250.5,95.2
5,7,25685,320,327,95,-49,39.7279,13.0306,250.5,95.1
15,7,25586,285,334,93,-82,39.7269,13.0306,250.5,95.1
30,7,25529,245,381,91,-105,39.7258,13.0306,250.6,95.0
50,7,25491,206,458,91,-120,39.7247,13.0306,250.6,95.0
100,7,25438,137,630,103,-138,39.7227,13.0307,250.6,94.9
200,7,25376,55,859,144,-157,39.7204,13.0307,250.6,94.8
500,7,25290,-52,1177,237,-185,39.7174,13.0308,250.6,94.7
1000,7,25234,-116,1372,314,-206,39.7156,13.0309,250.6,94.6
0.5,8,25822,389,389,95,-15,39.7286,13.0311,250.5,95.2
5,8,25641,369,375,95,-49,39.7280,13.0311,250.5,95.1
15,8,25511,333,377,94,-83,39.7270,13.0311,250.6,95.0
30,8,25431,291,418,91,-110,39.7259,13.0312,250.6,94.9
50,8,25378,249,494,90,-129,39.7247,13.0312,250.6,94.9
100,8,25306,173,674,98,-152,39.7225,13.0312,250.6,94.8
200,8,25226,82,926,132,-173,39.7200,13.0313,250.6,94.7
500,8,25111,-42,1294,221,-206,39.7164,13.0314,250.6,94.5
1000,8,25035,-120,1530,299,-231,39.7142,13.0314,250.6,94.4
0.5,9,25808,438,438,95,-15,39.7288,13.0316,250.5,95.2
5,9,25596,417,423,95,-49,39.7282,13.0316,250.5,95.1
15,9,25435,381,421,94,-84,39.7272,13.0317,250.6,94.9
30,9,25329,338,456,92,-113,39.7259,13.0317,250.6,94.8
50,9,25257,293,529,90,-136,39.7247,13.0317,250.6,94.7
100,9,25162,212,715,95,-163,39.7224,13.0318,250.6,94.6
200,9,25060,111,988,123,-189,39.7195,13.0318,250.6,94.4
500,9,24914,-30,1403,207,-226,39.7156,13.0319,250.7,94.1
1000,9,24814,-122,1680,285,-255,39.7130,13.0320,250.8,93.9
0.5,10,25794,487,487,95,-15,39.7289,13.0322,250.5,95.2
5,10,25552,466,472,95,-49,39.7283,13.0322,250.6,95.0
15,10,25358,430,466,94,-84,39.7273,13.0322,250.6,94.9
30,10,25225,385,496,93,-115,39.7260,13.0322,250.6,94.7
50,10,25130,338,565,91,-141,39.7247,13.0323,250.6,94.6
100,10,25008,252,753,93,-174,39.7223,13.0323,250.7,94.4
200,10,24881,143,1044,116,-203,39.7192,13.0324,250.8,94.1
500,10,24699,-15,1505,194,-245,39.7147,13.0325,251.0,93.6
1000,10,24571,-121,1823,273,-278,39.7118,13.0326,251.1,93.3
0.5,11,25780,536,536,95,-15,39.7291,13.0327,250.5,95.2
5,11,25507,515,520,95,-49,39.7285,13.0327,250.6,95.0
15,11,25282,478,511,95,-84,39.7274,13.0327,250.6,94.8
30,11,25119,433,536,93,-117,39.7262,13.0328,250.7,94.6
50,11,25000,384,600,91,-144,39.7248,13.0328,250.7,94.4
100,11,24846,293,789,91,-182,39.7222,13.0329,250.8,94.0
200,11,24690,176,1096,109,-217,39.7189,13.0329,251.0,93.6
500,11,24468,2,1600,182,-263,39.7140,13.0331,251.2,93.0
1000,11,24308,-118,1959,261,-300,39.7106,13.0331,251.3,92.6
0.5,12,25766,585,585,95,-15,39.7292,13.0333,250.5,95.2
5,12,25463,564,569,95,-49,39.7286,13.0333,250.6,95.0
15,12,25206,527,557,95,-84,39.7276,13.0333,250.6,94.7
30,12,25012,481,577,93,-117,39.7263,13.0333,250.7,94.4
50,12,24867,430,636,91,-147,39.7248,13.0333,250.8,94.1
100,12,24677,335,824,90,-189,39.7222,13.0334,251.0,93.6
200,12,24487,210,1144,104,-228,39.7186,13.0335,251.2,93.1
500,12,24220,20,1689,172,-280,39.7133,13.0336,251.5,92.4
1000,12,24025,-113,2090,249,-321,39.7095,13.0337,251.6,91.9
0.5,13,25752,634,634,95,-15,39.7293,13.0338,250.5,95.2
5,13,25419,613,617,95,-49,39.7288,13.0338,250.6,94.9
15,13,25129,576,604,95,-84,39.7277,13.0338,250.7,94.6
30,13,24905,529,618,94,-118,39.7264,13.0338,250.8,94.2
50,13,24733,477,673,92,-149,39.7249,13.0339,251.0,93.8
100,13,24502,378,858,90,-194,39.7221,13.0339,251.2,93.2
200,13,24274,246,1189,100,-239,39.7184,13.0340,251.4,92.6
500,13,23957,41,1773,162,-296,39.7126,13.0342,251.7,91.7
1000,13,23723,-106,2215,239,-341,39.7085,13.0343,252.0,90.7
0.5,14,25738,683,683,95,-15,39.7295,13.0343,250.5,95.2
5,14,25375,662,666,95,-49,39.7289,13.0343,250.6,94.9
15,14,25053,624,650,95,-84,39.7279,13.0344,250.7,94.5
30,14,24798,577,661,94,-118,39.7265,13.0344,250.9,93.9
50,14,24597,524,711,92,-150,39.7250,13.0344,251.1,93.5
100,14,24323,421,891,90,-199,39.7221,13.0345,251.4,92.8
200,14,24052,283,1231,97,-248,39.7182,13.0346,251.7,92.0
500,14,23680,64,1852,154,-312,39.7120,13.0347,252.0,90.6
1000,14,23404,-98,2334,228,-361,39.7075,13.0348,252.4,89.3
0.5,15,25724,732,732,95,-15,39.7296,13.0349,250.5,95.2
5,15,25330,711,714,95,-49,39.7291,13.0349,250.6,94.9
15,15,24977,673,697,95,-84,39.7280,13.0349,250.7,94.4
30,15,24691,625,704,94,-118,39.7267,13.0349,251.0,93.7
50,15,24460,571,749,92,-150,39.7251,13.0350,251.3,93.1
100,15,24140,466,924,90,-202,39.7222,13.0350,251.6,92.3
200,15,23822,321,1271,95,-256,39.7181,13.0351,251.9,91.2
500,15,23390,88,1926,146,-326,39.7115,13.0353,252.4,89.3
1000,15,23067,-88,2448,219,-379,39.7065,13.0354,252.8,87.8
0.5,16,25710,781,781,95,-15,39.7298,13.0354,250.5,95.2
5,16,25286,760,763,95,-48,39.7292,13.0354,250.6,94.8
15,16,24900,722,744,94,-84,39.7281,13.0354,250.8,94.2
30,16,24584,673,748,94,-118,39.7268,13.0355,251.1,93.4
50,16,24323,619,787,92,-150,39.7253,13.0355,251.4,92.8
100,16,23955,510,957,90,-204,39.7222,13.0356,251.8,91.8
200,16,23586,360,1308,93,-263,39.7180,13.0357,252.2,90.2
500,16,23087,113,1996,139,-339,39.7110,13.0358,252.8,87.9
1000,16,22713,-76,2557,210,-397,39.7056,13.0360,253.3,86.1
0.5,17,25696,830,830,95,-15,39.7299,13.0359,250.5,95.2
5,17,25242,808,812,95,-48,39.7293,13.0360,250.6,94.8
15,17,24824,770,792,94,-83,39.7283,13.0360,250.9,94.0
30,17,24477,722,792,94,-117,39.7269,13.0360,251.2,93.2
50,17,24186,666,827,92,-151,39.7254,13.0360,251.5,92.5
100,17,23768,555,989,90,-206,39.7223,13.0361,252.0,91.0
200,17,23344,399,1344,91,-268,39.7179,13.0362,252.5,89.1
500,17,22773,140,2061,132,-351,39.7105,13.0364,253.3,86.4
1000,17,22344,-63,2662,201,-413,39.7048,13.0365,253.8,84.3
0.5,18,25682,879,879,95,-15,39.7301,13.0365,250.5,95.2
5,18,25198,857,860,95,-48,39.7295,13.0365,250.7,94.7
15,18,24748,819,839,94,-83,39.7284,13.0365,251.0,93.8
30,18,24370,770,836,93,-117,39.7271,13.0365,251.4,92.9
50,18,24049,714,867,92,-150,39.7255,13.0366,251.7,92.1
100,18,23579,601,1022,90,-207,39.7223,13.0366,252.2,90.2
200,18,23097,440,1378,90,-273,39.7178,13.0367,252.8,88.0
500,18,22448,167,2124,126,-362,39.7101,13.0369,253.7,84.9
1000,18,21960,-48,2762,193,-429,39.7040,13.0371,254.4,82.4
0.5,19,25667,928,928,95,-15,39.7302,13.0370,250.5,95.2
5,19,25154,906,909,95,-48,39.7296,13.0370,250.7,94.7
15,19,24672,867,886,94,-83,39.7286,13.0370,251.1,93.7
30,19,24263,818,881,93,-117,39.7272,13.0371,251.5,92.7
50,19,23912,761,908,92,-150,39.7256,13.0371,251.8,91.7
100,19,23390,646,1055,90,-208,39.7224,13.0372,252.5,89.4
200,19,22846,481,1411,89,-277,39.7177,13.0373,253.2,86.8
500,19,22114,196,2182,120,-371,39.7097,13.0374,254.2,83.2
1000,19,21562,-33,2857,185,-444,39.7032,13.0376,255.1,80.4
0.5,20,25653,977,977,95,-15,39.7304,13.0376,250.5,95.1
5,20,25110,955,957,95,-48,39.7298,13.0376,250.7,94.6
15,20,24597,915,934,94,-83,39.7287,13.0376,251.1,93.5
30,20,24156,866,926,93,-117,39.7273,13.0376,251.6,92.4
50,20,23775,809,949,92,-150,39.7258,13.0376,252.0,91.1
100,20,23200,692,1089,89,-209,39.7225,13.0377,252.7,88.5
200,20,22593,522,1443,88,-280,39.7177,13.0378,253.5,85.6
500,20,21772,226,2238,115,-380,39.7094,13.0380,254.8,81.5
1000,20,21151,-16,2949,177,-458,39.7025,13.0382,255.8,78.3
0.5,21,25639,1026,1026,95,-15,39.7305,13.0381,250.5,95.1
5,21,25066,1003,1006,95,-48,39.7299,13.0381,250.7,94.6
15,21,24521,964,981,94,-83,39.7289,13.0381,251.2,93.3
30,21,24050,914,971,93,-117,39.7275,13.0381,251.7,92.1
50,21,23638,856,990,92,-150,39.7259,13.0381,252.2,90.5
100,21,23010,737,1123,89,-209,39.7226,13.0382,253.0,87.6
200,21,22337,563,1474,87,-282,39.7177,13.0383,253.9,84.4
500,21,21421,257,2290,111,-388,39.7090,13.0385,255.3,79.8
1000,21,20728,2,3036,170,-470,39.7018,13.0387,256.5,76.1
0.5,22,25625,1075,1075,95,-15,39.7307,13.0386,250.6,95.1
5,22,25022,1052,1054,95,-48,39.7301,13.0386,250.7,94.5
15,22,24445,1012,1029,94,-83,39.7290,13.0386,251.3,93.1
30,22,23944,961,1016,93,-117,39.7276,13.0386,251.8,91.8
50,22,23502,903,1032,91,-150,39.7260,13.0387,252.3,89.9
100,22,22820,783,1157,89,-209,39.7227,13.0387,253.2,86.8
200,22,22079,605,1505,86,-284,39.7177,13.0388,254.3,83.1
500,22,21064,288,2340,107,-395,39.7087,13.0390,255.9,77.9
1000,22,20294,21,3120,163,-482,39.7012,13.0392,257.2,73.9
0.5,23,25611,1124,1124,95,-15,39.7308,13.0392,250.6,95.1
5,23,24978,1101,1103,94,-48,39.7302,13.0392,250.8,94.4
15,23,24370,1060,1076,93,-83,39.7291,13.0392,251.4,93.0
30,23,23838,1009,1062,92,-116,39.7278,13.0392,251.9,91.4
50,23,23366,950,1074,91,-149,39.7261,13.0392,252.5,89.3
100,23,22630,828,1191,88,-208,39.7228,13.0392,253.5,85.9
200,23,21820,647,1535,85,-285,39.7177,13.0393,254.7,81.8
500,23,20701,320,2387,103,-401,39.7085,13.0396,256.6,76.1
1000,23,19850,41,3199,156,-493,39.7006,13.0398,258.0,71.6
0.5,24,25597,1173,1173,95,-15,39.7310,13.0397,250.6,95.1
5,24,24934,1149,1152,94,-48,39.7304,13.0397,250.8,94.3
15,24,24294,1108,1124,93,-83,39.7293,13.0397,251.4,92.8
30,24,23732,1056,1107,92,-116,39.7279,13.0397,252.1,90.9
50,24,23230,997,1116,91,-149,39.7263,13.0397,252.7,88.7
100,24,22440,873,1226,88,-208,39.7229,13.0398,253.8,84.9
200,24,21560,689,1564,85,-286,39.7177,13.0399,255.1,80.5
500,24,20333,352,2431,99,-406,39.7082,13.0401,257.2,74.1
1000,24,19396,62,3276,150,-503,39.7000,13.0403,258.6,69.4
0.5,25,25583,1222,1222,95,-15,39.7311,13.0403,250.6,95.1
5,25,24890,1198,1200,94,-48,39.7305,13.0402,250.8,94.2
15,25,24219,1156,1171,93,-83,39.7294,13.0402,251.5,92.6
30,25,23626,1103,1153,92,-116,39.7280,13.0402,252.2,90.5
50,25,23094,1043,1159,90,-149,39.7264,13.0402,252.9,88.1
100,25,22250,918,1262,87,-208,39.7230,13.0403,254.1,84.0
200,25,21300,731,1593,84,-286,39.7177,13.0404,255.6,79.2
500,25,19961,385,2474,96,-411,39.7080,13.0406,257.8,72.2
1000,25,18933,83,3349,144,-512,39.6994,13.0408,259.2,67.5
0.5,26,25569,1270,1271,95,-15,39.7313,13.0408,250.6,95.1
5,26,24846,1246,1248,94,-48,39.7306,13.0408,250.9,94.1
15,26,24144,1204,1218,93,-83,39.7296,13.0408,251.6,92.4
30,26,23520,1151,1198,91,-116,39.7282,13.0407,252.3,90.0
50,26,22959,1089,1201,90,-148,39.7265,13.0407,253.1,87.4
100,26,22061,963,1297,87,-207,39.7231,13.0408,254.4,83.1
200,26,21039,773,1622,83,-286,39.7178,13.0409,256.0,77.9
500,26,19585,418,2514,93,-414,39.7078,13.0411,258.4,70.4
1000,26,18463,105,3418,138,-520,39.6989,13.0413,260.0,65.7
0.5,27,25555,1319,1319,95,-15,39.7314,13.0413,250.6,95.1
5,27,24802,1295,1297,94,-48,39.7308,13.0413,250.9,94.0
15,27,24069,1251,1265,93,-82,39.7297,13.0413,251.7,92.2
30,27,23415,1197,1244,91,-116,39.7283,13.0413,252.5,89.6
50,27,22824,1135,1244,89,-148,39.7266,13.0413,253.3,86.8
100,27,21873,1007,1333,86,-207,39.7232,13.0413,254.7,82.1
200,27,20779,814,1651,82,-286,39.7178,13.0414,256.5,76.5
500,27,19206,452,2553,90,-417,39.7076,13.0416,258.8,68.7
1000,27,17985,128,3485,132,-527,39.6984,13.0418,260.8,63.9
0.5,28,25541,1368,1368,95,-15,39.7315,13.0419,250.6,95.1
5,28,24758,1343,1345,94,-48,39.7309,13.0419,251.0,93.9
15,28,23993,1299,1313,92,-82,39.7298,13.0418,251.8,92.0
30,28,23310,1244,1289,90,-115,39.7284,13.0418,252.6,89.1
50,28,22689,1181,1287,89,-148,39.7268,13.0418,253.5,86.2
100,28,21685,1051,1368,85,-206,39.7233,13.0418,255.0,81.2
200,28,20518,855,1680,82,-285,39.7179,13.0419,256.9,75.2
500,28,18825,485,2589,88,-419,39.7074,13.0421,259.4,67.1
1000,28,17502,151,3548,127,-534,39.6980,13.0423,261.7,62.0
0.5,29,25527,1417,1417,95,-15,39.7317,13.0424,250.6,95.1
5,29,24714,1391,1393,94,-48,39.7311,13.0424,251.0,93.8
15,29,23918,1346,1360,92,-82,39.7300,13.0423,251.9,91.7
30,29,23205,1290,1334,90,-115,39.7285,13.0423,252.7,88.6
50,29,22555,1226,1329,88,-147,39.7269,13.0423,253.6,85.5
100,29,21497,1095,1404,85,-205,39.7234,13.0423,255.3,80.3
200,29,20259,896,1708,81,-285,39.7179,13.0423,257.4,73.8
500,29,18442,519,2624,85,-421,39.7073,13.0426,260.1,65.7
1000,29,17013,175,3609,122,-539,39.6975,13.0428,262.5,60.2
0.5,30,25513,1466,1466,95,-15,39.7318,13.0430,250.6,95.1
5,30,24671,1440,1442,94,-48,39.7312,13.0429,251.1,93.7
15,30,23844,1394,1407,92,-82,39.7301,13.0429,251.9,91.4
30,30,23100,1337,1379,90,-115,39.7287,13.0428,252.9,88.1
50,30,22421,1271,1372,87,-147,39.7270,13.0428,253.8,84.9
100,30,21310,1138,1441,84,-205,39.7235,13.0428,255.6,79.3
200,30,20000,937,1737,80,-284,39.7180,13.0428,257.8,72.5
500,30,18057,552,2658,83,-422,39.7072,13.0430,260.7,64.2
1000,30,16520,199,3667,117,-544,39.6971,13.0433,263.3,58.3
0.5,31,25499,1515,1515,95,-15,39.7320,13.0435,250.6,95.0
5,31,24627,1488,1490,94,-48,39.7314,13.0435,251.1,93.6
15,31,23769,1441,1454,92,-82,39.7302,13.0434,252.0,91.1
30,31,22995,1383,1424,89,-115,39.7288,13.0433,253.0,87.6
50,31,22287,1316,1414,87,-147,39.7271,13.0433,254.0,84.2
100,31,21124,1181,1477,83,-204,39.7236,13.0432,255.9,78.3
200,31,19741,977,1765,79,-283,39.7180,13.0433,258.2,71.2
500,31,17672,585,2690,81,-423,39.7071,13.0435,261.4,62.7
1000,31,16022,223,3722,113,-548,39.6967,13.0438,264.2,56.5
0.5,32,25485,1564,1564,95,-15,39.7321,13.0440,250.6,95.0
5,32,24583,1536,1538,94,-48,39.7315,13.0440,251.2,93.5
15,32,23694,1488,1501,91,-82,39.7304,13.0439,252.1,90.8
30,32,22891,1428,1469,89,-115,39.7289,13.0438,253.2,87.2
50,32,22154,1360,1456,86,-146,39.7272,13.0438,254.2,83.6
100,32,20938,1223,1513,82,-204,39.7237,13.0437,256.2,77.4
200,32,19483,1016,1794,78,-282,39.7181,13.0437,258.6,70.0
500,32,17287,619,2721,79,-423,39.7069,13.0440,262.1,61.2
1000,32,15522,248,3775,108,-551,39.6964,13.0443,265.0,54.6
0.5,33,25471,1613,1613,95,-15,39.7323,13.0446,250.6,95.0
5,33,24540,1584,1586,94,-48,39.7316,13.0445,251.2,93.4
15,33,23619,1535,1548,91,-82,39.7305,13.0444,252.2,90.5
30,33,22787,1474,1514,88,-114,39.7290,13.0444,253.3,86.7
50,33,22020,1405,1498,86,-146,39.7273,13.0443,254.4,82.9
100,33,20753,1265,1549,81,-203,39.7238,13.0442,256.5,76.4
200,33,19227,1055,1822,77,-281,39.7181,13.0442,258.8,68.9
500,33,16901,652,2751,77,-423,39.7069,13.0444,262.7,59.8
1000,33,15019,272,3825,104,-553,39.6960,13.0447,265.8,52.7
0.5,34,25457,1662,1662,95,-15,39.7324,13.0451,250.6,95.0
5,34,24496,1632,1634,93,-48,39.7318,13.0450,251.3,93.3
15,34,23545,1582,1594,91,-82,39.7306,13.0450,252.3,90.2
30,34,22683,1519,1558,88,-114,39.7291,13.0449,253.5,86.2
50,34,21888,1448,1540,85,-146,39.7274,13.0448,254.7,82.3
100,34,20568,1307,1585,80,-202,39.7239,13.0447,256.9,75.5
200,34,18971,1094,1850,76,-280,39.7182,13.0447,259.2,67.8
500,34,16516,685,2780,75,-423,39.7068,13.0449,263.4,58.3
1000,34,14514,297,3873,100,-555,39.6957,13.0452,266.7,50.8
0.5,35,25443,1711,1711,95,-15,39.7326,13.0457,250.6,95.0
5,35,24452,1680,1682,93,-48,39.7319,13.0456,251.3,93.2
15,35,23470,1628,1641,91,-82,39.7307,13.0455,252.4,89.8
30,35,22579,1564,1603,87,-114,39.7293,13.0454,253.6,85.7
50,35,21755,1492,1582,84,-145,39.7276,13.0453,254.9,81.6
100,35,20384,1348,1621,80,-202,39.7239,13.0451,257.2,74.5
200,35,18716,1132,1878,75,-279,39.7182,13.0451,259.6,66.8
500,35,16131,717,2807,74,-422,39.7067,13.0453,264.0,56.9
0.5,36,25429,1759,1759,95,-15,39.7327,13.0462,250.6,95.0
5,36,24409,1728,1730,93,-48,39.7321,13.0461,251.3,93.1
15,36,23396,1675,1687,90,-82,39.7309,13.0460,252.5,89.5
30,36,22475,1609,1647,87,-114,39.7294,13.0459,253.8,85.2
50,36,21623,1535,1624,84,-145,39.7277,13.0457,255.1,80.9
100,36,20200,1388,1657,79,-201,39.7240,13.0456,257.5,73.6
200,36,18462,1170,1907,74,-278,39.7183,13.0455,260.1,65.8
500,36,15747,749,2834,72,-421,39.7066,13.0457,264.7,55.5
1000,36,13500,347,3963,93,-557,39.6951,13.0461,268.4,46.8
0.5,37,25415,1808,1808,95,-15,39.7329,13.0467,250.6,95.0
5,37,24365,1776,1778,93,-48,39.7322,13.0466,251.4,93.0
15,37,23322,1721,1733,90,-81,39.7310,13.0465,252.6,89.2
30,37,22371,1653,1691,86,-114,39.7295,13.0464,253.9,84.7
50,37,21491,1578,1665,83,-145,39.7278,13.0462,255.3,80.3
100,37,20017,1428,1693,78,-200,39.7241,13.0461,257.8,72.6
200,37,18209,1207,1935,73,-277,39.7184,13.0460,260.5,64.8
500,37,15365,781,2860,70,-419,39.7066,13.0462,265.3,54.0
0.5,38,25401,1857,1857,95,-15,39.7330,13.0473,250.6,95.0
5,38,24322,1824,1826,93,-48,39.7323,13.0472,251.4,92.9
15,38,23248,1767,1779,90,-81,39.7311,13.0470,252.7,88.8
30,38,22268,1697,1734,86,-113,39.7296,13.0469,254.1,84.2
50,38,21359,1620,1706,82,-144,39.7279,13.0467,255.5,79.6
100,38,19835,1468,1729,77,-200,39.7242,13.0465,258.1,71.7
200,38,17957,1243,1963,72,-276,39.7184,13.0464,261.0,63.9
500,38,14983,813,2885,69,-418,39.7065,13.0466,266.0,52.6
1000,38,12485,396,4045,86,-557,39.6946,13.0469,270.1,42.9
0.5,39,25387,1906,1906,95,-15,39.7332,13.0478,250.6,95.0
5,39,24278,1872,1874,93,-48,39.7325,13.0477,251.5,92.8
15,39,23174,1813,1825,89,-81,39.7312,13.0475,252.8,88.5
30,39,22165,1741,1778,85,-113,39.7297,13.0473,254.2,83.7
50,39,21227,1662,1747,82,-144,39.7280,13.0472,255.7,78.9
100,39,19653,1507,1764,76,-199,39.7243,13.0470,258.4,70.8
200,39,17706,1279,1990,71,-275,39.7185,13.0468,261.4,62.9
0.5,40,25373,1955,1955,95,-15,39.7333,13.0483,250.6,94.9
5,40,24235,1920,1921,93,-48,39.7326,13.0482,251.5,92.7
15,40,23100,1859,1871,89,-81,39.7314,13.0480,252.9,88.2
30,40,22062,1785,1821,85,-113,39.7298,13.0478,254.4,83.1
50,40,21096,1704,1788,81,-144,39.7281,13.0476,256.0,78.2
100,40,19472,1545,1800,75,-199,39.7244,13.0474,258.6,69.9
200,40,17456,1315,2018,70,-274,39.7185,13.0472,261.8,61.9
500,40,14224,874,2934,66,-415,39.7064,13.0474,267.2,49.7
1000,40,11471,444,4119,79,-555,39.6942,13.0477,271.7,39.3
0.5,41,25359,2004,2004,95,-15,39.7334,13.0489,250.6,94.9
5,41,24191,1967,1969,93,-48,39.7327,13.0488,251.6,92.6
15,41,23026,1905,1916,89,-81,39.7315,13.0486,253.0,87.8
30,41,21959,1828,1864,84,-113,39.7299,13.0483,254.5,82.6
50,41,20965,1745,1828,80,-143,39.7282,13.0481,256.2,77.6
100,41,19291,1583,1835,74,-198,39.7244,13.0478,258.8,69.2
200,41,17207,1350,2046,69,-273,39.7186,13.0477,262.3,61.0
0.5,42,25345,2053,2053,95,-15,39.7336,13.0494,250.6,94.9
5,42,24148,2015,2017,93,-48,39.7329,13.0493,251.6,92.4
15,42,22952,1950,1962,88,-81,39.7316,13.0491,253.1,87.5
30,42,21856,1871,1907,84,-113,39.7300,13.0488,254.7,82.1
50,42,20835,1786,1868,80,-143,39.7283,13.0486,256.4,76.9
100,42,19111,1621,1870,73,-197,39.7245,13.0483,259.0,68.4
200,42,16959,1384,2074,68,-272,39.7186,13.0481,262.7,60.0
500,42,13472,933,2980,63,-411,39.7064,13.0481,268.5,46.7
1000,42,10462,491,4187,74,-552,39.6938,13.0485,273.4,35.8
0.5,43,25331,2101,2101,95,-15,39.7337,13.0500,250.6,94.9
5,43,24105,2063,2064,92,-48,39.7330,13.0498,251.7,92.3
15,43,22878,1996,2007,88,-81,39.7317,13.0496,253.2,87.1
30,43,21754,1914,1950,83,-112,39.7302,13.0493,254.9,81.6
50,43,20705,1826,1908,79,-143,39.7283,13.0490,256.6,76.2
100,43,18931,1658,1904,72,-197,39.7246,13.0487,259.3,67.7
200,43,16711,1418,2101,67,-271,39.7187,13.0485,263.1,59.1
0.5,44,25317,2150,2150,95,-15,39.7339,13.0505,250.6,94.9
5,44,24061,2110,2112,92,-48,39.7331,13.0503,251.7,92.2
15,44,22804,2041,2052,88,-81,39.7319,13.0501,253.3,86.8
30,44,21651,1957,1992,83,-112,39.7303,13.0498,255.0,81.1
50,44,20575,1867,1948,78,-143,39.7284,13.0495,256.9,75.5
100,44,18752,1695,1939,71,-196,39.7247,13.0491,259.6,66.9
200,44,16465,1452,2128,66,-270,39.7187,13.0489,263.5,58.2
500,44,12727,991,3023,60,-407,39.7063,13.0489,269.7,43.7
1000,44,9460,536,4250,68,-548,39.6934,13.0492,278.9,32.0
0.5,45,25303,2199,2199,95,-15,39.7340,13.0510,250.6,94.9
5,45,24018,2158,2159,92,-48,39.7333,13.0509,251.8,92.1
15,45,22731,2086,2097,87,-81,39.7320,13.0506,253.4,86.4
30,45,21549,1999,2034,82,-112,39.7304,13.0503,255.2,80.6
50,45,20445,1907,1987,78,-142,39.7285,13.0500,257.1,74.9
100,45,18573,1731,1973,71,-196,39.7247,13.0495,259.9,66.3
200,45,16220,1485,2156,65,-268,39.7188,13.0492,263.9,57.3
0.5,46,25289,2248,2248,95,-15,39.7342,13.0516,250.6,94.9
5,46,23975,2205,2207,92,-47,39.7334,13.0514,251.8,92.0
15,46,22657,2130,2142,87,-81,39.7321,13.0511,253.5,86.1
30,46,21447,2041,2076,82,-112,39.7305,13.0507,255.4,80.1
50,46,20315,1946,2026,77,-142,39.7286,13.0504,257.3,74.2
100,46,18395,1767,2007,70,-195,39.7248,13.0499,260.2,65.6
200,46,15976,1517,2183,64,-267,39.7188,13.0496,264.3,56.4
500,46,11989,1045,3065,57,-403,39.7063,13.0496,271.0,41.1
1000,46,8466,579,4307,63,-543,39.6931,13.0499,284.8,28.6
0.5,47,25275,2297,2297,95,-15,39.7343,13.0521,250.6,94.9
5,47,23931,2252,2254,92,-47,39.7335,13.0519,251.9,91.8
15,47,22584,2175,2186,87,-80,39.7322,13.0516,253.6,85.7
30,47,21345,2083,2118,81,-112,39.7306,13.0512,255.5,79.5
50,47,20186,1985,2065,76,-142,39.7287,13.0509,257.5,73.5
100,47,18218,1802,2040,69,-195,39.7248,13.0504,260.5,64.9
200,47,15733,1549,2210,63,-266,39.7188,13.0500,264.8,55.5
0.5,48,25261,2345,2346,95,-15,39.7345,13.0527,250.7,94.8
5,48,23888,2300,2302,92,-47,39.7337,13.0524,251.9,91.7
15,48,22511,2219,2230,86,-80,39.7323,13.0521,253.7,85.4
30,48,21244,2124,2159,81,-111,39.7306,13.0517,255.7,79.0
50,48,20057,2024,2104,76,-141,39.7288,13.0513,257.7,72.8
100,48,18041,1837,2074,68,-194,39.7249,13.0508,260.8,64.2
200,48,15491,1580,2236,62,-265,39.7189,13.0504,265.2,54.6
500,48,11259,1097,3105,54,-398,39.7062,13.0502,272.2,38.5
1000,48,7482,619,4359,58,-537,39.6929,13.0505,291.0,25.2
0.5,49,25247,2394,2394,95,-15,39.7346,13.0532,250.7,94.8
5,49,23845,2347,2349,92,-47,39.7338,13.0530,251.9,91.5
15,49,22438,2263,2275,86,-80,39.7324,13.0526,253.8,85.0
30,49,21142,2165,2200,80,-111,39.7307,13.0521,255.9,78.5
50,49,19929,2063,2142,75,-141,39.7288,13.0517,258.0,72.2
100,49,17864,1872,2107,68,-193,39.7250,13.0512,261.1,63.5
200,49,15250,1611,2263,61,-264,39.7189,13.0507,265.6,53.6
0.5,50,25234,2443,2443,95,-15,39.7348,13.0537,250.7,94.8
5,50,23802,2394,2396,92,-47,39.7339,13.0535,252.0,91.3
15,50,22365,2307,2319,85,-80,39.7325,13.0531,253.9,84.7
30,50,21041,2206,2241,80,-111,39.7308,13.0526,256.1,78.0
50,50,19800,2101,2180,74,-141,39.7289,13.0522,258.2,71.6
100,50,17688,1906,2140,67,-193,39.7250,13.0516,261.5,62.9
200,50,15009,1641,2289,60,-263,39.7190,13.0511,266.0,52.7
500,50,10537,1147,3143,51,-394,39.7062,13.0509,273.4,36.0
1000,50,6510,657,4407,53,-530,39.6926,13.0511,297.2,22.0
0.5,51,25220,2492,2492,95,-15,39.7349,13.0543,250.7,94.8
5,51,23759,2441,2443,91,-47,39.7341,13.0540,252.0,91.1
15,51,22292,2351,2362,85,-80,39.7326,13.0536,254.0,84.3
30,51,20940,2247,2282,79,-111,39.7309,13.0531,256.2,77.5
50,51,19672,2138,2217,74,-140,39.7290,13.0526,258.4,70.9
100,51,17512,1939,2172,66,-192,39.7251,13.0520,261.8,62.2
0.5,52,25206,2541,2541,95,-15,39.7350,13.0548,250.7,94.8
5,52,23716,2488,2490,91,-47,39.7342,13.0545,252.1,90.9
15,52,22219,2395,2406,85,-80,39.7328,13.0541,254.2,84.0
30,52,20839,2287,2322,79,-111,39.7310,13.0535,256.4,76.9
50,52,19545,2176,2255,73,-140,39.7291,13.0530,258.5,70.3
100,52,17337,1973,2205,65,-192,39.7251,13.0523,262.1,61.5
200,52,14532,1700,2341,58,-261,39.7190,13.0518,266.8,50.9
500,52,9823,1194,3179,48,-390,39.7062,13.0515,276.9,33.2
1000,52,5549,692,4451,49,-524,39.6924,13.0516,303.0,19.0
0.5,53,25192,2589,2589,95,-15,39.7352,13.0553,250.7,94.8
5,53,23672,2535,2537,91,-47,39.7343,13.0551,252.2,90.8
15,53,22146,2438,2450,84,-80,39.7329,13.0545,254.3,83.6
30,53,20738,2328,2363,78,-111,39.7311,13.0540,256.6,76.4
50,53,19417,2213,2292,72,-140,39.7291,13.0535,258.7,69.7
100,53,17163,2006,2237,65,-191,39.7252,13.0527,262.4,60.9
0.5,54,25178,2638,2638,95,-15,39.7353,13.0559,250.7,94.8
5,54,23629,2582,2583,91,-47,39.7345,13.0556,252.2,90.6
15,54,22073,2481,2493,84,-80,39.7330,13.0550,254.4,83.2
30,54,20638,2367,2403,78,-110,39.7312,13.0544,256.8,75.9
50,54,19290,2249,2328,72,-139,39.7292,13.0539,258.9,69.2
100,54,16989,2038,2269,64,-191,39.7252,13.0531,262.7,60.2
200,54,14058,1756,2392,56,-259,39.7191,13.0525,267.6,49.1
500,54,9116,1237,3214,45,-386,39.7061,13.0520,280.9,30.8
1000,54,4601,724,4492,45,-517,39.6922,13.0521,304.9,16.8
0.5,55,25164,2687,2687,95,-15,39.7355,13.0564,250.7,94.7
5,55,23586,2628,2630,91,-47,39.7346,13.0561,252.3,90.4
15,55,22000,2524,2536,84,-80,39.7331,13.0555,254.5,82.9
30,55,20537,2407,2442,77,-110,39.7313,13.0549,256.9,75.4
50,55,19163,2286,2365,71,-139,39.7293,13.0543,258.9,68.7
100,55,16815,2070,2300,63,-190,39.7253,13.0535,263.0,59.5
0.5,56,25150,2736,2736,95,-15,39.7356,13.0570,250.7,94.7
5,56,23543,2675,2677,90,-47,39.7347,13.0566,252.3,90.2
15,56,21928,2567,2579,83,-80,39.7332,13.0560,254.6,82.5
30,56,20437,2446,2482,76,-110,39.7314,13.0553,257.1,74.8
50,56,19036,2322,2401,70,-139,39.7293,13.0547,259.1,68.1
100,56,16642,2102,2332,63,-190,39.7253,13.0539,263.3,58.9
200,56,13588,1811,2442,54,-257,39.7191,13.0531,268.4,47.2
500,56,8417,1278,3247,42,-381,39.7061,13.0525,285.2,28.4
1000,56,3665,752,4530,41,-510,39.6920,13.0526,304.3,15.4
0.5,57,25136,2784,2784,95,-15,39.7358,13.0575,250.7,94.7
5,57,23500,2721,2723,90,-47,39.7348,13.0571,252.4,90.0
15,57,21855,2610,2622,83,-80,39.7333,13.0565,254.7,82.2
30,57,20337,2485,2521,76,-110,39.7314,13.0558,257.3,74.3
50,57,18910,2357,2437,70,-139,39.7294,13.0551,259.3,67.6
100,57,16469,2133,2363,62,-189,39.7254,13.0542,263.5,58.2
0.5,58,25122,2833,2833,95,-15,39.7359,13.0580,250.7,94.7
5,58,23458,2768,2770,90,-47,39.7350,13.0577,252.4,89.8
15,58,21783,2652,2664,83,-79,39.7334,13.0570,254.8,81.8
30,58,20237,2524,2560,75,-110,39.7315,13.0562,257.4,73.8
50,58,18784,2393,2472,69,-138,39.7295,13.0555,259.5,67.1
100,58,16297,2164,2393,61,-189,39.7254,13.0546,263.8,57.6
200,58,13121,1864,2491,52,-255,39.7191,13.0538,269.2,45.3
500,58,7726,1316,3279,40,-377,39.7061,13.0530,289.5,26.0
1000,58,2742,778,4564,37,-503,39.6918,13.0530,313.9,14.2
0.5,59,25108,2882,2882,95,-15,39.7361,13.0586,250.7,94.7
5,59,23415,2814,2816,90,-47,39.7351,13.0582,252.5,89.6
15,59,21710,2695,2707,82,-79,39.7335,13.0574,255.0,81.4
30,59,20137,2562,2598,75,-109,39.7316,13.0567,257.6,73.3
50,59,18658,2428,2508,69,-138,39.7295,13.0560,259.7,66.6
100,59,16125,2195,2424,60,-188,39.7254,13.0550,264.1,57.0
0.5,60,25094,2930,2931,95,-15,39.7362,13.0591,250.7,94.7
5,60,23372,2860,2862,90,-47,39.7352,13.0587,252.5,89.4
15,60,21638,2737,2749,82,-79,39.7336,13.0579,255.1,81.1
30,60,20037,2600,2637,74,-109,39.7317,13.0571,257.8,72.8
50,60,18532,2463,2543,68,-138,39.7296,13.0564,260.0,66.1
100,60,15954,2225,2454,60,-188,39.7255,13.0553,264.4,56.3
200,60,12658,1914,2538,50,-253,39.7192,13.0544,269.9,43.5
500,60,7043,1351,3310,37,-373,39.7060,13.0535,293.8,23.7
1000,60,1832,801,4595,33,-496,39.6916,13.0533,318.1,12.8
0.5,61,25080,2979,2979,95,-15,39.7363,13.0596,250.7,94.6
5,61,23329,2906,2908,89,-47,39.7353,13.0592,252.6,89.2
15,61,21566,2779,2791,82,-79,39.7337,13.0584,255.2,80.7
30,61,19938,2638,2675,74,-109,39.7318,13.0575,258.0,72.3
50,61,18407,2497,2577,68,-137,39.7297,13.0568,260.2,65.7
100,61,15783,2255,2484,59,-187,39.7255,13.0557,264.7,55.7
0.5,62,25066,3028,3028,95,-15,39.7365,13.0602,250.7,94.6
5,62,23286,2952,2954,89,-47,39.7355,13.0597,252.7,89.0
15,62,21494,2820,2833,81,-79,39.7338,13.0589,255.3,80.3
30,62,19839,2676,2712,73,-109,39.7318,13.0580,258.1,71.8
50,62,18281,2532,2612,67,-137,39.7297,13.0572,260.4,65.2
100,62,15613,2285,2513,58,-187,39.7255,13.0560,265.0,55.0
200,62,12198,1963,2585,48,-251,39.7192,13.0550,270.7,41.9
500,62,6368,1383,3340,34,-369,39.7060,13.0539,298.0,21.5
1000,62,935,822,4624,30,-489,39.6915,13.0536,314.0,11.3
0.5,63,25052,3077,3077,95,-15,39.7366,13.0607,250.7,94.6
5,63,23243,2998,3000,89,-47,39.7356,13.0602,252.7,88.9
15,63,21422,2862,2874,81,-79,39.7339,13.0593,255.4,80.0
30,63,19739,2713,2750,73,-109,39.7319,13.0584,258.3,71.3
50,63,18157,2565,2646,67,-137,39.7298,13.0576,260.6,64.7
100,63,15443,2314,2543,58,-186,39.7256,13.0564,265.3,54.4
0.5,64,25038,3125,3125,95,-15,39.7368,13.0613,250.7,94.6
5,64,23201,3044,3046,89,-47,39.7357,13.0607,252.8,88.7
15,64,21350,2903,2916,80,-79,39.7340,13.0598,255.5,79.6
30,64,19640,2750,2787,72,-108,39.7320,13.0588,258.4,70.8
50,64,18032,2599,2680,66,-137,39.7298,13.0579,260.9,64.2
100,64,15274,2343,2572,57,-185,39.7256,13.0567,265.6,53.8
200,64,11741,2009,2629,46,-250,39.7192,13.0555,271.5,40.2
500,64,5699,1412,3368,31,-365,39.7059,13.0543,302.1,19.5
1000,64,49,840,4650,27,-483,39.6913,13.0539,310.4,8.5
0.5,65,25025,3174,3174,95,-15,39.7369,13.0618,250.7,94.6
5,65,23158,3089,3092,89,-47,39.7358,13.0612,252.8,88.5
15,65,21278,2944,2957,80,-79,39.7341,13.0603,255.7,79.2
30,65,19542,2787,2824,72,-108,39.7320,13.0592,258.6,70.3
50,65,17907,2633,2714,66,-136,39.7299,13.0583,261.1,63.7
100,65,15105,2371,2600,56,-185,39.7256,13.0571,265.8,53.1
0.5,66,25011,3222,3223,95,-15,39.7371,13.0623,250.8,94.5
5,66,23115,3135,3137,89,-47,39.7360,13.0618,252.9,88.3
15,66,21207,2985,2998,80,-79,39.7342,13.0607,255.8,78.9
30,66,19443,2823,2861,71,-108,39.7321,13.0597,258.7,69.9
50,66,17783,2666,2748,65,-136,39.7299,13.0587,261.3,63.3
100,66,14937,2399,2629,56,-184,39.7256,13.0574,266.1,52.5
200,66,11288,2053,2673,45,-248,39.7192,13.0561,272.2,38.6
500,66,5038,1437,3394,29,-361,39.7058,13.0546,305.8,17.6
0.5,67,24997,3271,3271,95,-15,39.7372,13.0629,250.8,94.5
5,67,23073,3180,3183,88,-47,39.7361,13.0623,252.9,88.1
15,67,21135,3026,3039,79,-79,39.7343,13.0612,255.9,78.5
30,67,19345,2860,2898,71,-108,39.7322,13.0601,258.8,69.4
50,67,17659,2699,2781,65,-136,39.7300,13.0591,261.5,62.8
0.5,68,24983,3320,3320,94,-15,39.7374,13.0634,250.8,94.5
5,68,23030,3226,3228,88,-47,39.7362,13.0628,253.0,87.9
15,68,21063,3067,3080,79,-78,39.7343,13.0617,256.0,78.1
30,68,19246,2896,2934,70,-108,39.7322,13.0605,258.9,69.1
50,68,17535,2731,2814,64,-136,39.7300,13.0595,261.7,62.3
100,68,14602,2454,2685,55,-183,39.7257,13.0581,266.7,51.2
200,68,10838,2096,2715,43,-246,39.7192,13.0566,272.9,37.0
500,68,4384,1460,3419,26,-357,39.7057,13.0550,303.8,16.5
0.5,69,24969,3368,3368,94,-15,39.7375,13.0639,250.8,94.4
5,69,22987,3271,3273,88,-47,39.7363,13.0633,253.1,87.7
15,69,20992,3107,3120,79,-78,39.7344,13.0621,256.2,77.8
30,69,19148,2931,2970,70,-108,39.7323,13.0609,259.0,68.6
50,69,17412,2763,2847,64,-135,39.7301,13.0599,261.9,61.8
0.5,70,24955,3417,3417,94,-15,39.7376,13.0645,250.8,94.4
5,70,22945,3316,3319,88,-47,39.7364,13.0638,253.1,87.5
15,70,20921,3147,3161,78,-78,39.7345,13.0626,256.3,77.4
30,70,19050,2967,3006,70,-107,39.7324,13.0613,259.1,68.2
50,70,17289,2796,2879,63,-135,39.7301,13.0602,262.2,61.4
100,70,14268,2507,2740,53,-182,39.7257,13.0587,267.3,49.9
200,70,10390,2137,2756,41,-245,39.7192,13.0571,273.9,35.4
500,70,3737,1481,3443,24,-353,39.7057,13.0552,303.8,15.5
0.5,71,24941,3466,3466,94,-15,39.7378,13.0650,250.8,94.4
5,71,22902,3361,3364,88,-47,39.7366,13.0643,253.2,87.3
15,71,20849,3187,3201,78,-78,39.7346,13.0630,256.4,77.0
30,71,18952,3002,3042,69,-107,39.7324,13.0617,259.3,67.8
50,71,17166,2827,2912,63,-135,39.7302,13.0606,262.4,60.9
0.5,72,24927,3514,3514,94,-15,39.7379,13.0655,250.8,94.4
5,72,22860,3406,3409,87,-47,39.7367,13.0648,253.2,87.1
15,72,20778,3227,3241,77,-78,39.7347,13.0635,256.5,76.7
30,72,18855,3037,3077,69,-107,39.7325,13.0621,259.4,67.4
50,72,17043,2859,2944,62,-135,39.7302,13.0610,262.6,60.4
100,72,13936,2560,2793,52,-181,39.7258,13.0593,267.8,48.6
200,72,9946,2175,2795,39,-243,39.7192,13.0576,276.3,33.6
500,72,3096,1499,3465,22,-350,39.7056,13.0555,310.0,14.6
0.5,73,24913,3563,3563,94,-15,39.7381,13.0661,250.8,94.3
5,73,22817,3451,3453,87,-47,39.7368,13.0653,253.3,86.9
15,73,20707,3266,3281,77,-78,39.7348,13.0639,256.6,76.3
30,73,18757,3072,3112,68,-107,39.7325,13.0626,259.6,67.0
50,73,16920,2890,2976,62,-134,39.7302,13.0614,262.8,60.0
0.5,74,24900,3611,3611,94,-15,39.7382,13.0666,250.9,94.3
5,74,22775,3496,3498,87,-47,39.7369,13.0658,253.4,86.7
15,74,20636,3306,3320,77,-78,39.7349,13.0644,256.8,75.9
30,74,18660,3107,3147,68,-107,39.7326,13.0630,259.7,66.6
50,74,16798,2921,3007,61,-134,39.7303,13.0617,263.0,59.5
100,74,13606,2610,2846,51,-181,39.7258,13.0599,268.4,47.3
200,74,9505,2212,2833,38,-241,39.7192,13.0581,278.7,32.1
500,74,2461,1515,3485,21,-346,39.7055,13.0557,316.6,13.8
0.5,75,24886,3660,3660,94,-15,39.7384,13.0672,250.9,94.3
5,75,22732,3540,3543,87,-47,39.7370,13.0663,253.4,86.5
15,75,20565,3345,3360,76,-78,39.7349,13.0648,256.9,75.6
30,75,18563,3141,3182,67,-107,39.7327,13.0634,259.9,66.3
50,75,16676,2952,3039,61,-134,39.7303,13.0621,263.2,59.0
0.5,76,24872,3708,3708,94,-15,39.7385,13.0677,250.9,94.2
5,76,22690,3585,3588,87,-46,39.7371,13.0668,253.5,86.3
15,76,20494,3384,3399,76,-78,39.7350,13.0653,257.0,75.2
30,76,18466,3175,3217,67,-106,39.7327,13.0637,260.1,65.9
50,76,16554,2982,3070,60,-133,39.7303,13.0625,263.4,58.6
100,76,13278,2659,2897,49,-180,39.7258,13.0605,268.9,46.0
200,76,9067,2247,2870,36,-239,39.7192,13.0585,281.3,30.6
500,76,1834,1530,3505,19,-343,39.7054,13.0560,318.2,12.8
0.5,77,24858,3757,3757,94,-15,39.7386,13.0682,250.9,94.2
5,77,22648,3629,3632,86,-46,39.7373,13.0673,253.5,86.1
15,77,20423,3423,3438,76,-78,39.7351,13.0657,257.1,74.8
30,77,18369,3209,3251,67,-106,39.7328,13.0641,260.3,65.5
50,77,16433,3013,3101,60,-133,39.7304,13.0628,263.6,58.1
0.5,78,24844,3805,3805,94,-15,39.7388,13.0688,250.9,94.2
5,78,22605,3673,3676,86,-46,39.7374,13.0678,253.6,85.9
15,78,20353,3461,3477,75,-78,39.7352,13.0662,257.3,74.4
30,78,18272,3243,3285,66,-106,39.7328,13.0645,260.5,65.2
50,78,16311,3042,3131,59,-133,39.7304,13.0632,263.8,57.7
100,78,12952,2707,2946,48,-179,39.7258,13.0611,269.5,44.6
200,78,8632,2280,2905,34,-238,39.7191,13.0589,283.9,29.1
500,78,1212,1542,3523,18,-340,39.7054,13.0562,315.3,11.7
0.5,79,24830,3854,3854,94,-15,39.7389,13.0693,250.9,94.2
5,79,22563,3718,3721,86,-46,39.7375,13.0683,253.7,85.7
15,79,20282,3500,3515,75,-77,39.7353,13.0666,257.4,74.1
30,79,18175,3276,3319,66,-106,39.7329,13.0649,260.6,64.8
50,79,16190,3072,3162,59,-133,39.7304,13.0635,264.0,57.2
0.5,80,24816,3902,3902,94,-15,39.7391,13.0698,250.9,94.1
5,80,22521,3762,3765,86,-46,39.7376,13.0688,253.7,85.5
15,80,20211,3538,3554,75,-77,39.7353,13.0670,257.5,73.7
30,80,18079,3310,3353,66,-106,39.7329,13.0653,260.8,64.4
50,80,16070,3102,3192,58,-132,39.7305,13.0639,264.2,56.8
100,80,12627,2754,2995,47,-178,39.7259,13.0617,270.0,43.4
200,80,8200,2310,2939,33,-236,39.7191,13.0593,286.6,27.7
500,80,596,1553,3540,16,-337,39.7053,13.0563,312.7,10.7
0.5,81,24802,3950,3950,94,-15,39.7392,13.0704,251.0,94.1
5,81,22479,3806,3809,86,-46,39.7377,13.0693,253.8,85.3
15,81,20141,3576,3592,74,-77,39.7354,13.0675,257.6,73.3
30,81,17982,3343,3387,65,-106,39.7330,13.0657,261.0,64.1
50,81,15949,3131,3222,58,-132,39.7305,13.0642,264.4,56.3
0.5,82,24789,3999,3999,94,-15,39.7394,13.0709,251.0,94.1
5,82,22436,3850,3853,85,-46,39.7378,13.0698,253.8,85.1
15,82,20071,3613,3630,74,-77,39.7355,13.0679,257.7,73.0
30,82,17886,3376,3420,65,-105,39.7330,13.0661,261.1,63.7
50,82,15829,3160,3252,58,-132,39.7305,13.0646,264.6,55.9
100,82,12303,2798,3042,45,-177,39.7259,13.0623,270.6,42.3
200,82,7771,2339,2971,31,-234,39.7191,13.0597,289.3,26.2
0.5,83,24775,4047,4047,94,-15,39.7395,13.0714,251.0,94.0
5,83,22394,3893,3897,85,-46,39.7379,13.0703,253.9,84.9
15,83,20000,3651,3668,73,-77,39.7356,13.0683,257.9,72.6
30,83,17790,3408,3454,64,-105,39.7331,13.0665,261.3,63.3
50,83,15709,3188,3281,57,-132,39.7306,13.0649,264.9,55.4
0.5,84,24761,4096,4096,94,-15,39.7396,13.0720,251.0,94.0
5,84,22352,3937,3940,85,-46,39.7380,13.0707,254.0,84.7
15,84,19930,3688,3705,73,-77,39.7356,13.0688,258.0,72.3
30,84,17694,3441,3487,64,-105,39.7331,13.0669,261.5,62.9
50,84,15589,3217,3311,57,-131,39.7306,13.0652,265.1,55.0
100,84,11981,2842,3088,44,-176,39.7259,13.0628,271.1,41.1
200,84,7346,2366,3002,29,-233,39.7190,13.0601,291.9,24.7
0.5,85,24747,4144,4144,94,-15,39.7398,13.0725,251.0,94.0
5,85,22310,3981,3984,85,-46,39.7381,13.0712,254.0,84.5
15,85,19860,3726,3743,73,-77,39.7357,13.0692,258.1,71.9
30,85,17598,3473,3519,64,-105,39.7332,13.0672,261.6,62.6
50,85,15469,3245,3340,56,-131,39.7306,13.0656,265.3,54.5
0.5,86,24733,4192,4192,94,-15,39.7399,13.0730,251.0,93.9
5,86,22268,4024,4028,85,-46,39.7382,13.0717,254.1,84.3
15,86,19790,3763,3780,72,-77,39.7358,13.0696,258.2,71.6
30,86,17503,3505,3552,63,-105,39.7332,13.0676,261.8,62.2
50,86,15350,3273,3368,56,-131,39.7306,13.0659,265.5,54.1
100,86,11661,2884,3133,43,-175,39.7259,13.0633,271.6,40.0
200,86,6922,2390,3032,28,-231,39.7189,13.0604,294.6,23.3
0.5,87,24719,4241,4241,94,-15,39.7401,13.0736,251.1,93.9
5,87,22226,4067,4071,84,-46,39.7384,13.0722,254.2,84.1
15,87,19720,3799,3817,72,-77,39.7358,13.0700,258.3,71.2
30,87,17407,3537,3585,63,-105,39.7333,13.0680,262.0,61.8
50,87,15231,3301,3397,55,-131,39.7307,13.0663,265.7,53.6
0.5,88,24706,4289,4289,94,-15,39.7402,13.0741,251.1,93.9
5,88,22184,4111,4114,84,-46,39.7385,13.0727,254.2,83.8
15,88,19650,3836,3854,72,-77,39.7359,13.0705,258.4,70.9
30,88,17312,3569,3617,63,-105,39.7333,13.0684,262.1,61.5
50,88,15112,3328,3425,55,-130,39.7307,13.0666,265.9,53.2
100,88,11343,2925,3176,42,-174,39.7259,13.0638,272.2,38.8
200,88,6502,2413,3060,26,-230,39.7189,13.0607,297.2,22.0
0.5,89,24692,4337,4337,94,-15,39.7403,13.0746,251.1,93.8
5,89,22142,4154,4157,84,-46,39.7386,13.0732,254.3,83.6
15,89,19580,3872,3891,71,-77,39.7360,13.0709,258.5,70.6
30,89,17217,3600,3649,62,-104,39.7333,13.0687,262.3,61.1
0.5,90,24678,4385,4386,94,-15,39.7405,13.0752,251.1,93.8
5,90,22100,4197,4201,84,-46,39.7387,13.0737,254.4,83.4
15,90,19510,3909,3927,71,-76,39.7361,13.0713,258.6,70.2
30,90,17122,3632,3681,62,-104,39.7334,13.0691,262.5,60.8
50,90,14875,3382,3481,54,-130,39.7307,13.0672,266.3,52.3
100,90,11025,2965,3218,41,-174,39.7259,13.0643,272.7,37.7
200,90,6085,2433,3086,25,-228,39.7188,13.0610,299.8,20.7
0.5,91,24664,4434,4434,94,-15,39.7406,13.0757,251.1,93.8
5,91,22058,4240,4244,83,-46,39.7388,13.0742,254.4,83.2
15,91,19441,3945,3964,71,-76,39.7361,13.0717,258.7,69.9
30,91,17027,3663,3713,61,-104,39.7334,13.0695,262.6,60.4
0.5,92,24650,4482,4482,94,-15,39.7408,13.0762,251.1,93.7
5,92,22016,4283,4286,83,-46,39.7389,13.0746,254.5,83.0
15,92,19371,3981,4000,70,-76,39.7362,13.0721,258.8,69.6
30,92,16932,3694,3744,61,-104,39.7335,13.0698,262.8,60.0
50,92,14639,3435,3536,53,-129,39.7308,13.0679,266.7,51.4
100,92,10710,3003,3259,39,-173,39.7258,13.0648,273.2,36.6
200,92,5670,2452,3111,24,-227,39.7187,13.0613,302.2,19.4
0.5,93,24636,4530,4530,94,-15,39.7409,13.0768,251.1,93.7
5,93,21974,4325,4329,83,-46,39.7390,13.0751,254.5,82.8
15,93,19302,4016,4036,70,-76,39.7362,13.0726,258.9,69.3
30,93,16837,3724,3775,61,-104,39.7335,13.0702,262.9,59.7
0.5,94,24623,4578,4578,94,-15,39.7410,13.0773,251.2,93.7
5,94,21932,4368,4372,83,-46,39.7391,13.0756,254.6,82.6
15,94,19232,4052,4072,70,-76,39.7363,13.0730,258.9,69.0
30,94,16743,3755,3806,60,-104,39.7335,13.0706,263.1,59.3
50,94,14403,3487,3590,52,-129,39.7308,13.0685,267.1,50.5
100,94,10396,3040,3299,38,-172,39.7258,13.0653,273.9,35.5
200,94,5258,2469,3134,22,-225,39.7186,13.0615,304.6,18.2
0.5,95,24609,4627,4627,94,-15,39.7412,13.0778,251.2,93.7
5,95,21890,4410,4414,83,-46,39.7392,13.0761,254.7,82.4
15,95,19163,4087,4108,69,-76,39.7364,13.0734,259.0,68.7
30,95,16648,3785,3837,60,-103,39.7336,13.0709,263.3,59.0
0.5,96,24595,4675,4675,94,-15,39.7413,13.0784,251.2,93.6
5,96,21848,4453,4457,82,-46,39.7393,13.0766,254.7,82.2
15,96,19094,4122,4143,69,-76,39.7364,13.0738,259.1,68.4
30,96,16554,3815,3868,60,-103,39.7336,13.0713,263.4,58.6
50,96,14169,3538,3643,51,-128,39.7308,13.0691,267.5,49.6
100,96,10083,3076,3338,37,-171,39.7258,13.0657,275.7,34.1
200,96,4848,2485,3156,21,-224,39.7185,13.0617,305.9,17.3
0.5,97,24581,4723,4723,94,-15,39.7415,13.0789,251.2,93.6
5,97,21807,4495,4499,82,-46,39.7394,13.0770,254.8,82.0
15,97,19025,4158,4179,69,-76,39.7365,13.0742,259.2,68.2
30,97,16460,3845,3899,59,-103,39.7336,13.0716,263.6,58.3
0.5,98,24567,4771,4771,94,-15,39.7416,13.0794,251.2,93.6
5,98,21765,4537,4541,82,-46,39.7395,13.0775,254.9,81.8
15,98,18956,4192,4214,69,-76,39.7366,13.0746,259.3,67.9
30,98,16366,3874,3929,59,-103,39.7337,13.0720,263.7,57.9
50,98,13935,3588,3696,50,-128,39.7309,13.0697,267.8,48.6
100,98,9772,3110,3375,36,-170,39.7258,13.0661,277.3,33.0
200,98,4441,2499,3177,20,-223,39.7184,13.0620,304.0,16.6
0.5,99,24554,4819,4819,94,-15,39.7417,13.0800,251.2,93.5
5,99,21723,4579,4584,82,-46,39.7396,13.0780,254.9,81.6
15,99,18887,4227,4249,68,-76,39.7366,13.0750,259.4,67.6
30,99,16273,3904,3959,59,-103,39.7337,13.0723,263.9,57.6
0.5,100,24540,4867,4867,94,-15,39.7419,13.0805,251.2,93.5
5,100,21681,4621,4626,82,-46,39.7397,13.0785,255.0,81.4
15,100,18818,4262,4284,68,-76,39.7367,13.0754,259.5,67.3
30,100,16179,3933,3989,58,-103,39.7337,13.0727,264.1,57.2
50,100,13702,3637,3747,49,-127,39.7309,13.0703,268.2,47.7
100,100,9462,3143,3412,35,-169,39.7258,13.0666,279.0,32.0
200,100,4037,2512,3196,19,-221,39.7184,13.0622,302.4,16.0
0.5,101,24526,4915,4915,93,-15,39.7420,13.0810,251.3,93.5
5,101,21640,4663,4668,81,-46,39.7398,13.0789,255.1,81.1
15,101,18749,4296,4319,68,-76,39.7367,13.0758,259.6,67.0
30,101,16086,3962,4019,58,-102,39.7338,13.0730,264.2,56.9
0.5,102,24512,4963,4964,93,-15,39.7422,13.0816,251.3,93.4
5,102,21598,4704,4709,81,-46,39.7399,13.0794,255.2,80.9
15,102,18680,4331,4354,67,-75,39.7368,13.0762,259.7,66.8
30,102,15992,3991,4049,58,-102,39.7338,13.0734,264.4,56.5
50,102,13471,3685,3797,48,-127,39.7309,13.0709,268.6,46.8
100,102,9154,3175,3447,33,-169,39.7257,13.0670,280.8,30.9
200,102,3635,2524,3215,18,-220,39.7183,13.0624,304.6,15.4
0.5,103,24498,5011,5012,93,-15,39.7423,13.0821,251.3,93.4
5,103,21557,4746,4751,81,-46,39.7400,13.0799,255.2,80.7
15,103,18611,4365,4388,67,-75,39.7368,13.0766,259.8,66.5
30,103,15899,4020,4078,57,-102,39.7338,13.0737,264.5,56.2
0.5,104,24485,5059,5060,93,-15,39.7424,13.0826,251.3,93.4
5,104,21515,4788,4793,81,-46,39.7401,13.0803,255.3,80.5
15,104,18543,4399,4422,67,-75,39.7369,13.0770,260.0,66.2
30,104,15806,4048,4107,57,-102,39.7339,13.0741,264.7,55.8
50,104,13239,3732,3846,48,-127,39.7309,13.0715,269.0,45.9
100,104,8848,3205,3480,32,-168,39.7257,13.0674,282.6,29.9
200,104,3235,2535,3232,17,-219,39.7182,13.0625,308.5,14.8
0.5,105,24471,5108,5108,93,-15,39.7426,13.0832,251.3,93.3
5,105,21473,4829,4834,81,-46,39.7402,13.0808,255.4,80.3
15,105,18474,4432,4457,67,-75,39.7370,13.0774,260.1,66.0
30,105,15713,4077,4136,56,-102,39.7339,13.0744,264.9,55.5
0.5,106,24457,5156,5156,93,-15,39.7427,13.0837,251.3,93.3
5,106,21432,4870,4875,80,-46,39.7403,13.0813,255.4,80.1
15,106,18406,4466,4491,66,-75,39.7370,13.0778,260.2,65.7
30,106,15621,4105,4165,56,-102,39.7339,13.0747,265.0,55.1
50,106,13009,3778,3894,47,-126,39.7309,13.0721,269.4,44.9
100,106,8542,3234,3513,31,-167,39.7256,13.0677,284.5,28.8
200,106,2838,2545,3249,16,-217,39.7181,13.0627,313.0,14.3
0.5,107,24443,5204,5204,93,-15,39.7429,13.0842,251.3,93.3
5,107,21390,4911,4917,80,-46,39.7404,13.0818,255.5,79.9
15,107,18337,4500,4525,66,-75,39.7371,13.0782,260.3,65.5
30,107,15528,4133,4194,56,-102,39.7339,13.0751,265.2,54.8
0.5,108,24429,5251,5252,93,-15,39.7430,13.0848,251.4,93.2
5,108,21349,4952,4958,80,-45,39.7405,13.0822,255.6,79.7
15,108,18269,4533,4559,66,-75,39.7371,13.0786,260.5,65.2
30,108,15436,4160,4222,55,-101,39.7340,13.0754,265.3,54.4
50,108,12780,3823,3942,46,-126,39.7309,13.0726,269.8,44.0
100,108,8239,3261,3544,30,-166,39.7256,13.0681,286.4,27.8
200,108,2444,2555,3265,16,-216,39.7180,13.0629,316.9,13.8
0.5,109,24416,5299,5300,93,-15,39.7431,13.0853,251.4,93.2
5,109,21308,4993,4999,80,-45,39.7405,13.0827,255.6,79.5
15,109,18201,4566,4592,65,-75,39.7372,13.0790,260.6,64.9
30,109,15343,4188,4251,55,-101,39.7340,13.0757,265.5,54.1
0.5,110,24402,5347,5348,93,-15,39.7433,13.0858,251.4,93.2
5,110,21266,5034,5040,80,-45,39.7406,13.0831,255.7,79.3
15,110,18132,4600,4626,65,-75,39.7372,13.0793,260.7,64.7
30,110,15251,4215,4279,55,-101,39.7340,13.0761,265.6,53.7
50,110,12551,3867,3988,45,-125,39.7309,13.0732,270.2,43.1
100,110,7937,3287,3575,29,-165,39.7255,13.0685,288.2,26.8
200,110,2052,2563,3279,15,-214,39.7179,13.0630,319.0,13.1
0.5,111,24388,5395,5396,93,-15,39.7434,13.0863,251.4,93.2
5,111,21225,5075,5081,79,-45,39.7407,13.0836,255.8,79.0
15,111,18064,4633,4659,65,-75,39.7373,13.0797,260.8,64.4
30,111,15159,4242,4307,54,-101,39.7340,13.0764,265.8,53.4
0.5,112,24374,5443,5443,93,-15,39.7435,13.0869,251.4,93.1
5,112,21183,5115,5121,79,-45,39.7408,13.0841,255.8,78.8
15,112,17996,4665,4693,65,-75,39.7373,13.0801,260.9,64.2
30,112,15067,4269,4335,54,-101,39.7340,13.0767,265.9,53.0
50,112,12323,3910,4033,44,-125,39.7309,13.0737,270.6,42.3
100,112,7636,3311,3603,28,-165,39.7255,13.0688,290.1,25.7
200,112,1662,2570,3293,14,-213,39.7178,13.0631,317.5,12.5
0.5,113,24361,5491,5491,93,-15,39.7437,13.0874,251.4,93.1
5,113,21142,5156,5162,79,-45,39.7409,13.0845,255.9,78.6
15,113,17928,4698,4726,64,-75,39.7374,13.0805,261.1,63.9
0.5,114,24347,5539,5539,93,-15,39.7438,13.0879,251.4,93.1
5,114,21101,5196,5202,79,-45,39.7410,13.0850,256.0,78.4
15,114,17860,4731,4759,64,-74,39.7374,13.0809,261.2,63.6
30,114,14884,4322,4390,53,-100,39.7341,13.0774,266.3,52.3
50,114,12096,3952,4078,43,-124,39.7309,13.0742,270.9,41.5
100,114,7337,3334,3631,27,-164,39.7254,13.0691,292.0,24.7
200,114,1274,2577,3307,14,-212,39.7177,13.0633,315.7,11.9
0.5,115,24333,5587,5587,93,-15,39.7440,13.0885,251.5,93.0
5,115,21060,5236,5243,78,-45,39.7411,13.0854,256.1,78.2
15,115,17792,4763,4791,64,-74,39.7375,13.0813,261.3,63.4
0.5,116,24319,5635,5635,93,-15,39.7441,13.0890,251.5,93.0
5,116,21018,5276,5283,78,-45,39.7412,13.0859,256.1,78.0
15,116,17725,4795,4824,64,-74,39.7375,13.0816,261.4,63.1
30,116,14701,4375,4444,53,-100,39.7341,13.0780,266.6,51.6
50,116,11870,3994,4121,42,-124,39.7309,13.0747,271.3,40.7
100,116,7039,3356,3658,26,-163,39.7253,13.0694,293.9,23.7
200,116,889,2583,3319,13,-211,39.7177,13.0634,314.0,11.2
0.5,117,24306,5683,5683,93,-15,39.7442,13.0895,251.5,93.0
5,117,20977,5316,5323,78,-45,39.7413,13.0864,256.2,77.8
15,117,17657,4827,4857,63,-74,39.7375,13.0820,261.5,62.8
0.5,118,24292,5730,5731,93,-15,39.7444,13.0901,251.5,92.9
5,118,20936,5356,5363,78,-45,39.7413,13.0868,256.3,77.6
15,118,17589,4859,4889,63,-74,39.7376,13.0824,261.7,62.6
30,118,14519,4427,4497,52,-100,39.7341,13.0786,266.9,50.9
50,118,11644,4034,4164,41,-124,39.7309,13.0752,271.7,39.9
100,118,6743,3376,3683,25,-162,39.7252,13.0697,295.7,22.8
200,118,505,2589,3331,12,-210,39.7176,13.0635,312.4,10.6
0.5,119,24278,5778,5778,93,-15,39.7445,13.0906,251.5,92.9
5,119,20895,5396,5403,78,-45,39.7414,13.0873,256.3,77.3
15,119,17522,4891,4922,63,-74,39.7376,13.0828,261.8,62.3
0.5,120,24264,5826,5826,93,-15,39.7446,13.0911,251.5,92.9
5,120,20854,5436,5443,77,-45,39.7415,13.0877,256.4,77.1
15,120,17454,4923,4954,63,-74,39.7377,13.0831,261.9,62.1
30,120,14337,4478,4550,51,-100,39.7342,13.0792,267.2,50.2
50,120,11419,4073,4206,41,-123,39.7309,13.0757,272.1,39.1
100,120,6448,3395,3707,24,-162,39.7251,13.0700,297.6,21.8
200,120,123,2595,3342,12,-209,39.7175,13.0636,310.8,8.9
0.5,121,24251,5874,5874,93,-15,39.7448,13.0917,251.5,92.8
5,121,20813,5475,5483,77,-45,39.7416,13.0882,256.5,76.9
15,121,17387,4954,4986,62,-74,39.7377,13.0835,262.0,61.8
0.5,122,24237,5921,5922,93,-15,39.7449,13.0922,251.6,92.8
5,122,20771,5515,5522,77,-45,39.7417,13.0886,256.5,76.7
15,122,17320,4986,5018,62,-74,39.7378,13.0839,262.1,61.6
30,122,14156,4528,4602,51,-99,39.7342,13.0798,267.5,49.5
50,122,11195,4112,4247,40,-123,39.7309,13.0762,272.4,38.3
100,122,6154,3412,3729,23,-161,39.7251,13.0702,299.4,20.9
0.5,123,24223,5969,5969,93,-15,39.7450,13.0927,251.6,92.8
5,123,20730,5554,5562,77,-45,39.7418,13.0891,256.6,76.5
15,123,17252,5017,5049,62,-74,39.7378,13.0842,262.2,61.3
0.5,124,24209,6017,6017,93,-15,39.7452,13.0932,251.6,92.7
5,124,20689,5593,5601,77,-45,39.7419,13.0895,256.7,76.3
15,124,17185,5048,5081,62,-74,39.7378,13.0846,262.3,61.0
30,124,13975,4577,4653,50,-99,39.7342,13.0805,267.8,48.8
50,124,10972,4149,4287,39,-122,39.7309,13.0767,272.8,37.5
100,124,5862,3428,3751,22,-160,39.7250,13.0705,301.1,20.0
0.5,125,24196,6065,6065,93,-15,39.7453,13.0938,251.6,92.7
5,125,20648,5632,5641,76,-45,39.7419,13.0900,256.8,76.1
15,125,17118,5079,5112,61,-74,39.7379,13.0850,262.5,60.8
0.5,126,24182,6112,6113,93,-15,39.7454,13.0943,251.6,92.7
5,126,20607,5671,5680,76,-45,39.7420,13.0904,256.8,75.9
15,126,17051,5110,5144,61,-74,39.7379,13.0853,262.6,60.5
30,126,13795,4626,4704,49,-99,39.7342,13.0810,268.1,48.1
50,126,10750,4186,4326,38,-122,39.7309,13.0771,273.2,36.7
100,126,5570,3444,3771,21,-159,39.7249,13.0707,302.8,19.1
0.5,127,24168,6160,6160,93,-15,39.7456,13.0948,251.6,92.6
5,127,20567,5710,5719,76,-45,39.7421,13.0909,256.9,75.6
15,127,16984,5140,5175,61,-73,39.7380,13.0857,262.7,60.3
0.5,128,24154,6208,6208,93,-15,39.7457,13.0954,251.7,92.6
5,128,20526,5749,5758,76,-45,39.7422,13.0913,257.0,75.4
15,128,16917,5171,5206,61,-73,39.7380,13.0861,262.8,60.0
30,128,13615,4674,4754,48,-98,39.7343,13.0816,268.4,47.4
50,128,10528,4222,4365,37,-121,39.7309,13.0776,273.5,36.0
100,128,5281,3458,3791,20,-159,39.7248,13.0709,304.5,18.3
0.5,129,24141,6255,6256,93,-15,39.7459,13.0959,251.7,92.6
5,129,20485,5788,5796,75,-45,39.7423,13.0917,257.0,75.2
15,129,16850,5201,5237,60,-73,39.7380,13.0864,262.9,59.8
0.5,130,24127,6303,6303,93,-15,39.7460,13.0964,251.7,92.5
5,130,20444,5826,5835,75,-45,39.7423,13.0922,257.1,75.0
15,130,16783,5231,5268,60,-73,39.7381,13.0868,263.0,59.5
30,130,13436,4721,4803,48,-98,39.7343,13.0822,268.7,46.7
50,130,10307,4257,4403,37,-121,39.7309,13.0780,274.4,35.1
100,130,4992,3470,3809,19,-158,39.7247,13.0711,306.0,17.5
0.5,131,24113,6350,6351,93,-15,39.7461,13.0969,251.7,92.5
5,131,20403,5865,5874,75,-45,39.7424,13.0926,257.2,74.8
15,131,16717,5262,5299,60,-73,39.7381,13.0871,263.2,59.3
0.5,132,24100,6398,6398,92,-15,39.7463,13.0975,251.7,92.5
5,132,20362,5903,5912,75,-45,39.7425,13.0931,257.2,74.6
15,132,16650,5292,5329,60,-73,39.7381,13.0875,263.3,59.0
30,132,13257,4767,4851,47,-98,39.7343,13.0828,269.0,45.9
50,132,10086,4291,4439,36,-121,39.7308,13.0785,275.8,34.1
100,132,4705,3482,3826,19,-157,39.7246,13.0713,305.4,17.0
0.5,133,24086,6446,6446,92,-15,39.7464,13.0980,251.7,92.4
5,133,20322,5941,5951,75,-45,39.7426,13.0935,257.3,74.4
15,133,16584,5321,5359,59,-73,39.7382,13.0879,263.4,58.8
0.5,134,24072,6493,6493,92,-15,39.7465,13.0985,251.7,92.4
5,134,20281,5979,5989,74,-45,39.7426,13.0939,257.4,74.2
15,134,16517,5351,5390,59,-73,39.7382,13.0882,263.5,58.5
30,134,13079,4813,4899,46,-98,39.7343,13.0833,269.3,45.2
50,134,9867,4324,4475,35,-120,39.7308,13.0789,276.8,33.3
100,134,4419,3494,3843,18,-157,39.7245,13.0715,303.9,16.6
0.5,135,24059,6541,6541,92,-15,39.7467,13.0991,251.8,92.4
5,135,20240,6017,6027,74,-45,39.7427,13.0944,257.5,74.0
15,135,16451,5381,5420,59,-73,39.7382,13.0886,263.6,58.3
0.5,136,24045,6588,6589,92,-15,39.7468,13.0996,251.8,92.3
5,136,20199,6055,6065,74,-45,39.7428,13.0948,257.5,73.7
15,136,16384,5410,5450,59,-73,39.7383,13.0889,263.7,58.0
30,136,12901,4857,4945,45,-97,39.7343,13.0839,269.6,44.4
50,136,9648,4356,4510,34,-120,39.7308,13.0793,278.0,32.6
100,136,4134,3504,3859,17,-156,39.7244,13.0717,302.5,16.1
0.5,137,24031,6636,6636,92,-15,39.7469,13.1001,251.8,92.3
5,137,20159,6093,6103,74,-45,39.7429,13.0953,257.6,73.5
15,137,16318,5439,5480,58,-73,39.7383,13.0893,263.8,57.8
0.5,138,24017,6683,6683,92,-15,39.7471,13.1006,251.8,92.2
5,138,20118,6130,6141,74,-45,39.7429,13.0957,257.7,73.3
15,138,16252,5468,5509,58,-73,39.7383,13.0896,263.9,57.5
30,138,12724,4901,4991,45,-97,39.7343,13.0844,269.9,43.8
50,138,9430,4387,4544,33,-119,39.7307,13.0797,279.2,31.9
100,138,3850,3515,3874,17,-155,39.7243,13.0719,303.1,15.7
0.5,139,24004,6731,6731,92,-15,39.7472,13.1012,251.8,92.2
5,139,20078,6168,6179,73,-45,39.7430,13.0961,257.7,73.1
15,139,16186,5497,5539,58,-72,39.7383,13.0900,264.1,57.3
0.5,140,23990,6778,6778,92,-15,39.7473,13.1017,251.8,92.2
5,140,20037,6205,6216,73,-45,39.7431,13.0965,257.8,72.9
15,140,16120,5526,5569,58,-72,39.7384,13.0903,264.2,57.0
30,140,12547,4944,5036,44,-97,39.7343,13.0850,270.2,43.1
50,140,9213,4417,4576,32,-119,39.7307,13.0801,280.5,31.1
100,140,3568,3525,3889,16,-155,39.7242,13.0720,305.2,15.3
0.5,141,23976,6825,6826,92,-15,39.7475,13.1022,251.9,92.1
5,141,19996,6242,6254,73,-44,39.7432,13.0970,257.9,72.7
15,141,16054,5555,5598,57,-72,39.7384,13.0906,264.3,56.8
0.5,142,23963,6873,6873,92,-15,39.7476,13.1027,251.9,92.1
5,142,19956,6280,6291,73,-44,39.7432,13.0974,257.9,72.5
15,142,15988,5583,5627,57,-72,39.7384,13.0910,264.4,56.5
30,142,12370,4987,5081,43,-97,39.7343,13.0855,270.5,42.5
50,142,8996,4446,4609,32,-119,39.7306,13.0805,281.8,30.4
100,142,3287,3535,3904,16,-154,39.7242,13.0722,307.9,14.9
0.5,143,23949,6920,6921,92,-15,39.7477,13.1033,251.9,92.1
5,143,19915,6317,6328,73,-44,39.7433,13.0978,258.0,72.3
15,143,15922,5612,5656,57,-72,39.7385,13.0913,264.5,56.3
0.5,144,23935,6967,6968,92,-15,39.7479,13.1038,251.9,92.0
5,144,19875,6354,6366,72,-44,39.7434,13.0983,258.1,72.1
15,144,15856,5640,5685,57,-72,39.7385,13.0917,264.6,56.0
30,144,12195,5028,5125,43,-96,39.7343,13.0860,270.8,41.9
50,144,8780,4474,4640,31,-118,39.7306,13.0808,283.1,29.7
100,144,3007,3544,3918,15,-153,39.7241,13.0723,311.1,14.5
0.5,145,23922,7015,7015,92,-15,39.7480,13.1043,251.9,91.9
5,145,19835,6390,6403,72,-44,39.7434,13.0987,258.1,71.9
15,145,15791,5668,5714,56,-72,39.7385,13.0920,264.7,55.8
0.5,146,23908,7062,7062,92,-15,39.7481,13.1048,251.9,91.9
5,146,19794,6427,6440,72,-44,39.7435,13.0991,258.2,71.7
15,146,15725,5696,5743,56,-72,39.7385,13.0923,264.8,55.6
30,146,12019,5069,5168,42,-96,39.7343,13.0865,271.1,41.3
50,146,8565,4501,4670,30,-118,39.7305,13.0812,284.4,28.9
100,146,2728,3553,3931,15,-153,39.7240,13.0725,314.2,14.2
0.5,147,23894,7109,7110,92,-15,39.7483,13.1054,251.9,91.8
5,147,19754,6464,6476,72,-44,39.7436,13.0995,258.3,71.5
15,147,15660,5724,5771,56,-72,39.7386,13.0927,265.0,55.3
0.5,148,23881,7156,7157,92,-15,39.7484,13.1059,252.0,91.8
5,148,19713,6500,6513,72,-44,39.7436,13.0999,258.3,71.3
15,148,15594,5752,5800,56,-72,39.7386,13.0930,265.1,55.1
30,148,11844,5110,5210,42,-96,39.7343,13.0870,271.4,40.7
50,148,8351,4527,4699,29,-117,39.7305,13.0816,285.7,28.2
100,148,2451,3561,3944,15,-152,39.7239,13.0726,316.8,13.8
0.5,149,23867,7204,7204,92,-15,39.7485,13.1064,252.0,91.7
5,149,19673,6537,6550,71,-44,39.7437,13.1004,258.4,71.1
15,149,15529,5780,5828,55,-72,39.7386,13.0933,265.2,54.8
0.5,150,23853,7251,7251,92,-15,39.7486,13.1069,252.0,91.7
5,150,19633,6573,6586,71,-44,39.7438,13.1008,258.4,70.9
15,150,15464,5807,5856,55,-72,39.7386,13.0937,265.3,54.6
30,150,11670,5149,5252,41,-96,39.7343,13.0875,271.7,40.0
50,150,8137,4551,4728,29,-117,39.7304,13.0819,287.0,27.5
100,150,2175,3568,3956,14,-151,39.7238,13.0727,318.6,13.4
0.5,151,23840,7298,7299,92,-15,39.7488,13.1075,252.0,91.6
5,151,19593,6609,6623,71,-44,39.7438,13.1012,258.5,70.7
15,151,15398,5834,5884,55,-72,39.7386,13.0940,265.4,54.3
0.5,152,23826,7345,7346,92,-15,39.7489,13.1080,252.0,91.6
5,152,19552,6645,6659,71,-44,39.7439,13.1016,258.5,70.5
15,152,15333,5862,5912,55,-71,39.7387,13.0943,265.5,54.1
30,152,11495,5188,5293,40,-95,39.7343,13.0880,271.9,39.4
50,152,7925,4575,4755,28,-117,39.7303,13.0822,288.3,26.7
100,152,1900,3574,3967,14,-151,39.7237,13.0729,318.6,12.9
0.5,153,23813,7392,7393,92,-15,39.7490,13.1085,252.0,91.5
5,153,19512,6681,6695,71,-44,39.7440,13.1020,258.6,70.3
15,153,15268,5889,5940,54,-71,39.7387,13.0947,265.6,53.8
0.5,154,23799,7439,7440,91,-15,39.7492,13.1090,252.0,91.5
5,154,19472,6717,6732,70,-44,39.7440,13.1025,258.7,70.1
15,154,15203,5916,5968,54,-71,39.7387,13.0950,265.7,53.6
30,154,11322,5227,5334,40,-95,39.7343,13.0885,272.2,38.8
50,154,7713,4598,4782,27,-116,39.7303,13.0825,289.7,26.0
100,154,1626,3580,3977,13,-150,39.7236,13.0730,317.4,12.4
0.5,155,23785,7486,7487,91,-15,39.7493,13.1096,252.1,91.4
5,155,19432,6753,6768,70,-44,39.7441,13.1029,258.7,70.0
15,155,15138,5942,5995,54,-71,39.7387,13.0953,265.8,53.3
0.5,156,23772,7533,7534,91,-15,39.7494,13.1101,252.1,91.4
5,156,19392,6789,6804,70,-44,39.7442,13.1033,258.8,69.8
15,156,15073,5969,6022,54,-71,39.7387,13.0956,265.9,53.1
30,156,11149,5264,5374,39,-95,39.7343,13.0890,272.5,38.1
50,156,7501,4620,4807,26,-116,39.7302,13.0828,291.0,25.3
100,156,1353,3585,3988,13,-150,39.7235,13.0731,316.1,12.0
0.5,157,23758,7580,7581,91,-15,39.7496,13.1106,252.1,91.3
5,157,19352,6824,6840,70,-44,39.7442,13.1037,258.8,69.6
15,157,15008,5996,6050,53,-71,39.7388,13.0959,266.0,52.8
0.5,158,23744,7627,7628,91,-15,39.7497,13.1111,252.1,91.2
5,158,19311,6860,6875,70,-44,39.7443,13.1041,258.9,69.5
15,158,14944,6022,6077,53,-71,39.7388,13.0963,266.2,52.6
30,158,10976,5301,5413,38,-95,39.7342,13.0894,272.8,37.5
50,158,7290,4641,4832,26,-115,39.7301,13.0831,292.3,24.6
100,158,1081,3590,3998,12,-149,39.7235,13.0732,314.9,11.5
0.5,159,23731,7674,7675,91,-15,39.7498,13.1117,252.1,91.2
5,159,19271,6895,6911,69,-44,39.7444,13.1045,258.9,69.3
0.5,160,23717,7721,7722,91,-15,39.7499,13.1122,252.1,91.1
5,160,19231,6930,6947,69,-44,39.7444,13.1049,258.9,69.1
15,160,14814,6074,6131,53,-71,39.7388,13.0969,266.4,52.1
30,160,10804,5337,5451,38,-94,39.7342,13.0899,273.1,36.9
50,160,7080,4661,4856,25,-115,39.7300,13.0834,293.6,23.9
100,160,810,3596,4008,12,-148,39.7234,13.0733,313.8,11.1
0.5,161,23703,7768,7769,91,-15,39.7501,13.1127,252.2,91.1
5,161,19191,6966,6982,69,-44,39.7445,13.1053,258.9,69.0
0.5,162,23690,7815,7815,91,-15,39.7502,13.1132,252.2,91.0
5,162,19151,7001,7017,69,-44,39.7445,13.1057,259.0,68.8
15,162,14685,6126,6184,52,-71,39.7388,13.0975,266.6,51.6
30,162,10632,5373,5489,37,-94,39.7342,13.0903,273.4,36.3
50,162,6871,4680,4879,24,-115,39.7299,13.0837,294.9,23.2
100,162,539,3601,4017,12,-148,39.7233,13.0734,312.6,10.6
0.5,163,23676,7861,7862,91,-15,39.7503,13.1137,252.2,91.0
5,163,19111,7036,7053,69,-44,39.7446,13.1062,259.0,68.6
0.5,164,23663,7908,7909,91,-15,39.7505,13.1143,252.2,90.9
5,164,19072,7071,7088,69,-44,39.7447,13.1066,259.1,68.5
15,164,14556,6177,6237,52,-71,39.7389,13.0981,266.8,51.1
30,164,10461,5408,5526,37,-94,39.7342,13.0908,273.7,35.8
50,164,6662,4698,4901,24,-114,39.7299,13.0840,296.2,22.5
100,164,270,3606,4026,11,-147,39.7232,13.0735,311.3,9.7
0.5,165,23649,7955,7956,91,-15,39.7506,13.1148,252.2,90.8
5,165,19032,7106,7123,68,-44,39.7447,13.1070,259.1,68.3
0.5,166,23635,8002,8002,91,-15,39.7507,13.1153,252.3,90.8
5,166,18992,7141,7158,68,-44,39.7448,13.1074,259.2,68.1
15,166,14428,6228,6289,51,-70,39.7389,13.0988,267.0,50.6
30,166,10290,5442,5563,36,-94,39.7342,13.0912,274.6,35.0
50,166,6454,4715,4922,23,-114,39.7298,13.0842,297.5,21.9
100,166,2,3611,4035,10,-147,39.7232,13.0736,310.7,8.2
0.5,167,23622,8048,8049,91,-15,39.7508,13.1158,252.3,90.7
5,167,18952,7175,7193,68,-44,39.7448,13.1078,259.3,68.0
0.5,168,23608,8095,8096,91,-15,39.7510,13.1163,252.3,90.7
5,168,18912,7210,7228,68,-44,39.7449,13.1082,259.3,67.8
15,168,14300,6278,6341,51,-70,39.7389,13.0994,267.3,50.1
30,168,10119,5476,5599,35,-93,39.7341,13.0916,275.6,34.2
50,168,6247,4731,4943,22,-114,39.7297,13.0845,298.8,21.2
0.5,169,23595,8142,8142,91,-15,39.7511,13.1169,252.3,90.6
5,169,18872,7244,7263,68,-44,39.7450,13.1086,259.4,67.6
0.5,170,23581,8188,8189,91,-15,39.7512,13.1174,252.3,90.5
5,170,18833,7279,7298,68,-44,39.7450,13.1090,259.5,67.5
15,170,14172,6328,6392,50,-70,39.7390,13.1000,267.5,49.6
30,170,9949,5508,5634,34,-93,39.7341,13.0920,276.4,33.6
50,170,6040,4747,4962,22,-113,39.7296,13.0847,300.1,20.6
0.5,171,23567,8235,8236,91,-15,39.7514,13.1179,252.3,90.5
5,171,18793,7313,7332,68,-44,39.7451,13.1094,259.5,67.3
0.5,172,23554,8281,8282,90,-15,39.7515,13.1184,252.4,90.4
5,172,18753,7347,7367,67,-44,39.7451,13.1098,259.6,67.2
15,172,14044,6377,6443,50,-70,39.7390,13.1006,267.7,49.1
30,172,9780,5540,5668,34,-93,39.7341,13.0925,277.3,33.0
50,172,5834,4761,4981,21,-113,39.7295,13.0849,301.3,19.9
0.5,173,23540,8328,8329,90,-15,39.7516,13.1189,252.4,90.4
5,173,18713,7382,7401,67,-44,39.7452,13.1102,259.7,67.0
0.5,174,23527,8374,8375,90,-15,39.7517,13.1195,252.4,90.3
5,174,18674,7416,7436,67,-44,39.7452,13.1106,259.7,66.8
15,174,13916,6426,6493,49,-70,39.7390,13.1012,267.9,48.6
30,174,9610,5571,5701,33,-93,39.7341,13.0929,278.2,32.5
50,174,5629,4775,4999,20,-113,39.7294,13.0851,302.5,19.3
0.5,175,23513,8421,8422,90,-15,39.7519,13.1200,252.4,90.3
5,175,18634,7450,7470,67,-43,39.7453,13.1110,259.8,66.7
0.5,176,23500,8467,8468,90,-15,39.7520,13.1205,252.4,90.2
5,176,18594,7484,7504,67,-43,39.7453,13.1114,259.9,66.5
15,176,13789,6474,6543,49,-70,39.7390,13.1018,268.1,48.1
30,176,9442,5601,5734,33,-92,39.7340,13.0933,279.2,31.9
50,176,5424,4788,5016,20,-112,39.7293,13.0853,303.7,18.7
0.5,177,23486,8513,8514,90,-15,39.7521,13.1210,252.4,90.1
5,177,18555,7517,7539,67,-43,39.7454,13.1118,259.9,66.4
0.5,178,23472,8560,8561,90,-15,39.7522,13.1215,252.5,90.1
5,178,18515,7551,7573,66,-43,39.7455,13.1121,260.0,66.2
15,178,13662,6521,6592,48,-70,39.7390,13.1023,268.3,47.6
30,178,9273,5631,5766,32,-92,39.7340,13.0936,280.1,31.4
50,178,5220,4800,5032,19,-112,39.7292,13.0855,304.8,18.2
0.5,179,23459,8606,8607,90,-15,39.7524,13.1220,252.5,90.0
5,179,18476,7585,7607,66,-43,39.7455,13.1125,260.1,66.1
0.5,180,23445,8652,8653,90,-15,39.7525,13.1226,252.5,90.0
5,180,18436,7618,7641,66,-43,39.7456,13.1129,260.2,65.9
15,180,13535,6568,6640,48,-69,39.7390,13.1029,268.5,47.1
30,180,9106,5659,5798,32,-92,39.7339,13.0940,281.1,30.8
50,180,5016,4812,5048,19,-111,39.7291,13.0857,305.9,17.6
0.5,181,23432,8699,8700,90,-15,39.7526,13.1231,252.5,89.9
5,181,18397,7652,7674,66,-43,39.7456,13.1133,260.2,65.8
0.5,182,23418,8745,8746,90,-15,39.7527,13.1236,252.5,89.8
5,182,18357,7685,7708,66,-43,39.7457,13.1137,260.3,65.6
15,182,13409,6614,6688,47,-69,39.7391,13.1035,268.8,46.6
30,182,8938,5687,5828,31,-92,39.7339,13.0944,282.1,30.2
50,182,4813,4823,5063,18,-111,39.7290,13.0859,305.8,17.3
0.5,183,23405,8791,8792,90,-15,39.7529,13.1241,252.5,89.8
5,183,18318,7719,7742,66,-43,39.7457,13.1141,260.4,65.5
0.5,184,23391,8837,8838,90,-15,39.7530,13.1246,252.6,89.7
5,184,18278,7752,7775,66,-43,39.7458,13.1145,260.4,65.3
15,184,13282,6660,6736,47,-69,39.7391,13.1040,269.0,46.1
30,184,8772,5714,5858,30,-91,39.7338,13.0947,283.1,29.7
50,184,4611,4834,5078,18,-111,39.7289,13.0861,305.0,16.9
0.5,185,23378,8883,8884,90,-15,39.7531,13.1251,252.6,89.7
5,185,18239,7785,7809,65,-43,39.7458,13.1149,260.5,65.2
0.5,186,23364,8929,8931,90,-15,39.7532,13.1256,252.6,89.6
5,186,18200,7818,7842,65,-43,39.7459,13.1153,260.6,65.0
15,186,13156,6705,6783,46,-69,39.7391,13.1046,269.2,45.6
30,186,8605,5741,5888,30,-91,39.7338,13.0951,284.1,29.1
50,186,4410,4844,5092,17,-110,39.7288,13.0863,303.9,16.6
0.5,187,23350,8975,8977,90,-15,39.7534,13.1262,252.6,89.5
5,187,18160,7851,7876,65,-43,39.7459,13.1157,260.6,64.9
0.5,188,23337,9021,9023,90,-15,39.7535,13.1267,252.6,89.5
5,188,18121,7884,7909,65,-43,39.7460,13.1160,260.7,64.7
15,188,13031,6750,6829,46,-69,39.7391,13.1052,269.4,45.0
30,188,8439,5766,5916,29,-91,39.7337,13.0954,285.2,28.5
50,188,4209,4854,5106,17,-110,39.7287,13.0864,302.9,16.3
0.5,189,23323,9067,9069,89,-15,39.7536,13.1272,252.7,89.4
5,189,18082,7917,7942,65,-43,39.7460,13.1164,260.8,64.6
0.5,190,23310,9113,9115,89,-15,39.7537,13.1277,252.7,89.4
5,190,18042,7950,7975,65,-43,39.7461,13.1168,260.9,64.4
15,190,12905,6794,6875,45,-69,39.7391,13.1057,269.6,44.5
30,190,8274,5791,5944,29,-91,39.7336,13.0958,286.2,28.0
50,190,4008,4865,5120,16,-110,39.7287,13.0866,302.5,16.0
0.5,191,23296,9159,9161,89,-15,39.7539,13.1282,252.7,89.3
5,191,18003,7982,8008,64,-43,39.7461,13.1172,260.9,64.3
0.5,192,23283,9205,9207,89,-15,39.7540,13.1287,252.7,89.2
5,192,17964,8015,8041,64,-43,39.7462,13.1176,261.0,64.1
15,192,12780,6837,6920,44,-69,39.7391,13.1062,269.8,44.0
30,192,8109,5815,5971,28,-90,39.7336,13.0961,287.2,27.4
50,192,3808,4875,5134,16,-109,39.7286,13.0868,303.4,15.7
0.5,193,23269,9251,9252,89,-15,39.7541,13.1292,252.7,89.2
5,193,17925,8047,8074,64,-43,39.7462,13.1180,261.1,64.0
0.5,194,23256,9297,9298,89,-15,39.7542,13.1298,252.7,89.1
5,194,17885,8080,8107,64,-43,39.7463,13.1183,261.1,63.8
15,194,12655,6880,6965,44,-69,39.7391,13.1068,270.0,43.6
30,194,7944,5838,5998,28,-90,39.7335,13.0964,288.2,26.8
50,194,3609,4885,5148,16,-109,39.7285,13.0869,304.8,15.4
0.5,195,23242,9343,9344,89,-15,39.7543,13.1303,252.8,89.1
5,195,17846,8112,8140,64,-43,39.7463,13.1187,261.2,63.7
0.5,196,23229,9389,9390,89,-15,39.7545,13.1308,252.8,89.0
5,196,17807,8144,8172,64,-43,39.7463,13.1191,261.3,63.5
15,196,12530,6923,7009,44,-68,39.7391,13.1073,270.2,43.1
30,196,7780,5860,6023,27,-90,39.7334,13.0967,289.3,26.3
50,196,3411,4894,5161,16,-109,39.7284,13.0871,306.4,15.1
0.5,197,23215,9434,9436,89,-15,39.7546,13.1313,252.8,88.9
5,197,17768,8176,8205,64,-43,39.7464,13.1195,261.3,63.4
5,198,17729,8208,8237,63,-43,39.7464,13.1198,261.4,63.2
15,198,12405,6965,7053,43,-68,39.7391,13.1078,270.4,42.7
30,198,7616,5882,6048,26,-90,39.7333,13.0970,290.3,25.7
50,198,3213,4903,5174,15,-108,39.7283,13.0872,308.8,14.8
5,199,17690,8240,8270,63,-43,39.7465,13.1202,261.5,63.1
5,200,17651,8272,8302,63,-43,39.7465,13.1206,261.5,62.9
15,200,12281,7006,7097,43,-68,39.7391,13.1083,270.7,42.2
30,200,7452,5903,6072,26,-90,39.7332,13.0973,291.3,25.2
50,200,3015,4912,5186,15,-108,39.7282,13.0874,311.1,14.6
5,201,17612,8304,8334,63,-43,39.7466,13.1210,261.6,62.8
5,202,17573,8336,8366,63,-43,39.7466,13.1214,261.7,62.6
15,202,12157,7047,7139,42,-68,39.7391,13.1088,270.9,41.8
30,202,7289,5923,6096,25,-89,39.7332,13.0976,292.3,24.6
50,202,2819,4920,5198,15,-108,39.7282,13.0875,313.3,14.3
5,203,17534,8368,8398,63,-43,39.7467,13.1217,261.7,62.5
5,204,17495,8399,8430,63,-43,39.7467,13.1221,261.8,62.3
15,204,12033,7088,7182,42,-68,39.7391,13.1093,271.1,41.4
30,204,7127,5942,6119,25,-89,39.7331,13.0979,293.4,24.1
50,204,2623,4927,5209,14,-107,39.7281,13.0876,315.3,14.1
5,205,17456,8431,8462,62,-43,39.7467,13.1225,261.9,62.2
5,206,17417,8462,8494,62,-43,39.7468,13.1228,261.9,62.0
15,206,11909,7128,7224,41,-68,39.7391,13.1098,271.3,40.9
30,206,6965,5961,6141,24,-89,39.7330,13.0982,294.4,23.5
50,206,2427,4934,5220,14,-107,39.7280,13.0878,317.1,13.8
5,207,17378,8493,8526,62,-43,39.7468,13.1232,262.0,61.9
5,208,17339,8525,8558,62,-43,39.7469,13.1236,262.1,61.7
15,208,11785,7167,7265,41,-68,39.7391,13.1103,271.5,40.5
30,208,6803,5979,6163,24,-89,39.7329,13.0984,295.4,23.0
50,208,2232,4940,5230,14,-107,39.7279,13.0879,318.4,13.5
5,209,17300,8556,8589,62,-43,39.7469,13.1239,262.1,61.6
5,210,17262,8587,8621,62,-43,39.7469,13.1243,262.2,61.4
15,210,11662,7206,7306,40,-68,39.7391,13.1108,271.7,40.0
30,210,6642,5996,6183,23,-88,39.7328,13.0987,296.4,22.5
50,210,2038,4946,5239,14,-106,39.7278,13.0880,319.1,13.2
5,211,17223,8618,8652,61,-43,39.7470,13.1247,262.3,61.3
5,212,17184,8649,8684,61,-43,39.7470,13.1250,262.3,61.1
15,212,11539,7245,7347,40,-67,39.7390,13.1113,271.9,39.6
30,212,6481,6013,6204,23,-88,39.7327,13.0990,297.4,22.0
50,212,1844,4951,5249,13,-106,39.7277,13.0881,318.4,12.8
5,213,17145,8680,8715,61,-42,39.7471,13.1254,262.4,61.0
5,214,17107,8710,8746,61,-42,39.7471,13.1258,262.5,60.8
15,214,11416,7283,7387,40,-67,39.7390,13.1118,272.1,39.1
30,214,6320,6029,6223,22,-88,39.7326,13.0992,298.4,21.5
50,214,1651,4956,5258,13,-106,39.7276,13.0882,317.5,12.5
5,215,17068,8741,8777,61,-42,39.7471,13.1261,262.5,60.7
5,216,17029,8772,8808,61,-42,39.7472,13.1265,262.6,60.5
15,216,11294,7321,7426,39,-67,39.7390,13.1123,272.3,38.7
30,216,6160,6044,6242,22,-88,39.7325,13.0994,299.3,21.0
50,216,1458,4961,5266,13,-106,39.7275,13.0883,316.7,12.2
5,217,16991,8802,8839,61,-42,39.7472,13.1269,262.7,60.4
5,218,16952,8832,8870,60,-42,39.7472,13.1272,262.7,60.3
15,218,11172,7358,7466,39,-67,39.7390,13.1127,272.5,38.3
30,218,6000,6059,6260,21,-88,39.7324,13.0997,300.3,20.5
50,218,1266,4966,5275,12,-105,39.7274,13.0884,315.8,11.9
5,219,16913,8863,8901,60,-42,39.7473,13.1276,262.8,60.1
5,220,16875,8893,8932,60,-42,39.7473,13.1279,262.9,60.0
15,220,11049,7394,7504,38,-67,39.7390,13.1132,272.7,37.8
30,220,5841,6073,6278,21,-87,39.7323,13.0999,301.3,20.0
50,220,1074,4971,5284,12,-105,39.7274,13.0885,315.0,11.5
5,221,16836,8923,8962,60,-42,39.7473,13.1283,262.9,59.8
5,222,16798,8953,8993,60,-42,39.7474,13.1287,263.0,59.7
15,222,10928,7431,7542,38,-67,39.7390,13.1137,272.9,37.4
30,222,5682,6086,6295,20,-87,39.7323,13.1001,302.2,19.5
50,222,882,4977,5292,12,-105,39.7273,13.0886,314.2,11.2
5,223,16759,8983,9023,60,-42,39.7474,13.1290,263.1,59.5
5,224,16721,9013,9054,60,-42,39.7474,13.1294,263.1,59.4
15,224,10806,7466,7580,37,-67,39.7390,13.1141,273.1,37.0
30,224,5523,6099,6312,20,-87,39.7322,13.1003,303.1,19.1
50,224,691,4982,5301,11,-105,39.7272,13.0887,313.4,10.9
5,225,16682,9043,9084,59,-42,39.7475,13.1297,263.2,59.2
5,226,16644,9073,9115,59,-42,39.7475,13.1301,263.3,59.1
15,226,10684,7502,7617,37,-67,39.7389,13.1145,273.3,36.6
30,226,5365,6111,6328,19,-87,39.7321,13.1005,304.0,18.6
50,226,501,4987,5309,11,-104,39.7271,13.0888,312.6,10.6
5,227,16606,9103,9145,59,-42,39.7475,13.1304,263.3,58.9
5,228,16567,9132,9175,59,-42,39.7476,13.1308,263.4,58.8
15,228,10563,7537,7654,37,-66,39.7389,13.1150,273.5,36.1
30,228,5207,6123,6343,19,-87,39.7320,13.1007,304.9,18.2
50,228,311,4992,5317,11,-104,39.7271,13.0889,311.6,10.0
5,229,16529,9162,9205,59,-42,39.7476,13.1311,263.5,58.7
5,230,16490,9191,9235,59,-42,39.7476,13.1315,263.5,58.5
15,230,10442,7571,7691,36,-66,39.7389,13.1154,273.7,35.7
30,230,5049,6134,6358,18,-86,39.7319,13.1009,305.7,17.8
50,230,121,4997,5325,10,-104,39.7270,13.0890,311.1,8.9
5,231,16452,9221,9265,59,-42,39.7477,13.1318,263.6,58.4
5,232,16414,9250,9295,58,-42,39.7477,13.1322,263.7,58.2
15,232,10321,7605,7727,36,-66,39.7389,13.1159,274.4,35.2
30,232,4892,6145,6372,18,-86,39.7318,13.1010,306.0,17.4
5,233,16376,9279,9324,58,-42,39.7477,13.1325,263.7,58.1
5,234,16337,9308,9354,58,-42,39.7478,13.1329,263.8,57.9
15,234,10201,7638,7762,35,-66,39.7389,13.1163,275.1,34.6
30,234,4735,6156,6386,18,-86,39.7317,13.1012,305.6,17.2
5,235,16299,9337,9384,58,-42,39.7478,13.1332,263.9,57.8
5,236,16261,9366,9413,58,-42,39.7478,13.1336,263.9,57.7
15,236,10081,7671,7797,35,-66,39.7388,13.1167,275.8,34.1
30,236,4579,6166,6400,17,-86,39.7316,13.1014,304.8,16.9
5,237,16223,9395,9443,58,-42,39.7478,13.1339,264.0,57.5
15,238,9960,7703,7831,34,-66,39.7388,13.1171,276.4,33.7
30,238,4423,6176,6414,17,-85,39.7315,13.1015,304.0,16.7
15,240,9841,7734,7865,34,-66,39.7388,13.1175,277.0,33.3
30,240,4267,6186,6427,17,-85,39.7314,13.1017,303.2,16.4
15,242,9721,7765,7898,33,-66,39.7387,13.1179,277.6,32.9
30,242,4112,6196,6441,16,-85,39.7313,13.1019,302.5,16.2
15,244,9601,7795,7930,33,-65,39.7387,13.1183,278.3,32.5
30,244,3957,6206,6454,16,-85,39.7312,13.1020,302.7,15.9
15,246,9482,7825,7962,32,-65,39.7386,13.1187,278.9,32.1
30,246,3803,6217,6468,16,-85,39.7312,13.1022,303.5,15.7
15,248,9363,7854,7994,32,-65,39.7386,13.1191,279.6,31.7
30,248,3648,6226,6481,16,-84,39.7311,13.1024,304.6,15.5
15,250,9244,7883,8025,32,-65,39.7386,13.1195,280.3,31.3
30,250,3495,6236,6493,16,-84,39.7310,13.1025,305.9,15.2
15,252,9126,7911,8056,31,-65,39.7385,13.1198,281.0,30.9
30,252,3341,6245,6506,15,-84,39.7309,13.1027,307.4,15.0
15,254,9008,7939,8086,31,-65,39.7384,13.1202,281.7,30.5
30,254,3188,6254,6518,15,-84,39.7308,13.1028,309.1,14.8
15,256,8890,7966,8116,30,-65,39.7384,13.1206,282.5,30.1
30,256,3035,6262,6529,15,-84,39.7307,13.1030,310.9,14.6
15,258,8772,7992,8145,30,-65,39.7383,13.1209,283.2,29.7
30,258,2883,6270,6541,15,-83,39.7307,13.1031,312.6,14.4
15,260,8654,8018,8173,30,-64,39.7383,13.1213,283.9,29.3
30,260,2731,6277,6551,14,-83,39.7306,13.1032,314.3,14.2
15,262,8537,8044,8202,29,-64,39.7382,13.1216,284.6,28.9
30,262,2580,6284,6561,14,-83,39.7305,13.1034,315.8,14.0
15,264,8420,8068,8229,29,-64,39.7381,13.1219,285.3,28.5
30,264,2428,6290,6571,14,-83,39.7304,13.1035,317.1,13.8
15,266,8303,8093,8256,28,-64,39.7381,13.1223,286.0,28.1
30,266,2277,6296,6581,14,-83,39.7303,13.1036,318.2,13.6
15,268,8186,8116,8283,28,-64,39.7380,13.1226,286.7,27.7
30,268,2127,6302,6590,14,-83,39.7302,13.1037,318.9,13.3
15,270,8069,8140,8309,28,-64,39.7379,13.1229,287.5,27.3
30,270,1977,6307,6599,13,-82,39.7301,13.1038,319.0,13.1
15,272,7953,8162,8335,27,-64,39.7379,13.1232,288.2,26.9
30,272,1827,6312,6607,13,-82,39.7300,13.1039,318.4,12.8
15,274,7837,8184,8360,27,-64,39.7378,13.1236,288.9,26.5
30,274,1677,6317,6616,13,-82,39.7299,13.1040,317.7,12.6
15,276,7721,8206,8384,26,-64,39.7377,13.1239,289.7,26.1
30,276,1528,6322,6624,13,-82,39.7298,13.1041,317.0,12.3
15,278,7605,8227,8408,26,-63,39.7376,13.1242,290.4,25.7
30,278,1379,6327,6632,12,-82,39.7298,13.1042,316.4,12.1
15,280,7490,8247,8432,26,-63,39.7375,13.1244,291.1,25.3
30,280,1230,6332,6641,12,-82,39.7297,13.1043,315.7,11.8
15,282,7375,8267,8455,25,-63,39.7375,13.1247,291.8,25.0
30,282,1081,6337,6649,12,-81,39.7296,13.1044,315.1,11.6
15,284,7260,8287,8477,25,-63,39.7374,13.1250,292.5,24.6
30,284,933,6342,6657,12,-81,39.7295,13.1045,314.5,11.3
15,286,7145,8306,8500,25,-63,39.7373,13.1253,293.3,24.2
30,286,785,6347,6665,11,-81,39.7294,13.1046,313.9,11.1
15,288,7030,8324,8521,24,-63,39.7372,13.1256,294.0,23.8
30,288,638,6352,6673,11,-81,39.7294,13.1047,313.3,10.8
15,290,6916,8342,8542,24,-63,39.7371,13.1258,294.7,23.4
30,290,490,6357,6681,11,-81,39.7293,13.1048,312.7,10.6
15,292,6801,8360,8563,23,-63,39.7370,13.1261,295.4,23.1
30,292,343,6362,6689,11,-81,39.7292,13.1049,311.9,10.2
15,294,6687,8377,8583,23,-63,39.7369,13.1263,296.1,22.7
30,294,196,6367,6697,10,-80,39.7292,13.1050,311.4,9.3
15,296,6573,8393,8603,23,-62,39.7368,13.1266,296.8,22.3
30,296,50,6372,6704,9,-80,39.7291,13.1051,311.1,8.5
15,298,6460,8409,8622,22,-62,39.7367,13.1268,297.5,22.0
15,300,6346,8425,8641,22,-62,39.7366,13.1271,298.2,21.6
15,302,6233,8440,8660,22,-62,39.7365,13.1273,298.9,21.3
15,304,6120,8454,8678,21,-62,39.7365,13.1275,299.6,20.9
15,306,6007,8469,8695,21,-62,39.7364,13.1277,300.3,20.6
15,308,5894,8482,8712,21,-62,39.7363,13.1280,301.0,20.2
15,310,5782,8496,8729,20,-62,39.7362,13.1282,301.6,19.9
15,312,5669,8509,8745,20,-62,39.7361,13.1284,302.3,19.6
15,314,5557,8521,8761,20,-61,39.7360,13.1286,302.9,19.2
15,316,5445,8534,8777,19,-61,39.7359,13.1288,303.6,18.9
15,318,5334,8545,8792,19,-61,39.7358,13.1290,304.2,18.6
15,320,5222,8557,8807,19,-61,39.7357,13.1291,304.8,18.3
15,322,5111,8568,8821,18,-61,39.7356,13.1293,305.4,18.0
15,324,5000,8579,8835,18,-61,39.7355,13.1295,306.0,17.7
15,326,4889,8589,8849,18,-61,39.7354,13.1297,306.0,17.5
15,328,4778,8599,8862,17,-61,39.7353,13.1298,305.7,17.3
15,330,4667,8609,8876,17,-61,39.7352,13.1300,305.3,17.1
15,332,4557,8620,8889,17,-61,39.7351,13.1302,304.7,16.9
15,334,4447,8630,8902,17,-60,39.7350,13.1304,304.2,16.8
15,336,4337,8640,8916,17,-60,39.7349,13.1305,303.6,16.6
15,338,4227,8650,8929,17,-60,39.7349,13.1307,303.1,16.4
15,340,4117,8660,8942,16,-60,39.7348,13.1309,302.6,16.2
15,342,4008,8671,8956,16,-60,39.7347,13.1310,302.6,16.1
15,344,3898,8681,8969,16,-60,39.7346,13.1312,303.0,15.9
15,346,3789,8691,8982,16,-60,39.7345,13.1313,303.6,15.7
15,348,3680,8700,8994,16,-60,39.7344,13.1315,304.4,15.6
15,350,3571,8710,9007,16,-60,39.7344,13.1317,305.3,15.4
15,352,3463,8719,9019,15,-60,39.7343,13.1318,306.2,15.3
15,354,3354,8728,9031,15,-59,39.7342,13.1320,307.3,15.1
15,356,3246,8737,9043,15,-59,39.7341,13.1321,308.5,15.0
15,358,3138,8745,9054,15,-59,39.7340,13.1322,309.8,14.8
15,360,3030,8753,9065,15,-59,39.7339,13.1324,311.0,14.7
15,362,2923,8760,9076,15,-59,39.7339,13.1325,312.2,14.5
15,364,2815,8768,9086,15,-59,39.7338,13.1327,313.4,14.4
15,366,2708,8774,9096,14,-59,39.7337,13.1328,314.6,14.3
15,368,2601,8781,9106,14,-59,39.7336,13.1329,315.6,14.1
15,370,2494,8787,9115,14,-59,39.7335,13.1330,316.6,13.9
15,372,2387,8793,9125,14,-59,39.7334,13.1331,317.5,13.8
15,374,2280,8799,9133,14,-58,39.7333,13.1333,318.2,13.6
15,376,2174,8804,9142,14,-58,39.7332,13.1334,318.8,13.4
15,378,2068,8809,9151,13,-58,39.7331,13.1335,319.2,13.3
15,380,1962,8814,9159,13,-58,39.7330,13.1336,319.0,13.1
15,382,1856,8819,9167,13,-58,39.7329,13.1337,318.6,12.9
15,384,1750,8824,9175,13,-58,39.7328,13.1338,318.1,12.7
15,386,1644,8829,9183,13,-58,39.7327,13.1339,317.7,12.6
15,388,1539,8834,9191,13,-58,39.7327,13.1340,317.2,12.4
15,390,1433,8839,9199,12,-58,39.7326,13.1341,316.7,12.2
15,392,1328,8844,9208,12,-58,39.7325,13.1342,316.3,12.0
15,394,1223,8849,9216,12,-58,39.7324,13.1343,315.8,11.8
15,396,1118,8854,9224,12,-58,39.7323,13.1344,315.4,11.7
15,398,1013,8859,9231,12,-57,39.7323,13.1345,314.9,11.5
15,400,908,8864,9239,11,-57,39.7322,13.1346,314.5,11.3
15,402,804,8869,9247,11,-57,39.7321,13.1347,314.1,11.1
15,404,699,8874,9255,11,-57,39.7320,13.1348,313.7,11.0
15,406,595,8880,9263,11,-57,39.7320,13.1349,313.3,10.8
15,408,491,8885,9270,11,-57,39.7319,13.1350,312.8,10.6
15,410,387,8890,9278,11,-57,39.7318,13.1351,312.3,10.5
15,412,283,8895,9286,10,-57,39.7318,13.1352,311.8,9.8
15,414,179,8900,9293,10,-57,39.7317,13.1352,311.6,9.2
15,416,76,8904,9300,9,-57,39.7316,13.1353,311.4,8.6
