lat,lon
35.0000,5.8986
35.0000,6.1014
null,null
34.9165,6.0000
35.0835,6.0000
null,null
35.0000,6.3986
35.0000,6.6014
null,null
34.9165,6.5000
35.0835,6.5000
null,null
35.0000,6.8986
35.0000,7.1014
null,null
34.9165,7.0000
35.0835,7.0000
null,null
35.0000,7.3986
35.0000,7.6014
null,null
34.9165,7.5000
35.0835,7.5000
null,null
35.0000,7.8986
35.0000,8.1014
null,null
34.9165,8.0000
35.0835,8.0000
null,null
35.0000,8.3986
35.0000,8.6014
null,null
34.9165,8.5000
35.0835,8.5000
null,null
35.0000,8.8986
35.0000,9.1014
null,null
34.9165,9.0000
35.0835,9.0000
null,null
35.0000,9.3986
35.0000,9.6014
null,null
34.9165,9.5000
35.0835,9.5000
null,null
35.0000,9.8986
35.0000,10.1014
null,null
34.9165,10.0000
35.0835,10.0000
null,null
35.0000,10.3986
35.0000,10.6014
null,null
34.9165,10.5000
35.0835,10.5000
null,null
35.0000,10.8986
35.0000,11.1014
null,null
34.9165,11.0000
35.0835,11.0000
null,null
35.0000,11.3986
35.0000,11.6014
null,null
34.9165,11.5000
35.0835,11.5000
null,null
35.0000,11.8986
35.0000,12.1014
null,null
34.9165,12.0000
35.0835,12.0000
null,null
35.0000,12.3986
35.0000,12.6014
null,null
34.9165,12.5000
35.0835,12.5000
null,null
35.0000,12.8986
35.0000,13.1014
null,null
34.9165,13.0000
35.0835,13.0000
null,null
35.0000,13.3986
35.0000,13.6014
null,null
34.9165,13.5000
35.0835,13.5000
null,null
35.0000,13.8986
35.0000,14.1014
null,null
34.9165,14.0000
35.0835,14.0000
null,null
35.0000,14.3986
35.0000,14.6014
null,null
34.9165,14.5000
35.0835,14.5000
null,null
35.0000,14.8986
35.0000,15.1014
null,null
34.9165,15.0000
35.0835,15.0000
null,null
35.0000,15.3986
35.0000,15.6014
null,null
34.9165,15.5000
35.0835,15.5000
null,null
35.0000,15.8986
35.0000,16.1014
null,null
34.9165,16.0000
35.0835,16.0000
null,null
35.0000,16.3986
35.0000,16.6014
null,null
34.9165,16.5000
35.0835,16.5000
null,null
35.0000,16.8986
35.0000,17.1014
null,null
34.9165,17.0000
35.0835,17.0000
null,null
35.0000,17.3986
35.0000,17.6014
null,null
34.9165,17.5000
35.0835,17.5000
null,null
35.0000,17.8986
35.0000,18.1014
null,null
34.9165,18.0000
35.0835,18.0000
null,null
35.0000,18.3986
35.0000,18.6014
null,null
34.9165,18.5000
35.0835,18.5000
null,null
35.0000,18.8986
35.0000,19.1014
null,null
34.9165,19.0000
35.0835,19.0000
null,null
35.5000,5.8979
35.5000,6.1021
null,null
35.4165,6.0000
35.5835,6.0000
null,null
35.5000,6.3979
35.5000,6.6021
null,null
35.4165,6.5000
35.5835,6.5000
null,null
35.5000,6.8979
35.5000,7.1021
null,null
35.4165,7.0000
35.5835,7.0000
null,null
35.5000,7.3979
35.5000,7.6021
null,null
35.4165,7.5000
35.5835,7.5000
null,null
35.5000,7.8979
35.5000,8.1021
null,null
35.4165,8.0000
35.5835,8.0000
null,null
35.5000,8.3979
35.5000,8.6021
null,null
35.4165,8.5000
35.5835,8.5000
null,null
35.5000,8.8979
35.5000,9.1021
null,null
35.4165,9.0000
35.5835,9.0000
null,null
35.5000,9.3979
35.5000,9.6021
null,null
35.4165,9.5000
35.5835,9.5000
null,null
35.5000,9.8979
35.5000,10.1021
null,null
35.4165,10.0000
35.5835,10.0000
null,null
35.5000,10.3979
35.5000,10.6021
null,null
35.4165,10.5000
35.5835,10.5000
null,null
35.5000,10.8979
35.5000,11.1021
null,null
35.4165,11.0000
35.5835,11.0000
null,null
35.5000,11.3979
35.5000,11.6021
null,null
35.4165,11.5000
35.5835,11.5000
null,null
35.5000,11.8979
35.5000,12.1021
null,null
35.4165,12.0000
35.5835,12.0000
null,null
35.5000,12.3979
35.5000,12.6021
null,null
35.4165,12.5000
35.5835,12.5000
null,null
35.5000,12.8979
35.5000,13.1021
null,null
35.4165,13.0000
35.5835,13.0000
null,null
35.5000,13.3979
35.5000,13.6021
null,null
35.4165,13.5000
35.5835,13.5000
null,null
35.5000,13.8979
35.5000,14.1021
null,null
35.4165,14.0000
35.5835,14.0000
null,null
35.5000,14.3979
35.5000,14.6021
null,null
35.4165,14.5000
35.5835,14.5000
null,null
35.5000,14.8979
35.5000,15.1021
null,null
35.4165,15.0000
35.5835,15.0000
null,null
35.5000,15.3979
35.5000,15.6021
null,null
35.4165,15.5000
35.5835,15.5000
null,null
35.5000,15.8979
35.5000,16.1021
null,null
35.4165,16.0000
35.5835,16.0000
null,null
35.5000,16.3979
35.5000,16.6021
null,null
35.4165,16.5000
35.5835,16.5000
null,null
35.5000,16.8979
35.5000,17.1021
null,null
35.4165,17.0000
35.5835,17.0000
null,null
35.5000,17.3979
35.5000,17.6021
null,null
35.4165,17.5000
35.5835,17.5000
null,null
35.5000,17.8979
35.5000,18.1021
null,null
35.4165,18.0000
35.5835,18.0000
null,null
35.5000,18.3979
35.5000,18.6021
null,null
35.4165,18.5000
35.5835,18.5000
null,null
35.5000,18.8979
35.5000,19.1021
null,null
35.4165,19.0000
35.5835,19.0000
null,null
36.0000,5.8973
36.0000,6.1027
null,null
35.9165,6.0000
36.0835,6.0000
null,null
36.0000,6.3973
36.0000,6.6027
null,null
35.9165,6.5000
36.0835,6.5000
null,null
36.0000,6.8973
36.0000,7.1027
null,null
35.9165,7.0000
36.0835,7.0000
null,null
36.0000,7.3973
36.0000,7.6027
null,null
35.9165,7.5000
36.0835,7.5000
null,null
36.0000,7.8973
36.0000,8.1027
null,null
35.9165,8.0000
36.0835,8.0000
null,null
36.0000,8.3973
36.0000,8.6027
null,null
35.9165,8.5000
36.0835,8.5000
null,null
36.0000,8.8973
36.0000,9.1027
null,null
35.9165,9.0000
36.0835,9.0000
null,null
36.0000,9.3973
36.0000,9.6027
null,null
35.9165,9.5000
36.0835,9.5000
null,null
36.0000,9.8973
36.0000,10.1027
null,null
35.9165,10.0000
36.0835,10.0000
null,null
36.0000,10.3973
36.0000,10.6027
null,null
35.9165,10.5000
36.0835,10.5000
null,null
36.0000,10.8973
36.0000,11.1027
null,null
35.9165,11.0000
36.0835,11.0000
null,null
36.0000,11.3973
36.0000,11.6027
null,null
35.9165,11.5000
36.0835,11.5000
null,null
36.0000,11.8973
36.0000,12.1027
null,null
35.9165,12.0000
36.0835,12.0000
null,null
36.0000,12.3973
36.0000,12.6027
null,null
35.9165,12.5000
36.0835,12.5000
null,null
36.0000,12.8973
36.0000,13.1027
null,null
35.9165,13.0000
36.0835,13.0000
null,null
36.0000,13.3973
36.0000,13.6027
null,null
35.9165,13.5000
36.0835,13.5000
null,null
36.0000,13.8973
36.0000,14.1027
null,null
35.9165,14.0000
36.0835,14.0000
null,null
36.0000,14.3973
36.0000,14.6027
null,null
35.9165,14.5000
36.0835,14.5000
null,null
36.0000,14.8973
36.0000,15.1027
null,null
35.9165,15.0000
36.0835,15.0000
null,null
36.0000,15.3973
36.0000,15.6027
null,null
35.9165,15.5000
36.0835,15.5000
null,null
36.0000,15.8973
36.0000,16.1027
null,null
35.9165,16.0000
36.0835,16.0000
null,null
36.0000,16.3973
36.0000,16.6027
null,null
35.9165,16.5000
36.0835,16.5000
null,null
36.0000,16.8973
36.0000,17.1027
null,null
35.9165,17.0000
36.0835,17.0000
null,null
36.0000,17.3973
36.0000,17.6027
null,null
35.9165,17.5000
36.0835,17.5000
null,null
36.0000,17.8973
36.0000,18.1027
null,null
35.9165,18.0000
36.0835,18.0000
null,null
36.0000,18.3973
36.0000,18.6027
null,null
35.9165,18.5000
36.0835,18.5000
null,null
36.0000,18.8973
36.0000,19.1027
null,null
35.9165,19.0000
36.0835,19.0000
null,null
36.5000,5.8966
36.5000,6.1034
null,null
36.4166,6.0000
36.5834,6.0000
null,null
36.5000,6.3966
36.5000,6.6034
null,null
36.4166,6.5000
36.5834,6.5000
null,null
36.5000,6.8966
36.5000,7.1034
null,null
36.4166,7.0000
36.5834,7.0000
null,null
36.5000,7.3966
36.5000,7.6034
null,null
36.4166,7.5000
36.5834,7.5000
null,null
36.5000,7.8966
36.5000,8.1034
null,null
36.4166,8.0000
36.5834,8.0000
null,null
36.5000,8.3966
36.5000,8.6034
null,null
36.4166,8.5000
36.5834,8.5000
null,null
36.5000,8.8966
36.5000,9.1034
null,null
36.4166,9.0000
36.5834,9.0000
null,null
36.5000,9.3966
36.5000,9.6034
null,null
36.4166,9.5000
36.5834,9.5000
null,null
36.5000,9.8966
36.5000,10.1034
null,null
36.4166,10.0000
36.5834,10.0000
null,null
36.5000,10.3966
36.5000,10.6034
null,null
36.4166,10.5000
36.5834,10.5000
null,null
36.5000,10.8966
36.5000,11.1034
null,null
36.4166,11.0000
36.5834,11.0000
null,null
36.5000,11.3966
36.5000,11.6034
null,null
36.4166,11.5000
36.5834,11.5000
null,null
36.5000,11.8966
36.5000,12.1034
null,null
36.4166,12.0000
36.5834,12.0000
null,null
36.5000,12.3966
36.5000,12.6034
null,null
36.4166,12.5000
36.5834,12.5000
null,null
36.5000,12.8966
36.5000,13.1034
null,null
36.4166,13.0000
36.5834,13.0000
null,null
36.5000,13.3966
36.5000,13.6034
null,null
36.4166,13.5000
36.5834,13.5000
null,null
36.5000,13.8966
36.5000,14.1034
null,null
36.4166,14.0000
36.5834,14.0000
null,null
36.5000,14.3966
36.5000,14.6034
null,null
36.4166,14.5000
36.5834,14.5000
null,null
36.5000,14.8966
36.5000,15.1034
null,null
36.4166,15.0000
36.5834,15.0000
null,null
36.5000,15.3966
36.5000,15.6034
null,null
36.4166,15.5000
36.5834,15.5000
null,null
36.5000,15.8966
36.5000,16.1034
null,null
36.4166,16.0000
36.5834,16.0000
null,null
36.5000,16.3966
36.5000,16.6034
null,null
36.4166,16.5000
36.5834,16.5000
null,null
36.5000,16.8966
36.5000,17.1034
null,null
36.4166,17.0000
36.5834,17.0000
null,null
36.5000,17.3966
36.5000,17.6034
null,null
36.4166,17.5000
36.5834,17.5000
null,null
36.5000,17.8966
36.5000,18.1034
null,null
36.4166,18.0000
36.5834,18.0000
null,null
36.5000,18.3966
36.5000,18.6034
null,null
36.4166,18.5000
36.5834,18.5000
null,null
36.5000,18.8966
36.5000,19.1034
null,null
36.4166,19.0000
36.5834,19.0000
null,null
37.0000,5.8960
37.0000,6.1040
null,null
36.9166,6.0000
37.0834,6.0000
null,null
37.0000,6.3960
37.0000,6.6040
null,null
36.9166,6.5000
37.0834,6.5000
null,null
37.0000,6.8960
37.0000,7.1040
null,null
36.9166,7.0000
37.0834,7.0000
null,null
37.0000,7.3960
37.0000,7.6040
null,null
36.9166,7.5000
37.0834,7.5000
null,null
37.0000,7.8960
37.0000,8.1040
null,null
36.9166,8.0000
37.0834,8.0000
null,null
37.0000,8.3960
37.0000,8.6040
null,null
36.9166,8.5000
37.0834,8.5000
null,null
37.0000,8.8960
37.0000,9.1040
null,null
36.9166,9.0000
37.0834,9.0000
null,null
37.0000,9.3960
37.0000,9.6040
null,null
36.9166,9.5000
37.0834,9.5000
null,null
37.0000,9.8960
37.0000,10.1040
null,null
36.9166,10.0000
37.0834,10.0000
null,null
37.0000,10.3960
37.0000,10.6040
null,null
36.9166,10.5000
37.0834,10.5000
null,null
37.0000,10.8960
37.0000,11.1040
null,null
36.9166,11.0000
37.0834,11.0000
null,null
37.0000,11.3960
37.0000,11.6040
null,null
36.9166,11.5000
37.0834,11.5000
null,null
37.0000,11.8960
37.0000,12.1040
null,null
36.9166,12.0000
37.0834,12.0000
null,null
37.0000,12.3960
37.0000,12.6040
null,null
36.9166,12.5000
37.0834,12.5000
null,null
37.0000,12.8960
37.0000,13.1040
null,null
36.9166,13.0000
37.0834,13.0000
null,null
37.0000,13.3960
37.0000,13.6040
null,null
36.9166,13.5000
37.0834,13.5000
null,null
37.0000,13.8960
37.0000,14.1040
null,null
36.9166,14.0000
37.0834,14.0000
null,null
37.0000,14.3960
37.0000,14.6040
null,null
36.9166,14.5000
37.0834,14.5000
null,null
37.0000,14.8960
37.0000,15.1040
null,null
36.9166,15.0000
37.0834,15.0000
null,null
37.0000,15.3960
37.0000,15.6040
null,null
36.9166,15.5000
37.0834,15.5000
null,null
37.0000,15.8960
37.0000,16.1040
null,null
36.9166,16.0000
37.0834,16.0000
null,null
37.0000,16.3960
37.0000,16.6040
null,null
36.9166,16.5000
37.0834,16.5000
null,null
37.0000,16.8960
37.0000,17.1040
null,null
36.9166,17.0000
37.0834,17.0000
null,null
37.0000,17.3960
37.0000,17.6040
null,null
36.9166,17.5000
37.0834,17.5000
null,null
37.0000,17.8960
37.0000,18.1040
null,null
36.9166,18.0000
37.0834,18.0000
null,null
37.0000,18.3960
37.0000,18.6040
null,null
36.9166,18.5000
37.0834,18.5000
null,null
37.0000,18.8960
37.0000,19.1040
null,null
36.9166,19.0000
37.0834,19.0000
null,null
37.5000,5.8953
37.5000,6.1047
null,null
37.4166,6.0000
37.5834,6.0000
null,null
37.5000,6.3953
37.5000,6.6047
null,null
37.4166,6.5000
37.5834,6.5000
null,null
37.5000,6.8953
37.5000,7.1047
null,null
37.4166,7.0000
37.5834,7.0000
null,null
37.5000,7.3953
37.5000,7.6047
null,null
37.4166,7.5000
37.5834,7.5000
null,null
37.5000,7.8953
37.5000,8.1047
null,null
37.4166,8.0000
37.5834,8.0000
null,null
37.5000,8.3953
37.5000,8.6047
null,null
37.4166,8.5000
37.5834,8.5000
null,null
37.5000,8.8953
37.5000,9.1047
null,null
37.4166,9.0000
37.5834,9.0000
null,null
37.5000,9.3953
37.5000,9.6047
null,null
37.4166,9.5000
37.5834,9.5000
null,null
37.5000,9.8953
37.5000,10.1047
null,null
37.4166,10.0000
37.5834,10.0000
null,null
37.5000,10.3953
37.5000,10.6047
null,null
37.4166,10.5000
37.5834,10.5000
null,null
37.5000,10.8953
37.5000,11.1047
null,null
37.4166,11.0000
37.5834,11.0000
null,null
37.5000,11.3953
37.5000,11.6047
null,null
37.4166,11.5000
37.5834,11.5000
null,null
37.5000,11.8953
37.5000,12.1047
null,null
37.4166,12.0000
37.5834,12.0000
null,null
37.5000,12.3953
37.5000,12.6047
null,null
37.4166,12.5000
37.5834,12.5000
null,null
37.5000,12.8953
37.5000,13.1047
null,null
37.4166,13.0000
37.5834,13.0000
null,null
37.5000,13.3953
37.5000,13.6047
null,null
37.4166,13.5000
37.5834,13.5000
null,null
37.5000,13.8953
37.5000,14.1047
null,null
37.4166,14.0000
37.5834,14.0000
null,null
37.5000,14.3953
37.5000,14.6047
null,null
37.4166,14.5000
37.5834,14.5000
null,null
37.5000,14.8953
37.5000,15.1047
null,null
37.4166,15.0000
37.5834,15.0000
null,null
37.5000,15.3953
37.5000,15.6047
null,null
37.4166,15.5000
37.5834,15.5000
null,null
37.5000,15.8953
37.5000,16.1047
null,null
37.4166,16.0000
37.5834,16.0000
null,null
37.5000,16.3953
37.5000,16.6047
null,null
37.4166,16.5000
37.5834,16.5000
null,null
37.5000,16.8953
37.5000,17.1047
null,null
37.4166,17.0000
37.5834,17.0000
null,null
37.5000,17.3953
37.5000,17.6047
null,null
37.4166,17.5000
37.5834,17.5000
null,null
37.5000,17.8953
37.5000,18.1047
null,null
37.4166,18.0000
37.5834,18.0000
null,null
37.5000,18.3953
37.5000,18.6047
null,null
37.4166,18.5000
37.5834,18.5000
null,null
37.5000,18.8953
37.5000,19.1047
null,null
37.4166,19.0000
37.5834,19.0000
null,null
38.0000,5.8946
38.0000,6.1054
null,null
37.9166,6.0000
38.0834,6.0000
null,null
38.0000,6.3946
38.0000,6.6054
null,null
37.9166,6.5000
38.0834,6.5000
null,null
38.0000,6.8946
38.0000,7.1054
null,null
37.9166,7.0000
38.0834,7.0000
null,null
38.0000,7.3946
38.0000,7.6054
null,null
37.9166,7.5000
38.0834,7.5000
null,null
38.0000,7.8946
38.0000,8.1054
null,null
37.9166,8.0000
38.0834,8.0000
null,null
38.0000,8.3946
38.0000,8.6054
null,null
37.9166,8.5000
38.0834,8.5000
null,null
38.0000,8.8946
38.0000,9.1054
null,null
37.9166,9.0000
38.0834,9.0000
null,null
38.0000,9.3946
38.0000,9.6054
null,null
37.9166,9.5000
38.0834,9.5000
null,null
38.0000,9.8946
38.0000,10.1054
null,null
37.9166,10.0000
38.0834,10.0000
null,null
38.0000,10.3946
38.0000,10.6054
null,null
37.9166,10.5000
38.0834,10.5000
null,null
38.0000,10.8946
38.0000,11.1054
null,null
37.9166,11.0000
38.0834,11.0000
null,null
38.0000,11.3946
38.0000,11.6054
null,null
37.9166,11.5000
38.0834,11.5000
null,null
38.0000,11.8946
38.0000,12.1054
null,null
37.9166,12.0000
38.0834,12.0000
null,null
38.0000,12.3946
38.0000,12.6054
null,null
37.9166,12.5000
38.0834,12.5000
null,null
38.0000,12.8946
38.0000,13.1054
null,null
37.9166,13.0000
38.0834,13.0000
null,null
38.0000,13.3946
38.0000,13.6054
null,null
37.9166,13.5000
38.0834,13.5000
null,null
38.0000,13.8946
38.0000,14.1054
null,null
37.9166,14.0000
38.0834,14.0000
null,null
38.0000,14.3946
38.0000,14.6054
null,null
37.9166,14.5000
38.0834,14.5000
null,null
38.0000,14.8946
38.0000,15.1054
null,null
37.9166,15.0000
38.0834,15.0000
null,null
38.0000,15.3946
38.0000,15.6054
null,null
37.9166,15.5000
38.0834,15.5000
null,null
38.0000,15.8946
38.0000,16.1054
null,null
37.9166,16.0000
38.0834,16.0000
null,null
38.0000,16.3946
38.0000,16.6054
null,null
37.9166,16.5000
38.0834,16.5000
null,null
38.0000,16.8946
38.0000,17.1054
null,null
37.9166,17.0000
38.0834,17.0000
null,null
38.0000,17.3946
38.0000,17.6054
null,null
37.9166,17.5000
38.0834,17.5000
null,null
38.0000,17.8946
38.0000,18.1054
null,null
37.9166,18.0000
38.0834,18.0000
null,null
38.0000,18.3946
38.0000,18.6054
null,null
37.9166,18.5000
38.0834,18.5000
null,null
38.0000,18.8946
38.0000,19.1054
null,null
37.9166,19.0000
38.0834,19.0000
null,null
38.5000,5.8938
38.5000,6.1062
null,null
38.4166,6.0000
38.5834,6.0000
null,null
38.5000,6.3938
38.5000,6.6062
null,null
38.4166,6.5000
38.5834,6.5000
null,null
38.5000,6.8938
38.5000,7.1062
null,null
38.4166,7.0000
38.5834,7.0000
null,null
38.5000,7.3938
38.5000,7.6062
null,null
38.4166,7.5000
38.5834,7.5000
null,null
38.5000,7.8938
38.5000,8.1062
null,null
38.4166,8.0000
38.5834,8.0000
null,null
38.5000,8.3938
38.5000,8.6062
null,null
38.4166,8.5000
38.5834,8.5000
null,null
38.5000,8.8938
38.5000,9.1062
null,null
38.4166,9.0000
38.5834,9.0000
null,null
38.5000,9.3938
38.5000,9.6062
null,null
38.4166,9.5000
38.5834,9.5000
null,null
38.5000,9.8938
38.5000,10.1062
null,null
38.4166,10.0000
38.5834,10.0000
null,null
38.5000,10.3938
38.5000,10.6062
null,null
38.4166,10.5000
38.5834,10.5000
null,null
38.5000,10.8938
38.5000,11.1062
null,null
38.4166,11.0000
38.5834,11.0000
null,null
38.5000,11.3938
38.5000,11.6062
null,null
38.4166,11.5000
38.5834,11.5000
null,null
38.5000,11.8938
38.5000,12.1062
null,null
38.4166,12.0000
38.5834,12.0000
null,null
38.5000,12.3938
38.5000,12.6062
null,null
38.4166,12.5000
38.5834,12.5000
null,null
38.5000,12.8938
38.5000,13.1062
null,null
38.4166,13.0000
38.5834,13.0000
null,null
38.5000,13.3938
38.5000,13.6062
null,null
38.4166,13.5000
38.5834,13.5000
null,null
38.5000,13.8938
38.5000,14.1062
null,null
38.4166,14.0000
38.5834,14.0000
null,null
38.5000,14.3938
38.5000,14.6062
null,null
38.4166,14.5000
38.5834,14.5000
null,null
38.5000,14.8938
38.5000,15.1062
null,null
38.4166,15.0000
38.5834,15.0000
null,null
38.5000,15.3938
38.5000,15.6062
null,null
38.4166,15.5000
38.5834,15.5000
null,null
38.5000,15.8938
38.5000,16.1062
null,null
38.4166,16.0000
38.5834,16.0000
null,null
38.5000,16.3938
38.5000,16.6062
null,null
38.4166,16.5000
38.5834,16.5000
null,null
38.5000,16.8938
38.5000,17.1062
null,null
38.4166,17.0000
38.5834,17.0000
null,null
38.5000,17.3938
38.5000,17.6062
null,null
38.4166,17.5000
38.5834,17.5000
null,null
38.5000,17.8938
38.5000,18.1062
null,null
38.4166,18.0000
38.5834,18.0000
null,null
38.5000,18.3938
38.5000,18.6062
null,null
38.4166,18.5000
38.5834,18.5000
null,null
38.5000,18.8938
38.5000,19.1062
null,null
38.4166,19.0000
38.5834,19.0000
null,null
39.0000,5.8931
39.0000,6.1069
null,null
38.9166,6.0000
39.0834,6.0000
null,null
39.0000,6.3931
39.0000,6.6069
null,null
38.9166,6.5000
39.0834,6.5000
null,null
39.0000,6.8931
39.0000,7.1069
null,null
38.9166,7.0000
39.0834,7.0000
null,null
39.0000,7.3931
39.0000,7.6069
null,null
38.9166,7.5000
39.0834,7.5000
null,null
39.0000,7.8931
39.0000,8.1069
null,null
38.9166,8.0000
39.0834,8.0000
null,null
39.0000,8.3931
39.0000,8.6069
null,null
38.9166,8.5000
39.0834,8.5000
null,null
39.0000,8.8931
39.0000,9.1069
null,null
38.9166,9.0000
39.0834,9.0000
null,null
39.0000,9.3931
39.0000,9.6069
null,null
38.9166,9.5000
39.0834,9.5000
null,null
39.0000,9.8931
39.0000,10.1069
null,null
38.9166,10.0000
39.0834,10.0000
null,null
39.0000,10.3931
39.0000,10.6069
null,null
38.9166,10.5000
39.0834,10.5000
null,null
39.0000,10.8931
39.0000,11.1069
null,null
38.9166,11.0000
39.0834,11.0000
null,null
39.0000,11.3931
39.0000,11.6069
null,null
38.9166,11.5000
39.0834,11.5000
null,null
39.0000,11.8931
39.0000,12.1069
null,null
38.9166,12.0000
39.0834,12.0000
null,null
39.0000,12.3931
39.0000,12.6069
null,null
38.9166,12.5000
39.0834,12.5000
null,null
39.0000,12.8931
39.0000,13.1069
null,null
38.9166,13.0000
39.0834,13.0000
null,null
39.0000,13.3931
39.0000,13.6069
null,null
38.9166,13.5000
39.0834,13.5000
null,null
39.0000,13.8931
39.0000,14.1069
null,null
38.9166,14.0000
39.0834,14.0000
null,null
39.0000,14.3931
39.0000,14.6069
null,null
38.9166,14.5000
39.0834,14.5000
null,null
39.0000,14.8931
39.0000,15.1069
null,null
38.9166,15.0000
39.0834,15.0000
null,null
39.0000,15.3931
39.0000,15.6069
null,null
38.9166,15.5000
39.0834,15.5000
null,null
39.0000,15.8931
39.0000,16.1069
null,null
38.9166,16.0000
39.0834,16.0000
null,null
39.0000,16.3931
39.0000,16.6069
null,null
38.9166,16.5000
39.0834,16.5000
null,null
39.0000,16.8931
39.0000,17.1069
null,null
38.9166,17.0000
39.0834,17.0000
null,null
39.0000,17.3931
39.0000,17.6069
null,null
38.9166,17.5000
39.0834,17.5000
null,null
39.0000,17.8931
39.0000,18.1069
null,null
38.9166,18.0000
39.0834,18.0000
null,null
39.0000,18.3931
39.0000,18.6069
null,null
38.9166,18.5000
39.0834,18.5000
null,null
39.0000,18.8931
39.0000,19.1069
null,null
38.9166,19.0000
39.0834,19.0000
null,null
39.5000,5.8923
39.5000,6.1077
null,null
39.4166,6.0000
39.5834,6.0000
null,null
39.5000,6.3923
39.5000,6.6077
null,null
39.4166,6.5000
39.5834,6.5000
null,null
39.5000,6.8923
39.5000,7.1077
null,null
39.4166,7.0000
39.5834,7.0000
null,null
39.5000,7.3923
39.5000,7.6077
null,null
39.4166,7.5000
39.5834,7.5000
null,null
39.5000,7.8923
39.5000,8.1077
null,null
39.4166,8.0000
39.5834,8.0000
null,null
39.5000,8.3923
39.5000,8.6077
null,null
39.4166,8.5000
39.5834,8.5000
null,null
39.5000,8.8923
39.5000,9.1077
null,null
39.4166,9.0000
39.5834,9.0000
null,null
39.5000,9.3923
39.5000,9.6077
null,null
39.4166,9.5000
39.5834,9.5000
null,null
39.5000,9.8923
39.5000,10.1077
null,null
39.4166,10.0000
39.5834,10.0000
null,null
39.5000,10.3923
39.5000,10.6077
null,null
39.4166,10.5000
39.5834,10.5000
null,null
39.5000,10.8923
39.5000,11.1077
null,null
39.4166,11.0000
39.5834,11.0000
null,null
39.5000,11.3923
39.5000,11.6077
null,null
39.4166,11.5000
39.5834,11.5000
null,null
39.5000,11.8923
39.5000,12.1077
null,null
39.4166,12.0000
39.5834,12.0000
null,null
39.5000,12.3923
39.5000,12.6077
null,null
39.4166,12.5000
39.5834,12.5000
null,null
39.5000,12.8923
39.5000,13.1077
null,null
39.4166,13.0000
39.5834,13.0000
null,null
39.5000,13.3923
39.5000,13.6077
null,null
39.4166,13.5000
39.5834,13.5000
null,null
39.5000,13.8923
39.5000,14.1077
null,null
39.4166,14.0000
39.5834,14.0000
null,null
39.5000,14.3923
39.5000,14.6077
null,null
39.4166,14.5000
39.5834,14.5000
null,null
39.5000,14.8923
39.5000,15.1077
null,null
39.4166,15.0000
39.5834,15.0000
null,null
39.5000,15.3923
39.5000,15.6077
null,null
39.4166,15.5000
39.5834,15.5000
null,null
39.5000,15.8923
39.5000,16.1077
null,null
39.4166,16.0000
39.5834,16.0000
null,null
39.5000,16.3923
39.5000,16.6077
null,null
39.4166,16.5000
39.5834,16.5000
null,null
39.5000,16.8923
39.5000,17.1077
null,null
39.4166,17.0000
39.5834,17.0000
null,null
39.5000,17.3923
39.5000,17.6077
null,null
39.4166,17.5000
39.5834,17.5000
null,null
39.5000,17.8923
39.5000,18.1077
null,null
39.4166,18.0000
39.5834,18.0000
null,null
39.5000,18.3923
39.5000,18.6077
null,null
39.4166,18.5000
39.5834,18.5000
null,null
39.5000,18.8923
39.5000,19.1077
null,null
39.4166,19.0000
39.5834,19.0000
null,null
39.9999,5.8916
39.9999,6.1084
null,null
39.9166,6.0000
40.0834,6.0000
null,null
39.9999,6.3916
39.9999,6.6084
null,null
39.9166,6.5000
40.0834,6.5000
null,null
39.9999,6.8916
39.9999,7.1084
null,null
39.9166,7.0000
40.0834,7.0000
null,null
39.9999,7.3916
39.9999,7.6084
null,null
39.9166,7.5000
40.0834,7.5000
null,null
39.9999,7.8916
39.9999,8.1084
null,null
39.9166,8.0000
40.0834,8.0000
null,null
39.9999,8.3916
39.9999,8.6084
null,null
39.9166,8.5000
40.0834,8.5000
null,null
39.9999,8.8916
39.9999,9.1084
null,null
39.9166,9.0000
40.0834,9.0000
null,null
39.9999,9.3916
39.9999,9.6084
null,null
39.9166,9.5000
40.0834,9.5000
null,null
39.9999,9.8916
39.9999,10.1084
null,null
39.9166,10.0000
40.0834,10.0000
null,null
39.9999,10.3916
39.9999,10.6084
null,null
39.9166,10.5000
40.0834,10.5000
null,null
39.9999,10.8916
39.9999,11.1084
null,null
39.9166,11.0000
40.0834,11.0000
null,null
39.9999,11.3916
39.9999,11.6084
null,null
39.9166,11.5000
40.0834,11.5000
null,null
39.9999,11.8916
39.9999,12.1084
null,null
39.9166,12.0000
40.0834,12.0000
null,null
39.9999,12.3916
39.9999,12.6084
null,null
39.9166,12.5000
40.0834,12.5000
null,null
39.9999,12.8916
39.9999,13.1084
null,null
39.9166,13.0000
40.0834,13.0000
null,null
39.9999,13.3916
39.9999,13.6084
null,null
39.9166,13.5000
40.0834,13.5000
null,null
39.9999,13.8916
39.9999,14.1084
null,null
39.9166,14.0000
40.0834,14.0000
null,null
39.9999,14.3916
39.9999,14.6084
null,null
39.9166,14.5000
40.0834,14.5000
null,null
39.9999,14.8916
39.9999,15.1084
null,null
39.9166,15.0000
40.0834,15.0000
null,null
39.9999,15.3916
39.9999,15.6084
null,null
39.9166,15.5000
40.0834,15.5000
null,null
39.9999,15.8916
39.9999,16.1084
null,null
39.9166,16.0000
40.0834,16.0000
null,null
39.9999,16.3916
39.9999,16.6084
null,null
39.9166,16.5000
40.0834,16.5000
null,null
39.9999,16.8916
39.9999,17.1084
null,null
39.9166,17.0000
40.0834,17.0000
null,null
39.9999,17.3916
39.9999,17.6084
null,null
39.9166,17.5000
40.0834,17.5000
null,null
39.9999,17.8916
39.9999,18.1084
null,null
39.9166,18.0000
40.0834,18.0000
null,null
39.9999,18.3916
39.9999,18.6084
null,null
39.9166,18.5000
40.0834,18.5000
null,null
39.9999,18.8916
39.9999,19.1084
null,null
39.9166,19.0000
40.0834,19.0000
null,null
40.4999,5.8908
40.4999,6.1092
null,null
40.4166,6.0000
40.5834,6.0000
null,null
40.4999,6.3908
40.4999,6.6092
null,null
40.4166,6.5000
40.5834,6.5000
null,null
40.4999,6.8908
40.4999,7.1092
null,null
40.4166,7.0000
40.5834,7.0000
null,null
40.4999,7.3908
40.4999,7.6092
null,null
40.4166,7.5000
40.5834,7.5000
null,null
40.4999,7.8908
40.4999,8.1092
null,null
40.4166,8.0000
40.5834,8.0000
null,null
40.4999,8.3908
40.4999,8.6092
null,null
40.4166,8.5000
40.5834,8.5000
null,null
40.4999,8.8908
40.4999,9.1092
null,null
40.4166,9.0000
40.5834,9.0000
null,null
40.4999,9.3908
40.4999,9.6092
null,null
40.4166,9.5000
40.5834,9.5000
null,null
40.4999,9.8908
40.4999,10.1092
null,null
40.4166,10.0000
40.5834,10.0000
null,null
40.4999,10.3908
40.4999,10.6092
null,null
40.4166,10.5000
40.5834,10.5000
null,null
40.4999,10.8908
40.4999,11.1092
null,null
40.4166,11.0000
40.5834,11.0000
null,null
40.4999,11.3908
40.4999,11.6092
null,null
40.4166,11.5000
40.5834,11.5000
null,null
40.4999,11.8908
40.4999,12.1092
null,null
40.4166,12.0000
40.5834,12.0000
null,null
40.4999,12.3908
40.4999,12.6092
null,null
40.4166,12.5000
40.5834,12.5000
null,null
40.4999,12.8908
40.4999,13.1092
null,null
40.4166,13.0000
40.5834,13.0000
null,null
40.4999,13.3908
40.4999,13.6092
null,null
40.4166,13.5000
40.5834,13.5000
null,null
40.4999,13.8908
40.4999,14.1092
null,null
40.4166,14.0000
40.5834,14.0000
null,null
40.4999,14.3908
40.4999,14.6092
null,null
40.4166,14.5000
40.5834,14.5000
null,null
40.4999,14.8908
40.4999,15.1092
null,null
40.4166,15.0000
40.5834,15.0000
null,null
40.4999,15.3908
40.4999,15.6092
null,null
40.4166,15.5000
40.5834,15.5000
null,null
40.4999,15.8908
40.4999,16.1092
null,null
40.4166,16.0000
40.5834,16.0000
null,null
40.4999,16.3908
40.4999,16.6092
null,null
40.4166,16.5000
40.5834,16.5000
null,null
40.4999,16.8908
40.4999,17.1092
null,null
40.4166,17.0000
40.5834,17.0000
null,null
40.4999,17.3908
40.4999,17.6092
null,null
40.4166,17.5000
40.5834,17.5000
null,null
40.4999,17.8908
40.4999,18.1092
null,null
40.4166,18.0000
40.5834,18.0000
null,null
40.4999,18.3908
40.4999,18.6092
null,null
40.4166,18.5000
40.5834,18.5000
null,null
40.4999,18.8908
40.4999,19.1092
null,null
40.4166,19.0000
40.5834,19.0000
null,null
40.9999,5.8899
40.9999,6.1101
null,null
40.9166,6.0000
41.0834,6.0000
null,null
40.9999,6.3899
40.9999,6.6101
null,null
40.9166,6.5000
41.0834,6.5000
null,null
40.9999,6.8899
40.9999,7.1101
null,null
40.9166,7.0000
41.0834,7.0000
null,null
40.9999,7.3899
40.9999,7.6101
null,null
40.9166,7.5000
41.0834,7.5000
null,null
40.9999,7.8899
40.9999,8.1101
null,null
40.9166,8.0000
41.0834,8.0000
null,null
40.9999,8.3899
40.9999,8.6101
null,null
40.9166,8.5000
41.0834,8.5000
null,null
40.9999,8.8899
40.9999,9.1101
null,null
40.9166,9.0000
41.0834,9.0000
null,null
40.9999,9.3899
40.9999,9.6101
null,null
40.9166,9.5000
41.0834,9.5000
null,null
40.9999,9.8899
40.9999,10.1101
null,null
40.9166,10.0000
41.0834,10.0000
null,null
40.9999,10.3899
40.9999,10.6101
null,null
40.9166,10.5000
41.0834,10.5000
null,null
40.9999,10.8899
40.9999,11.1101
null,null
40.9166,11.0000
41.0834,11.0000
null,null
40.9999,11.3899
40.9999,11.6101
null,null
40.9166,11.5000
41.0834,11.5000
null,null
40.9999,11.8899
40.9999,12.1101
null,null
40.9166,12.0000
41.0834,12.0000
null,null
40.9999,12.3899
40.9999,12.6101
null,null
40.9166,12.5000
41.0834,12.5000
null,null
40.9999,12.8899
40.9999,13.1101
null,null
40.9166,13.0000
41.0834,13.0000
null,null
40.9999,13.3899
40.9999,13.6101
null,null
40.9166,13.5000
41.0834,13.5000
null,null
40.9999,13.8899
40.9999,14.1101
null,null
40.9166,14.0000
41.0834,14.0000
null,null
40.9999,14.3899
40.9999,14.6101
null,null
40.9166,14.5000
41.0834,14.5000
null,null
40.9999,14.8899
40.9999,15.1101
null,null
40.9166,15.0000
41.0834,15.0000
null,null
40.9999,15.3899
40.9999,15.6101
null,null
40.9166,15.5000
41.0834,15.5000
null,null
40.9999,15.8899
40.9999,16.1101
null,null
40.9166,16.0000
41.0834,16.0000
null,null
40.9999,16.3899
40.9999,16.6101
null,null
40.9166,16.5000
41.0834,16.5000
null,null
40.9999,16.8899
40.9999,17.1101
null,null
40.9166,17.0000
41.0834,17.0000
null,null
40.9999,17.3899
40.9999,17.6101
null,null
40.9166,17.5000
41.0834,17.5000
null,null
40.9999,17.8899
40.9999,18.1101
null,null
40.9166,18.0000
41.0834,18.0000
null,null
40.9999,18.3899
40.9999,18.6101
null,null
40.9166,18.5000
41.0834,18.5000
null,null
40.9999,18.8899
40.9999,19.1101
null,null
40.9166,19.0000
41.0834,19.0000
null,null
41.4999,5.8891
41.4999,6.1109
null,null
41.4166,6.0000
41.5834,6.0000
null,null
41.4999,6.3891
41.4999,6.6109
null,null
41.4166,6.5000
41.5834,6.5000
null,null
41.4999,6.8891
41.4999,7.1109
null,null
41.4166,7.0000
41.5834,7.0000
null,null
41.4999,7.3891
41.4999,7.6109
null,null
41.4166,7.5000
41.5834,7.5000
null,null
41.4999,7.8891
41.4999,8.1109
null,null
41.4166,8.0000
41.5834,8.0000
null,null
41.4999,8.3891
41.4999,8.6109
null,null
41.4166,8.5000
41.5834,8.5000
null,null
41.4999,8.8891
41.4999,9.1109
null,null
41.4166,9.0000
41.5834,9.0000
null,null
41.4999,9.3891
41.4999,9.6109
null,null
41.4166,9.5000
41.5834,9.5000
null,null
41.4999,9.8891
41.4999,10.1109
null,null
41.4166,10.0000
41.5834,10.0000
null,null
41.4999,10.3891
41.4999,10.6109
null,null
41.4166,10.5000
41.5834,10.5000
null,null
41.4999,10.8891
41.4999,11.1109
null,null
41.4166,11.0000
41.5834,11.0000
null,null
41.4999,11.3891
41.4999,11.6109
null,null
41.4166,11.5000
41.5834,11.5000
null,null
41.4999,11.8891
41.4999,12.1109
null,null
41.4166,12.0000
41.5834,12.0000
null,null
41.4999,12.3891
41.4999,12.6109
null,null
41.4166,12.5000
41.5834,12.5000
null,null
41.4999,12.8891
41.4999,13.1109
null,null
41.4166,13.0000
41.5834,13.0000
null,null
41.4999,13.3891
41.4999,13.6109
null,null
41.4166,13.5000
41.5834,13.5000
null,null
41.4999,13.8891
41.4999,14.1109
null,null
41.4166,14.0000
41.5834,14.0000
null,null
41.4999,14.3891
41.4999,14.6109
null,null
41.4166,14.5000
41.5834,14.5000
null,null
41.4999,14.8891
41.4999,15.1109
null,null
41.4166,15.0000
41.5834,15.0000
null,null
41.4999,15.3891
41.4999,15.6109
null,null
41.4166,15.5000
41.5834,15.5000
null,null
41.4999,15.8891
41.4999,16.1109
null,null
41.4166,16.0000
41.5834,16.0000
null,null
41.4999,16.3891
41.4999,16.6109
null,null
41.4166,16.5000
41.5834,16.5000
null,null
41.4999,16.8891
41.4999,17.1109
null,null
41.4166,17.0000
41.5834,17.0000
null,null
41.4999,17.3891
41.4999,17.6109
null,null
41.4166,17.5000
41.5834,17.5000
null,null
41.4999,17.8891
41.4999,18.1109
null,null
41.4166,18.0000
41.5834,18.0000
null,null
41.4999,18.3891
41.4999,18.6109
null,null
41.4166,18.5000
41.5834,18.5000
null,null
41.4999,18.8891
41.4999,19.1109
null,null
41.4166,19.0000
41.5834,19.0000
null,null
41.9999,5.8882
41.9999,6.1118
null,null
41.9166,6.0000
42.0834,6.0000
null,null
41.9999,6.3882
41.9999,6.6118
null,null
41.9166,6.5000
42.0834,6.5000
null,null
41.9999,6.8882
41.9999,7.1118
null,null
41.9166,7.0000
42.0834,7.0000
null,null
41.9999,7.3882
41.9999,7.6118
null,null
41.9166,7.5000
42.0834,7.5000
null,null
41.9999,7.8882
41.9999,8.1118
null,null
41.9166,8.0000
42.0834,8.0000
null,null
41.9999,8.3882
41.9999,8.6118
null,null
41.9166,8.5000
42.0834,8.5000
null,null
41.9999,8.8882
41.9999,9.1118
null,null
41.9166,9.0000
42.0834,9.0000
null,null
41.9999,9.3882
41.9999,9.6118
null,null
41.9166,9.5000
42.0834,9.5000
null,null
41.9999,9.8882
41.9999,10.1118
null,null
41.9166,10.0000
42.0834,10.0000
null,null
41.9999,10.3882
41.9999,10.6118
null,null
41.9166,10.5000
42.0834,10.5000
null,null
41.9999,10.8882
41.9999,11.1118
null,null
41.9166,11.0000
42.0834,11.0000
null,null
41.9999,11.3882
41.9999,11.6118
null,null
41.9166,11.5000
42.0834,11.5000
null,null
41.9999,11.8882
41.9999,12.1118
null,null
41.9166,12.0000
42.0834,12.0000
null,null
41.9999,12.3882
41.9999,12.6118
null,null
41.9166,12.5000
42.0834,12.5000
null,null
41.9999,12.8882
41.9999,13.1118
null,null
41.9166,13.0000
42.0834,13.0000
null,null
41.9999,13.3882
41.9999,13.6118
null,null
41.9166,13.5000
42.0834,13.5000
null,null
41.9999,13.8882
41.9999,14.1118
null,null
41.9166,14.0000
42.0834,14.0000
null,null
41.9999,14.3882
41.9999,14.6118
null,null
41.9166,14.5000
42.0834,14.5000
null,null
41.9999,14.8882
41.9999,15.1118
null,null
41.9166,15.0000
42.0834,15.0000
null,null
41.9999,15.3882
41.9999,15.6118
null,null
41.9166,15.5000
42.0834,15.5000
null,null
41.9999,15.8882
41.9999,16.1118
null,null
41.9166,16.0000
42.0834,16.0000
null,null
41.9999,16.3882
41.9999,16.6118
null,null
41.9166,16.5000
42.0834,16.5000
null,null
41.9999,16.8882
41.9999,17.1118
null,null
41.9166,17.0000
42.0834,17.0000
null,null
41.9999,17.3882
41.9999,17.6118
null,null
41.9166,17.5000
42.0834,17.5000
null,null
41.9999,17.8882
41.9999,18.1118
null,null
41.9166,18.0000
42.0834,18.0000
null,null
41.9999,18.3882
41.9999,18.6118
null,null
41.9166,18.5000
42.0834,18.5000
null,null
41.9999,18.8882
41.9999,19.1118
null,null
41.9166,19.0000
42.0834,19.0000
null,null
42.4999,5.8873
42.4999,6.1127
null,null
42.4166,6.0000
42.5834,6.0000
null,null
42.4999,6.3873
42.4999,6.6127
null,null
42.4166,6.5000
42.5834,6.5000
null,null
42.4999,6.8873
42.4999,7.1127
null,null
42.4166,7.0000
42.5834,7.0000
null,null
42.4999,7.3873
42.4999,7.6127
null,null
42.4166,7.5000
42.5834,7.5000
null,null
42.4999,7.8873
42.4999,8.1127
null,null
42.4166,8.0000
42.5834,8.0000
null,null
42.4999,8.3873
42.4999,8.6127
null,null
42.4166,8.5000
42.5834,8.5000
null,null
42.4999,8.8873
42.4999,9.1127
null,null
42.4166,9.0000
42.5834,9.0000
null,null
42.4999,9.3873
42.4999,9.6127
null,null
42.4166,9.5000
42.5834,9.5000
null,null
42.4999,9.8873
42.4999,10.1127
null,null
42.4166,10.0000
42.5834,10.0000
null,null
42.4999,10.3873
42.4999,10.6127
null,null
42.4166,10.5000
42.5834,10.5000
null,null
42.4999,10.8873
42.4999,11.1127
null,null
42.4166,11.0000
42.5834,11.0000
null,null
42.4999,11.3873
42.4999,11.6127
null,null
42.4166,11.5000
42.5834,11.5000
null,null
42.4999,11.8873
42.4999,12.1127
null,null
42.4166,12.0000
42.5834,12.0000
null,null
42.4999,12.3873
42.4999,12.6127
null,null
42.4166,12.5000
42.5834,12.5000
null,null
42.4999,12.8873
42.4999,13.1127
null,null
42.4166,13.0000
42.5834,13.0000
null,null
42.4999,13.3873
42.4999,13.6127
null,null
42.4166,13.5000
42.5834,13.5000
null,null
42.4999,13.8873
42.4999,14.1127
null,null
42.4166,14.0000
42.5834,14.0000
null,null
42.4999,14.3873
42.4999,14.6127
null,null
42.4166,14.5000
42.5834,14.5000
null,null
42.4999,14.8873
42.4999,15.1127
null,null
42.4166,15.0000
42.5834,15.0000
null,null
42.4999,15.3873
42.4999,15.6127
null,null
42.4166,15.5000
42.5834,15.5000
null,null
42.4999,15.8873
42.4999,16.1127
null,null
42.4166,16.0000
42.5834,16.0000
null,null
42.4999,16.3873
42.4999,16.6127
null,null
42.4166,16.5000
42.5834,16.5000
null,null
42.4999,16.8873
42.4999,17.1127
null,null
42.4166,17.0000
42.5834,17.0000
null,null
42.4999,17.3873
42.4999,17.6127
null,null
42.4166,17.5000
42.5834,17.5000
null,null
42.4999,17.8873
42.4999,18.1127
null,null
42.4166,18.0000
42.5834,18.0000
null,null
42.4999,18.3873
42.4999,18.6127
null,null
42.4166,18.5000
42.5834,18.5000
null,null
42.4999,18.8873
42.4999,19.1127
null,null
42.4166,19.0000
42.5834,19.0000
null,null
42.9999,5.8864
42.9999,6.1136
null,null
42.9166,6.0000
43.0834,6.0000
null,null
42.9999,6.3864
42.9999,6.6136
null,null
42.9166,6.5000
43.0834,6.5000
null,null
42.9999,6.8864
42.9999,7.1136
null,null
42.9166,7.0000
43.0834,7.0000
null,null
42.9999,7.3864
42.9999,7.6136
null,null
42.9166,7.5000
43.0834,7.5000
null,null
42.9999,7.8864
42.9999,8.1136
null,null
42.9166,8.0000
43.0834,8.0000
null,null
42.9999,8.3864
42.9999,8.6136
null,null
42.9166,8.5000
43.0834,8.5000
null,null
42.9999,8.8864
42.9999,9.1136
null,null
42.9166,9.0000
43.0834,9.0000
null,null
42.9999,9.3864
42.9999,9.6136
null,null
42.9166,9.5000
43.0834,9.5000
null,null
42.9999,9.8864
42.9999,10.1136
null,null
42.9166,10.0000
43.0834,10.0000
null,null
42.9999,10.3864
42.9999,10.6136
null,null
42.9166,10.5000
43.0834,10.5000
null,null
42.9999,10.8864
42.9999,11.1136
null,null
42.9166,11.0000
43.0834,11.0000
null,null
42.9999,11.3864
42.9999,11.6136
null,null
42.9166,11.5000
43.0834,11.5000
null,null
42.9999,11.8864
42.9999,12.1136
null,null
42.9166,12.0000
43.0834,12.0000
null,null
42.9999,12.3864
42.9999,12.6136
null,null
42.9166,12.5000
43.0834,12.5000
null,null
42.9999,12.8864
42.9999,13.1136
null,null
42.9166,13.0000
43.0834,13.0000
null,null
42.9999,13.3864
42.9999,13.6136
null,null
42.9166,13.5000
43.0834,13.5000
null,null
42.9999,13.8864
42.9999,14.1136
null,null
42.9166,14.0000
43.0834,14.0000
null,null
42.9999,14.3864
42.9999,14.6136
null,null
42.9166,14.5000
43.0834,14.5000
null,null
42.9999,14.8864
42.9999,15.1136
null,null
42.9166,15.0000
43.0834,15.0000
null,null
42.9999,15.3864
42.9999,15.6136
null,null
42.9166,15.5000
43.0834,15.5000
null,null
42.9999,15.8864
42.9999,16.1136
null,null
42.9166,16.0000
43.0834,16.0000
null,null
42.9999,16.3864
42.9999,16.6136
null,null
42.9166,16.5000
43.0834,16.5000
null,null
42.9999,16.8864
42.9999,17.1136
null,null
42.9166,17.0000
43.0834,17.0000
null,null
42.9999,17.3864
42.9999,17.6136
null,null
42.9166,17.5000
43.0834,17.5000
null,null
42.9999,17.8864
42.9999,18.1136
null,null
42.9166,18.0000
43.0834,18.0000
null,null
42.9999,18.3864
42.9999,18.6136
null,null
42.9166,18.5000
43.0834,18.5000
null,null
42.9999,18.8864
42.9999,19.1136
null,null
42.9166,19.0000
43.0834,19.0000
null,null
43.4999,5.8855
43.4999,6.1145
null,null
43.4167,6.0000
43.5833,6.0000
null,null
43.4999,6.3855
43.4999,6.6145
null,null
43.4167,6.5000
43.5833,6.5000
null,null
43.4999,6.8855
43.4999,7.1145
null,null
43.4167,7.0000
43.5833,7.0000
null,null
43.4999,7.3855
43.4999,7.6145
null,null
43.4167,7.5000
43.5833,7.5000
null,null
43.4999,7.8855
43.4999,8.1145
null,null
43.4167,8.0000
43.5833,8.0000
null,null
43.4999,8.3855
43.4999,8.6145
null,null
43.4167,8.5000
43.5833,8.5000
null,null
43.4999,8.8855
43.4999,9.1145
null,null
43.4167,9.0000
43.5833,9.0000
null,null
43.4999,9.3855
43.4999,9.6145
null,null
43.4167,9.5000
43.5833,9.5000
null,null
43.4999,9.8855
43.4999,10.1145
null,null
43.4167,10.0000
43.5833,10.0000
null,null
43.4999,10.3855
43.4999,10.6145
null,null
43.4167,10.5000
43.5833,10.5000
null,null
43.4999,10.8855
43.4999,11.1145
null,null
43.4167,11.0000
43.5833,11.0000
null,null
43.4999,11.3855
43.4999,11.6145
null,null
43.4167,11.5000
43.5833,11.5000
null,null
43.4999,11.8855
43.4999,12.1145
null,null
43.4167,12.0000
43.5833,12.0000
null,null
43.4999,12.3855
43.4999,12.6145
null,null
43.4167,12.5000
43.5833,12.5000
null,null
43.4999,12.8855
43.4999,13.1145
null,null
43.4167,13.0000
43.5833,13.0000
null,null
43.4999,13.3855
43.4999,13.6145
null,null
43.4167,13.5000
43.5833,13.5000
null,null
43.4999,13.8855
43.4999,14.1145
null,null
43.4167,14.0000
43.5833,14.0000
null,null
43.4999,14.3855
43.4999,14.6145
null,null
43.4167,14.5000
43.5833,14.5000
null,null
43.4999,14.8855
43.4999,15.1145
null,null
43.4167,15.0000
43.5833,15.0000
null,null
43.4999,15.3855
43.4999,15.6145
null,null
43.4167,15.5000
43.5833,15.5000
null,null
43.4999,15.8855
43.4999,16.1145
null,null
43.4167,16.0000
43.5833,16.0000
null,null
43.4999,16.3855
43.4999,16.6145
null,null
43.4167,16.5000
43.5833,16.5000
null,null
43.4999,16.8855
43.4999,17.1145
null,null
43.4167,17.0000
43.5833,17.0000
null,null
43.4999,17.3855
43.4999,17.6145
null,null
43.4167,17.5000
43.5833,17.5000
null,null
43.4999,17.8855
43.4999,18.1145
null,null
43.4167,18.0000
43.5833,18.0000
null,null
43.4999,18.3855
43.4999,18.6145
null,null
43.4167,18.5000
43.5833,18.5000
null,null
43.4999,18.8855
43.4999,19.1145
null,null
43.4167,19.0000
43.5833,19.0000
null,null
43.9999,5.8845
43.9999,6.1155
null,null
43.9167,6.0000
44.0833,6.0000
null,null
43.9999,6.3845
43.9999,6.6155
null,null
43.9167,6.5000
44.0833,6.5000
null,null
43.9999,6.8845
43.9999,7.1155
null,null
43.9167,7.0000
44.0833,7.0000
null,null
43.9999,7.3845
43.9999,7.6155
null,null
43.9167,7.5000
44.0833,7.5000
null,null
43.9999,7.8845
43.9999,8.1155
null,null
43.9167,8.0000
44.0833,8.0000
null,null
43.9999,8.3845
43.9999,8.6155
null,null
43.9167,8.5000
44.0833,8.5000
null,null
43.9999,8.8845
43.9999,9.1155
null,null
43.9167,9.0000
44.0833,9.0000
null,null
43.9999,9.3845
43.9999,9.6155
null,null
43.9167,9.5000
44.0833,9.5000
null,null
43.9999,9.8845
43.9999,10.1155
null,null
43.9167,10.0000
44.0833,10.0000
null,null
43.9999,10.3845
43.9999,10.6155
null,null
43.9167,10.5000
44.0833,10.5000
null,null
43.9999,10.8845
43.9999,11.1155
null,null
43.9167,11.0000
44.0833,11.0000
null,null
43.9999,11.3845
43.9999,11.6155
null,null
43.9167,11.5000
44.0833,11.5000
null,null
43.9999,11.8845
43.9999,12.1155
null,null
43.9167,12.0000
44.0833,12.0000
null,null
43.9999,12.3845
43.9999,12.6155
null,null
43.9167,12.5000
44.0833,12.5000
null,null
43.9999,12.8845
43.9999,13.1155
null,null
43.9167,13.0000
44.0833,13.0000
null,null
43.9999,13.3845
43.9999,13.6155
null,null
43.9167,13.5000
44.0833,13.5000
null,null
43.9999,13.8845
43.9999,14.1155
null,null
43.9167,14.0000
44.0833,14.0000
null,null
43.9999,14.3845
43.9999,14.6155
null,null
43.9167,14.5000
44.0833,14.5000
null,null
43.9999,14.8845
43.9999,15.1155
null,null
43.9167,15.0000
44.0833,15.0000
null,null
43.9999,15.3845
43.9999,15.6155
null,null
43.9167,15.5000
44.0833,15.5000
null,null
43.9999,15.8845
43.9999,16.1155
null,null
43.9167,16.0000
44.0833,16.0000
null,null
43.9999,16.3845
43.9999,16.6155
null,null
43.9167,16.5000
44.0833,16.5000
null,null
43.9999,16.8845
43.9999,17.1155
null,null
43.9167,17.0000
44.0833,17.0000
null,null
43.9999,17.3845
43.9999,17.6155
null,null
43.9167,17.5000
44.0833,17.5000
null,null
43.9999,17.8845
43.9999,18.1155
null,null
43.9167,18.0000
44.0833,18.0000
null,null
43.9999,18.3845
43.9999,18.6155
null,null
43.9167,18.5000
44.0833,18.5000
null,null
43.9999,18.8845
43.9999,19.1155
null,null
43.9167,19.0000
44.0833,19.0000
null,null
44.4999,5.8836
44.4999,6.1164
null,null
44.4167,6.0000
44.5833,6.0000
null,null
44.4999,6.3836
44.4999,6.6164
null,null
44.4167,6.5000
44.5833,6.5000
null,null
44.4999,6.8836
44.4999,7.1164
null,null
44.4167,7.0000
44.5833,7.0000
null,null
44.4999,7.3836
44.4999,7.6164
null,null
44.4167,7.5000
44.5833,7.5000
null,null
44.4999,7.8836
44.4999,8.1164
null,null
44.4167,8.0000
44.5833,8.0000
null,null
44.4999,8.3836
44.4999,8.6164
null,null
44.4167,8.5000
44.5833,8.5000
null,null
44.4999,8.8836
44.4999,9.1164
null,null
44.4167,9.0000
44.5833,9.0000
null,null
44.4999,9.3836
44.4999,9.6164
null,null
44.4167,9.5000
44.5833,9.5000
null,null
44.4999,9.8836
44.4999,10.1164
null,null
44.4167,10.0000
44.5833,10.0000
null,null
44.4999,10.3836
44.4999,10.6164
null,null
44.4167,10.5000
44.5833,10.5000
null,null
44.4999,10.8836
44.4999,11.1164
null,null
44.4167,11.0000
44.5833,11.0000
null,null
44.4999,11.3836
44.4999,11.6164
null,null
44.4167,11.5000
44.5833,11.5000
null,null
44.4999,11.8836
44.4999,12.1164
null,null
44.4167,12.0000
44.5833,12.0000
null,null
44.4999,12.3836
44.4999,12.6164
null,null
44.4167,12.5000
44.5833,12.5000
null,null
44.4999,12.8836
44.4999,13.1164
null,null
44.4167,13.0000
44.5833,13.0000
null,null
44.4999,13.3836
44.4999,13.6164
null,null
44.4167,13.5000
44.5833,13.5000
null,null
44.4999,13.8836
44.4999,14.1164
null,null
44.4167,14.0000
44.5833,14.0000
null,null
44.4999,14.3836
44.4999,14.6164
null,null
44.4167,14.5000
44.5833,14.5000
null,null
44.4999,14.8836
44.4999,15.1164
null,null
44.4167,15.0000
44.5833,15.0000
null,null
44.4999,15.3836
44.4999,15.6164
null,null
44.4167,15.5000
44.5833,15.5000
null,null
44.4999,15.8836
44.4999,16.1164
null,null
44.4167,16.0000
44.5833,16.0000
null,null
44.4999,16.3836
44.4999,16.6164
null,null
44.4167,16.5000
44.5833,16.5000
null,null
44.4999,16.8836
44.4999,17.1164
null,null
44.4167,17.0000
44.5833,17.0000
null,null
44.4999,17.3836
44.4999,17.6164
null,null
44.4167,17.5000
44.5833,17.5000
null,null
44.4999,17.8836
44.4999,18.1164
null,null
44.4167,18.0000
44.5833,18.0000
null,null
44.4999,18.3836
44.4999,18.6164
null,null
44.4167,18.5000
44.5833,18.5000
null,null
44.4999,18.8836
44.4999,19.1164
null,null
44.4167,19.0000
44.5833,19.0000
null,null
44.9999,5.8826
44.9999,6.1174
null,null
44.9167,6.0000
45.0833,6.0000
null,null
44.9999,6.3826
44.9999,6.6174
null,null
44.9167,6.5000
45.0833,6.5000
null,null
44.9999,6.8826
44.9999,7.1174
null,null
44.9167,7.0000
45.0833,7.0000
null,null
44.9999,7.3826
44.9999,7.6174
null,null
44.9167,7.5000
45.0833,7.5000
null,null
44.9999,7.8826
44.9999,8.1174
null,null
44.9167,8.0000
45.0833,8.0000
null,null
44.9999,8.3826
44.9999,8.6174
null,null
44.9167,8.5000
45.0833,8.5000
null,null
44.9999,8.8826
44.9999,9.1174
null,null
44.9167,9.0000
45.0833,9.0000
null,null
44.9999,9.3826
44.9999,9.6174
null,null
44.9167,9.5000
45.0833,9.5000
null,null
44.9999,9.8826
44.9999,10.1174
null,null
44.9167,10.0000
45.0833,10.0000
null,null
44.9999,10.3826
44.9999,10.6174
null,null
44.9167,10.5000
45.0833,10.5000
null,null
44.9999,10.8826
44.9999,11.1174
null,null
44.9167,11.0000
45.0833,11.0000
null,null
44.9999,11.3826
44.9999,11.6174
null,null
44.9167,11.5000
45.0833,11.5000
null,null
44.9999,11.8826
44.9999,12.1174
null,null
44.9167,12.0000
45.0833,12.0000
null,null
44.9999,12.3826
44.9999,12.6174
null,null
44.9167,12.5000
45.0833,12.5000
null,null
44.9999,12.8826
44.9999,13.1174
null,null
44.9167,13.0000
45.0833,13.0000
null,null
44.9999,13.3826
44.9999,13.6174
null,null
44.9167,13.5000
45.0833,13.5000
null,null
44.9999,13.8826
44.9999,14.1174
null,null
44.9167,14.0000
45.0833,14.0000
null,null
44.9999,14.3826
44.9999,14.6174
null,null
44.9167,14.5000
45.0833,14.5000
null,null
44.9999,14.8826
44.9999,15.1174
null,null
44.9167,15.0000
45.0833,15.0000
null,null
44.9999,15.3826
44.9999,15.6174
null,null
44.9167,15.5000
45.0833,15.5000
null,null
44.9999,15.8826
44.9999,16.1174
null,null
44.9167,16.0000
45.0833,16.0000
null,null
44.9999,16.3826
44.9999,16.6174
null,null
44.9167,16.5000
45.0833,16.5000
null,null
44.9999,16.8826
44.9999,17.1174
null,null
44.9167,17.0000
45.0833,17.0000
null,null
44.9999,17.3826
44.9999,17.6174
null,null
44.9167,17.5000
45.0833,17.5000
null,null
44.9999,17.8826
44.9999,18.1174
null,null
44.9167,18.0000
45.0833,18.0000
null,null
44.9999,18.3826
44.9999,18.6174
null,null
44.9167,18.5000
45.0833,18.5000
null,null
44.9999,18.8826
44.9999,19.1174
null,null
44.9167,19.0000
45.0833,19.0000
null,null
45.4999,5.8815
45.4999,6.1185
null,null
45.4167,6.0000
45.5833,6.0000
null,null
45.4999,6.3815
45.4999,6.6185
null,null
45.4167,6.5000
45.5833,6.5000
null,null
45.4999,6.8815
45.4999,7.1185
null,null
45.4167,7.0000
45.5833,7.0000
null,null
45.4999,7.3815
45.4999,7.6185
null,null
45.4167,7.5000
45.5833,7.5000
null,null
45.4999,7.8815
45.4999,8.1185
null,null
45.4167,8.0000
45.5833,8.0000
null,null
45.4999,8.3815
45.4999,8.6185
null,null
45.4167,8.5000
45.5833,8.5000
null,null
45.4999,8.8815
45.4999,9.1185
null,null
45.4167,9.0000
45.5833,9.0000
null,null
45.4999,9.3815
45.4999,9.6185
null,null
45.4167,9.5000
45.5833,9.5000
null,null
45.4999,9.8815
45.4999,10.1185
null,null
45.4167,10.0000
45.5833,10.0000
null,null
45.4999,10.3815
45.4999,10.6185
null,null
45.4167,10.5000
45.5833,10.5000
null,null
45.4999,10.8815
45.4999,11.1185
null,null
45.4167,11.0000
45.5833,11.0000
null,null
45.4999,11.3815
45.4999,11.6185
null,null
45.4167,11.5000
45.5833,11.5000
null,null
45.4999,11.8815
45.4999,12.1185
null,null
45.4167,12.0000
45.5833,12.0000
null,null
45.4999,12.3815
45.4999,12.6185
null,null
45.4167,12.5000
45.5833,12.5000
null,null
45.4999,12.8815
45.4999,13.1185
null,null
45.4167,13.0000
45.5833,13.0000
null,null
45.4999,13.3815
45.4999,13.6185
null,null
45.4167,13.5000
45.5833,13.5000
null,null
45.4999,13.8815
45.4999,14.1185
null,null
45.4167,14.0000
45.5833,14.0000
null,null
45.4999,14.3815
45.4999,14.6185
null,null
45.4167,14.5000
45.5833,14.5000
null,null
45.4999,14.8815
45.4999,15.1185
null,null
45.4167,15.0000
45.5833,15.0000
null,null
45.4999,15.3815
45.4999,15.6185
null,null
45.4167,15.5000
45.5833,15.5000
null,null
45.4999,15.8815
45.4999,16.1185
null,null
45.4167,16.0000
45.5833,16.0000
null,null
45.4999,16.3815
45.4999,16.6185
null,null
45.4167,16.5000
45.5833,16.5000
null,null
45.4999,16.8815
45.4999,17.1185
null,null
45.4167,17.0000
45.5833,17.0000
null,null
45.4999,17.3815
45.4999,17.6185
null,null
45.4167,17.5000
45.5833,17.5000
null,null
45.4999,17.8815
45.4999,18.1185
null,null
45.4167,18.0000
45.5833,18.0000
null,null
45.4999,18.3815
45.4999,18.6185
null,null
45.4167,18.5000
45.5833,18.5000
null,null
45.4999,18.8815
45.4999,19.1185
null,null
45.4167,19.0000
45.5833,19.0000
null,null
45.9999,5.8805
45.9999,6.1195
null,null
45.9167,6.0000
46.0833,6.0000
null,null
45.9999,6.3805
45.9999,6.6195
null,null
45.9167,6.5000
46.0833,6.5000
null,null
45.9999,6.8805
45.9999,7.1195
null,null
45.9167,7.0000
46.0833,7.0000
null,null
45.9999,7.3805
45.9999,7.6195
null,null
45.9167,7.5000
46.0833,7.5000
null,null
45.9999,7.8805
45.9999,8.1195
null,null
45.9167,8.0000
46.0833,8.0000
null,null
45.9999,8.3805
45.9999,8.6195
null,null
45.9167,8.5000
46.0833,8.5000
null,null
45.9999,8.8805
45.9999,9.1195
null,null
45.9167,9.0000
46.0833,9.0000
null,null
45.9999,9.3805
45.9999,9.6195
null,null
45.9167,9.5000
46.0833,9.5000
null,null
45.9999,9.8805
45.9999,10.1195
null,null
45.9167,10.0000
46.0833,10.0000
null,null
45.9999,10.3805
45.9999,10.6195
null,null
45.9167,10.5000
46.0833,10.5000
null,null
45.9999,10.8805
45.9999,11.1195
null,null
45.9167,11.0000
46.0833,11.0000
null,null
45.9999,11.3805
45.9999,11.6195
null,null
45.9167,11.5000
46.0833,11.5000
null,null
45.9999,11.8805
45.9999,12.1195
null,null
45.9167,12.0000
46.0833,12.0000
null,null
45.9999,12.3805
45.9999,12.6195
null,null
45.9167,12.5000
46.0833,12.5000
null,null
45.9999,12.8805
45.9999,13.1195
null,null
45.9167,13.0000
46.0833,13.0000
null,null
45.9999,13.3805
45.9999,13.6195
null,null
45.9167,13.5000
46.0833,13.5000
null,null
45.9999,13.8805
45.9999,14.1195
null,null
45.9167,14.0000
46.0833,14.0000
null,null
45.9999,14.3805
45.9999,14.6195
null,null
45.9167,14.5000
46.0833,14.5000
null,null
45.9999,14.8805
45.9999,15.1195
null,null
45.9167,15.0000
46.0833,15.0000
null,null
45.9999,15.3805
45.9999,15.6195
null,null
45.9167,15.5000
46.0833,15.5000
null,null
45.9999,15.8805
45.9999,16.1195
null,null
45.9167,16.0000
46.0833,16.0000
null,null
45.9999,16.3805
45.9999,16.6195
null,null
45.9167,16.5000
46.0833,16.5000
null,null
45.9999,16.8805
45.9999,17.1195
null,null
45.9167,17.0000
46.0833,17.0000
null,null
45.9999,17.3805
45.9999,17.6195
null,null
45.9167,17.5000
46.0833,17.5000
null,null
45.9999,17.8805
45.9999,18.1195
null,null
45.9167,18.0000
46.0833,18.0000
null,null
45.9999,18.3805
45.9999,18.6195
null,null
45.9167,18.5000
46.0833,18.5000
null,null
45.9999,18.8805
45.9999,19.1195
null,null
45.9167,19.0000
46.0833,19.0000
null,null
