lat,lon,x,y,giri
39.69606,13.03841,-0.06,-1.91,0
39.69795,13.03761,-0.06,-1.79,0
39.69985,13.03682,-0.06,-1.67,0
39.70174,13.03602,-0.06,-1.55,0
39.70363,13.03523,-0.06,-1.43,0
39.70552,13.03443,-0.06,-1.31,0
39.70742,13.03364,-0.06,-1.19,0
39.70931,13.03284,-0.06,-1.07,0
39.7112,13.03204,-0.06,-0.95,0
39.71309,13.03125,-0.06,-0.83,0
39.71499,13.03045,-0.06,-0.72,0
39.71688,13.02966,-0.06,-0.60,0
39.71877,13.02886,-0.06,-0.48,0
39.72066,13.02806,-0.06,-0.36,0
39.72255,13.02727,-0.06,-0.24,0
39.72445,13.02647,-0.06,-0.12,0
39.72634,13.02567,-0.06,0.00,0
39.72823,13.02488,-0.06,0.12,0
39.73012,13.02408,-0.06,0.24,0
39.73202,13.02329,-0.06,0.36,0
39.73391,13.02249,-0.06,0.48,0
null,null
39.69679,13.0413,0.08,-1.91,1
39.69868,13.0405,0.08,-1.79,1
39.70057,13.0397,0.08,-1.67,1
39.70246,13.03891,0.08,-1.55,1
39.70436,13.03811,0.08,-1.43,1
39.70625,13.03732,0.08,-1.31,1
39.70814,13.03652,0.08,-1.19,1
39.71003,13.03573,0.08,-1.07,1
39.71193,13.03493,0.08,-0.95,1
39.71382,13.03413,0.08,-0.83,1
39.71571,13.03334,0.08,-0.72,1
39.7176,13.03254,0.08,-0.60,1
39.71949,13.03175,0.08,-0.48,1
39.72139,13.03095,0.08,-0.36,1
39.72328,13.03015,0.08,-0.24,1
39.72517,13.02936,0.08,-0.12,1
39.72706,13.02856,0.08,0.00,1
39.72896,13.02776,0.08,0.12,1
39.73085,13.02697,0.08,0.24,1
39.73274,13.02617,0.08,0.36,1
39.73463,13.02538,0.08,0.48,1
null,null
39.69751,13.04418,0.22,-1.91,2
39.6994,13.04339,0.22,-1.79,2
39.7013,13.04259,0.22,-1.67,2
39.70319,13.04179,0.22,-1.55,2
39.70508,13.041,0.22,-1.43,2
39.70697,13.0402,0.22,-1.31,2
39.70886,13.03941,0.22,-1.19,2
39.71076,13.03861,0.22,-1.07,2
39.71265,13.03782,0.22,-0.95,2
39.71454,13.03702,0.22,-0.83,2
39.71643,13.03622,0.22,-0.72,2
39.71833,13.03543,0.22,-0.60,2
39.72022,13.03463,0.22,-0.48,2
39.72211,13.03384,0.22,-0.36,2
39.724,13.03304,0.22,-0.24,2
39.7259,13.03224,0.22,-0.12,2
39.72779,13.03145,0.22,0.00,2
39.72968,13.03065,0.22,0.12,2
39.73157,13.02985,0.22,0.24,2
39.73346,13.02906,0.22,0.36,2
39.73536,13.02826,0.22,0.48,2
null,null
39.69823,13.04707,0.36,-1.91,3
39.70013,13.04627,0.36,-1.79,3
39.70202,13.04548,0.36,-1.67,3
39.70391,13.04468,0.36,-1.55,3
39.7058,13.04389,0.36,-1.43,3
39.7077,13.04309,0.36,-1.31,3
39.70959,13.04229,0.36,-1.19,3
39.71148,13.0415,0.36,-1.07,3
39.71337,13.0407,0.36,-0.95,3
39.71527,13.03991,0.36,-0.83,3
39.71716,13.03911,0.36,-0.72,3
39.71905,13.03831,0.36,-0.60,3
39.72094,13.03752,0.36,-0.48,3
39.72283,13.03672,0.36,-0.36,3
39.72473,13.03593,0.36,-0.24,3
39.72662,13.03513,0.36,-0.12,3
39.72851,13.03433,0.36,0.00,3
39.7304,13.03354,0.36,0.12,3
39.7323,13.03274,0.36,0.24,3
39.73419,13.03194,0.36,0.36,3
39.73608,13.03115,0.36,0.48,3
null,null
39.69896,13.04995,0.50,-1.91,4
39.70085,13.04916,0.50,-1.79,4
39.70274,13.04836,0.50,-1.67,4
39.70464,13.04757,0.50,-1.55,4
39.70653,13.04677,0.50,-1.43,4
39.70842,13.04598,0.50,-1.31,4
39.71031,13.04518,0.50,-1.19,4
39.7122,13.04438,0.50,-1.07,4
39.7141,13.04359,0.50,-0.95,4
39.71599,13.04279,0.50,-0.83,4
39.71788,13.042,0.50,-0.72,4
39.71977,13.0412,0.50,-0.60,4
39.72167,13.0404,0.50,-0.48,4
39.72356,13.03961,0.50,-0.36,4
39.72545,13.03881,0.50,-0.24,4
39.72734,13.03802,0.50,-0.12,4
39.72924,13.03722,0.50,0.00,4
39.73113,13.03642,0.50,0.12,4
39.73302,13.03563,0.50,0.24,4
39.73491,13.03483,0.50,0.36,4
39.7368,13.03403,0.50,0.48,4
null,null
39.69968,13.05284,0.64,-1.91,5
39.70157,13.05205,0.64,-1.79,5
39.70347,13.05125,0.64,-1.67,5
39.70536,13.05045,0.64,-1.55,5
39.70725,13.04966,0.64,-1.43,5
39.70914,13.04886,0.64,-1.31,5
39.71104,13.04807,0.64,-1.19,5
39.71293,13.04727,0.64,-1.07,5
39.71482,13.04647,0.64,-0.95,5
39.71671,13.04568,0.64,-0.83,5
39.71861,13.04488,0.64,-0.72,5
39.7205,13.04409,0.64,-0.60,5
39.72239,13.04329,0.64,-0.48,5
39.72428,13.04249,0.64,-0.36,5
39.72617,13.0417,0.64,-0.24,5
39.72807,13.0409,0.64,-0.12,5
39.72996,13.04011,0.64,0.00,5
39.73185,13.03931,0.64,0.12,5
39.73374,13.03851,0.64,0.24,5
39.73564,13.03772,0.64,0.36,5
39.73753,13.03692,0.64,0.48,5
null,null
39.70041,13.05573,0.78,-1.91,6
39.7023,13.05493,0.78,-1.79,6
39.70419,13.05414,0.78,-1.67,6
39.70608,13.05334,0.78,-1.55,6
39.70798,13.05254,0.78,-1.43,6
39.70987,13.05175,0.78,-1.31,6
39.71176,13.05095,0.78,-1.19,6
39.71365,13.05016,0.78,-1.07,6
39.71554,13.04936,0.78,-0.95,6
39.71744,13.04857,0.78,-0.83,6
39.71933,13.04777,0.78,-0.72,6
39.72122,13.04697,0.78,-0.60,6
39.72311,13.04618,0.78,-0.48,6
39.72501,13.04538,0.78,-0.36,6
39.7269,13.04458,0.78,-0.24,6
39.72879,13.04379,0.78,-0.12,6
39.73068,13.04299,0.78,0.00,6
39.73258,13.0422,0.78,0.12,6
39.73447,13.0414,0.78,0.24,6
39.73636,13.0406,0.78,0.36,6
39.73825,13.03981,0.78,0.48,6
null,null
39.70113,13.05861,0.92,-1.91,7
39.70302,13.05782,0.92,-1.79,7
39.70491,13.05702,0.92,-1.67,7
39.70681,13.05623,0.92,-1.55,7
39.7087,13.05543,0.92,-1.43,7
39.71059,13.05464,0.92,-1.31,7
39.71248,13.05384,0.92,-1.19,7
39.71438,13.05304,0.92,-1.07,7
39.71627,13.05225,0.92,-0.95,7
39.71816,13.05145,0.92,-0.83,7
39.72005,13.05066,0.92,-0.72,7
39.72195,13.04986,0.92,-0.60,7
39.72384,13.04906,0.92,-0.48,7
39.72573,13.04827,0.92,-0.36,7
39.72762,13.04747,0.92,-0.24,7
39.72951,13.04668,0.92,-0.12,7
39.73141,13.04588,0.92,0.00,7
39.7333,13.04508,0.92,0.12,7
39.73519,13.04429,0.92,0.24,7
39.73708,13.04349,0.92,0.36,7
39.73898,13.04269,0.92,0.48,7
null,null
39.70185,13.0615,1.06,-1.91,8
39.70375,13.0607,1.06,-1.79,8
39.70564,13.05991,1.06,-1.67,8
39.70753,13.05911,1.06,-1.55,8
39.70942,13.05832,1.06,-1.43,8
39.71131,13.05752,1.06,-1.31,8
39.71321,13.05673,1.06,-1.19,8
39.7151,13.05593,1.06,-1.07,8
39.71699,13.05513,1.06,-0.95,8
39.71888,13.05434,1.06,-0.83,8
39.72078,13.05354,1.06,-0.72,8
39.72267,13.05275,1.06,-0.60,8
39.72456,13.05195,1.06,-0.48,8
39.72645,13.05115,1.06,-0.36,8
39.72835,13.05036,1.06,-0.24,8
39.73024,13.04956,1.06,-0.12,8
39.73213,13.04877,1.06,0.00,8
39.73402,13.04797,1.06,0.12,8
39.73591,13.04717,1.06,0.24,8
39.73781,13.04638,1.06,0.36,8
39.7397,13.04558,1.06,0.48,8
null,null
39.70258,13.06439,1.20,-1.91,9
39.70447,13.06359,1.20,-1.79,9
39.70636,13.0628,1.20,-1.67,9
39.70825,13.062,1.20,-1.55,9
39.71015,13.0612,1.20,-1.43,9
39.71204,13.06041,1.20,-1.31,9
39.71393,13.05961,1.20,-1.19,9
39.71582,13.05882,1.20,-1.07,9
39.71772,13.05802,1.20,-0.95,9
39.71961,13.05722,1.20,-0.83,9
39.7215,13.05643,1.20,-0.72,9
39.72339,13.05563,1.20,-0.60,9
39.72528,13.05484,1.20,-0.48,9
39.72718,13.05404,1.20,-0.36,9
39.72907,13.05324,1.20,-0.24,9
39.73096,13.05245,1.20,-0.12,9
39.73285,13.05165,1.20,0.00,9
39.73475,13.05086,1.20,0.12,9
39.73664,13.05006,1.20,0.24,9
39.73853,13.04926,1.20,0.36,9
39.74042,13.04847,1.20,0.48,9
null,null
39.7033,13.06727,1.34,-1.91,10
39.70519,13.06648,1.34,-1.79,10
39.70709,13.06568,1.34,-1.67,10
39.70898,13.06489,1.34,-1.55,10
39.71087,13.06409,1.34,-1.43,10
39.71276,13.0633,1.34,-1.31,10
39.71465,13.0625,1.34,-1.19,10
39.71655,13.0617,1.34,-1.07,10
39.71844,13.06091,1.34,-0.95,10
39.72033,13.06011,1.34,-0.83,10
39.72222,13.05932,1.34,-0.72,10
39.72412,13.05852,1.34,-0.60,10
39.72601,13.05772,1.34,-0.48,10
39.7279,13.05693,1.34,-0.36,10
39.72979,13.05613,1.34,-0.24,10
39.73168,13.05533,1.34,-0.12,10
39.73358,13.05454,1.34,0.00,10
39.73547,13.05374,1.34,0.12,10
39.73736,13.05295,1.34,0.24,10
39.73925,13.05215,1.34,0.36,10
39.74115,13.05135,1.34,0.48,10
null,null
39.70402,13.07016,1.48,-1.91,11
39.70592,13.06937,1.48,-1.79,11
39.70781,13.06857,1.48,-1.67,11
39.7097,13.06777,1.48,-1.55,11
39.71159,13.06698,1.48,-1.43,11
39.71349,13.06618,1.48,-1.31,11
39.71538,13.06539,1.48,-1.19,11
39.71727,13.06459,1.48,-1.07,11
39.71916,13.06379,1.48,-0.95,11
39.72105,13.063,1.48,-0.83,11
39.72295,13.0622,1.48,-0.72,11
39.72484,13.06141,1.48,-0.60,11
39.72673,13.06061,1.48,-0.48,11
39.72862,13.05981,1.48,-0.36,11
39.73052,13.05902,1.48,-0.24,11
39.73241,13.05822,1.48,-0.12,11
39.7343,13.05743,1.48,0.00,11
39.73619,13.05663,1.48,0.12,11
39.73808,13.05583,1.48,0.24,11
39.73998,13.05504,1.48,0.36,11
39.74187,13.05424,1.48,0.48,11
null,null
39.70475,13.07305,1.62,-1.91,12
39.70664,13.07225,1.62,-1.79,12
39.70853,13.07146,1.62,-1.67,12
39.71042,13.07066,1.62,-1.55,12
39.71232,13.06986,1.62,-1.43,12
39.71421,13.06907,1.62,-1.31,12
39.7161,13.06827,1.62,-1.19,12
39.71799,13.06748,1.62,-1.07,12
39.71989,13.06668,1.62,-0.95,12
39.72178,13.06589,1.62,-0.83,12
39.72367,13.06509,1.62,-0.72,12
39.72556,13.06429,1.62,-0.60,12
39.72745,13.0635,1.62,-0.48,12
39.72935,13.0627,1.62,-0.36,12
39.73124,13.0619,1.62,-0.24,12
39.73313,13.06111,1.62,-0.12,12
39.73502,13.06031,1.62,0.00,12
39.73692,13.05952,1.62,0.12,12
39.73881,13.05872,1.62,0.24,12
39.7407,13.05792,1.62,0.36,12
39.74259,13.05713,1.62,0.48,12
null,null
39.70547,13.07593,1.76,-1.91,13
39.70736,13.07514,1.76,-1.79,13
39.70925,13.07434,1.76,-1.67,13
39.71115,13.07355,1.76,-1.55,13
39.71304,13.07275,1.76,-1.43,13
39.71493,13.07196,1.76,-1.31,13
39.71682,13.07116,1.76,-1.19,13
39.71872,13.07036,1.76,-1.07,13
39.72061,13.06957,1.76,-0.95,13
39.7225,13.06877,1.76,-0.83,13
39.72439,13.06798,1.76,-0.72,13
39.72629,13.06718,1.76,-0.60,13
39.72818,13.06638,1.76,-0.48,13
39.73007,13.06559,1.76,-0.36,13
39.73196,13.06479,1.76,-0.24,13
39.73385,13.064,1.76,-0.12,13
39.73575,13.0632,1.76,0.00,13
39.73764,13.0624,1.76,0.12,13
39.73953,13.06161,1.76,0.24,13
39.74142,13.06081,1.76,0.36,13
39.74332,13.06001,1.76,0.48,13
null,null
39.70619,13.07882,1.90,-1.91,14
39.70809,13.07803,1.90,-1.79,14
39.70998,13.07723,1.90,-1.67,14
39.71187,13.07643,1.90,-1.55,14
39.71376,13.07564,1.90,-1.43,14
39.71566,13.07484,1.90,-1.31,14
39.71755,13.07405,1.90,-1.19,14
39.71944,13.07325,1.90,-1.07,14
39.72133,13.07245,1.90,-0.95,14
39.72322,13.07166,1.90,-0.83,14
39.72512,13.07086,1.90,-0.72,14
39.72701,13.07007,1.90,-0.60,14
39.7289,13.06927,1.90,-0.48,14
39.73079,13.06847,1.90,-0.36,14
39.73269,13.06768,1.90,-0.24,14
39.73458,13.06688,1.90,-0.12,14
39.73647,13.06609,1.90,0.00,14
39.73836,13.06529,1.90,0.12,14
39.74025,13.06449,1.90,0.24,14
39.74215,13.0637,1.90,0.36,14
39.74404,13.0629,1.90,0.48,14
null,null
39.70692,13.08171,2.04,-1.91,15
39.70881,13.08091,2.04,-1.79,15
39.7107,13.08012,2.04,-1.67,15
39.71259,13.07932,2.04,-1.55,15
39.71449,13.07853,2.04,-1.43,15
39.71638,13.07773,2.04,-1.31,15
39.71827,13.07693,2.04,-1.19,15
39.72016,13.07614,2.04,-1.07,15
39.72206,13.07534,2.04,-0.95,15
39.72395,13.07455,2.04,-0.83,15
39.72584,13.07375,2.04,-0.72,15
39.72773,13.07295,2.04,-0.60,15
39.72962,13.07216,2.04,-0.48,15
39.73152,13.07136,2.04,-0.36,15
39.73341,13.07057,2.04,-0.24,15
39.7353,13.06977,2.04,-0.12,15
39.73719,13.06897,2.04,0.00,15
39.73909,13.06818,2.04,0.12,15
39.74098,13.06738,2.04,0.24,15
39.74287,13.06658,2.04,0.36,15
39.74476,13.06579,2.04,0.48,15
null,null
39.70764,13.0846,2.18,-1.91,16
39.70953,13.0838,2.18,-1.79,16
39.71142,13.083,2.18,-1.67,16
39.71332,13.08221,2.18,-1.55,16
39.71521,13.08141,2.18,-1.43,16
39.7171,13.08062,2.18,-1.31,16
39.71899,13.07982,2.18,-1.19,16
39.72089,13.07903,2.18,-1.07,16
39.72278,13.07823,2.18,-0.95,16
39.72467,13.07743,2.18,-0.83,16
39.72656,13.07664,2.18,-0.72,16
39.72845,13.07584,2.18,-0.60,16
39.73035,13.07504,2.18,-0.48,16
39.73224,13.07425,2.18,-0.36,16
39.73413,13.07345,2.18,-0.24,16
39.73602,13.07266,2.18,-0.12,16
39.73792,13.07186,2.18,0.00,16
39.73981,13.07106,2.18,0.12,16
39.7417,13.07027,2.18,0.24,16
39.74359,13.06947,2.18,0.36,16
39.74549,13.06867,2.18,0.48,16
null,null
39.70836,13.08748,2.32,-1.91,17
39.71025,13.08669,2.32,-1.79,17
39.71215,13.08589,2.32,-1.67,17
39.71404,13.0851,2.32,-1.55,17
39.71593,13.0843,2.32,-1.43,17
39.71782,13.0835,2.32,-1.31,17
39.71972,13.08271,2.32,-1.19,17
39.72161,13.08191,2.32,-1.07,17
39.7235,13.08112,2.32,-0.95,17
39.72539,13.08032,2.32,-0.83,17
39.72729,13.07952,2.32,-0.72,17
39.72918,13.07873,2.32,-0.60,17
39.73107,13.07793,2.32,-0.48,17
39.73296,13.07714,2.32,-0.36,17
39.73485,13.07634,2.32,-0.24,17
39.73675,13.07554,2.32,-0.12,17
39.73864,13.07475,2.32,0.00,17
39.74053,13.07395,2.32,0.12,17
39.74242,13.07315,2.32,0.24,17
39.74432,13.07236,2.32,0.36,17
39.74621,13.07156,2.32,0.48,17
null,null
39.70909,13.09037,2.46,-1.91,18
39.71098,13.08957,2.46,-1.79,18
39.71287,13.08878,2.46,-1.67,18
39.71476,13.08798,2.46,-1.55,18
39.71665,13.08719,2.46,-1.43,18
39.71855,13.08639,2.46,-1.31,18
39.72044,13.0856,2.46,-1.19,18
39.72233,13.0848,2.46,-1.07,18
39.72422,13.084,2.46,-0.95,18
39.72612,13.08321,2.46,-0.83,18
39.72801,13.08241,2.46,-0.72,18
39.7299,13.08162,2.46,-0.60,18
39.73179,13.08082,2.46,-0.48,18
39.73369,13.08002,2.46,-0.36,18
39.73558,13.07923,2.46,-0.24,18
39.73747,13.07843,2.46,-0.12,18
39.73936,13.07763,2.46,0.00,18
39.74125,13.07684,2.46,0.12,18
39.74315,13.07604,2.46,0.24,18
39.74504,13.07524,2.46,0.36,18
39.74693,13.07445,2.46,0.48,18
null,null
39.70981,13.09326,2.60,-1.91,19
39.7117,13.09246,2.60,-1.79,19
39.71359,13.09167,2.60,-1.67,19
39.71549,13.09087,2.60,-1.55,19
39.71738,13.09007,2.60,-1.43,19
39.71927,13.08928,2.60,-1.31,19
39.72116,13.08848,2.60,-1.19,19
39.72305,13.08769,2.60,-1.07,19
39.72495,13.08689,2.60,-0.95,19
39.72684,13.08609,2.60,-0.83,19
39.72873,13.0853,2.60,-0.72,19
39.73062,13.0845,2.60,-0.60,19
39.73252,13.08371,2.60,-0.48,19
39.73441,13.08291,2.60,-0.36,19
39.7363,13.08211,2.60,-0.24,19
39.73819,13.08132,2.60,-0.12,19
39.74008,13.08052,2.60,0.00,19
39.74198,13.07972,2.60,0.12,19
39.74387,13.07893,2.60,0.24,19
39.74576,13.07813,2.60,0.36,19
39.74765,13.07733,2.60,0.48,19
null,null
39.71053,13.09614,2.74,-1.91,20
39.71242,13.09535,2.74,-1.79,20
39.71432,13.09455,2.74,-1.67,20
39.71621,13.09376,2.74,-1.55,20
39.7181,13.09296,2.74,-1.43,20
39.71999,13.09217,2.74,-1.31,20
39.72188,13.09137,2.74,-1.19,20
39.72378,13.09057,2.74,-1.07,20
39.72567,13.08978,2.74,-0.95,20
39.72756,13.08898,2.74,-0.83,20
39.72945,13.08819,2.74,-0.72,20
39.73135,13.08739,2.74,-0.60,20
39.73324,13.08659,2.74,-0.48,20
39.73513,13.0858,2.74,-0.36,20
39.73702,13.085,2.74,-0.24,20
39.73892,13.0842,2.74,-0.12,20
39.74081,13.08341,2.74,0.00,20
39.7427,13.08261,2.74,0.12,20
39.74459,13.08182,2.74,0.24,20
39.74648,13.08102,2.74,0.36,20
39.74838,13.08022,2.74,0.48,20
null,null
39.71125,13.09903,2.89,-1.91,21
39.71315,13.09824,2.89,-1.79,21
39.71504,13.09744,2.89,-1.67,21
39.71693,13.09664,2.89,-1.55,21
39.71882,13.09585,2.89,-1.43,21
39.72072,13.09505,2.89,-1.31,21
39.72261,13.09426,2.89,-1.19,21
39.7245,13.09346,2.89,-1.07,21
39.72639,13.09267,2.89,-0.95,21
39.72828,13.09187,2.89,-0.83,21
39.73018,13.09107,2.89,-0.72,21
39.73207,13.09028,2.89,-0.60,21
39.73396,13.08948,2.89,-0.48,21
39.73585,13.08868,2.89,-0.36,21
39.73775,13.08789,2.89,-0.24,21
39.73964,13.08709,2.89,-0.12,21
39.74153,13.0863,2.89,0.00,21
39.74342,13.0855,2.89,0.12,21
39.74531,13.0847,2.89,0.24,21
39.74721,13.08391,2.89,0.36,21
39.7491,13.08311,2.89,0.48,21
null,null
39.71198,13.10192,3.03,-1.91,22
39.71387,13.10112,3.03,-1.79,22
39.71576,13.10033,3.03,-1.67,22
39.71765,13.09953,3.03,-1.55,22
39.71955,13.09874,3.03,-1.43,22
39.72144,13.09794,3.03,-1.31,22
39.72333,13.09714,3.03,-1.19,22
39.72522,13.09635,3.03,-1.07,22
39.72711,13.09555,3.03,-0.95,22
39.72901,13.09476,3.03,-0.83,22
39.7309,13.09396,3.03,-0.72,22
39.73279,13.09316,3.03,-0.60,22
39.73468,13.09237,3.03,-0.48,22
39.73658,13.09157,3.03,-0.36,22
39.73847,13.09078,3.03,-0.24,22
39.74036,13.08998,3.03,-0.12,22
39.74225,13.08918,3.03,0.00,22
39.74414,13.08839,3.03,0.12,22
39.74604,13.08759,3.03,0.24,22
39.74793,13.08679,3.03,0.36,22
39.74982,13.086,3.03,0.48,22
null,null
39.7127,13.10481,3.17,-1.91,23
39.71459,13.10401,3.17,-1.79,23
39.71648,13.10322,3.17,-1.67,23
39.71838,13.10242,3.17,-1.55,23
39.72027,13.10162,3.17,-1.43,23
39.72216,13.10083,3.17,-1.31,23
39.72405,13.10003,3.17,-1.19,23
39.72594,13.09924,3.17,-1.07,23
39.72784,13.09844,3.17,-0.95,23
39.72973,13.09764,3.17,-0.83,23
39.73162,13.09685,3.17,-0.72,23
39.73351,13.09605,3.17,-0.60,23
39.73541,13.09526,3.17,-0.48,23
39.7373,13.09446,3.17,-0.36,23
39.73919,13.09366,3.17,-0.24,23
39.74108,13.09287,3.17,-0.12,23
39.74298,13.09207,3.17,0.00,23
39.74487,13.09127,3.17,0.12,23
39.74676,13.09048,3.17,0.24,23
39.74865,13.08968,3.17,0.36,23
39.75054,13.08888,3.17,0.48,23
null,null
39.71342,13.10769,3.31,-1.91,24
39.71531,13.1069,3.31,-1.79,24
39.71721,13.1061,3.31,-1.67,24
39.7191,13.10531,3.31,-1.55,24
39.72099,13.10451,3.31,-1.43,24
39.72288,13.10372,3.31,-1.31,24
39.72478,13.10292,3.31,-1.19,24
39.72667,13.10212,3.31,-1.07,24
39.72856,13.10133,3.31,-0.95,24
39.73045,13.10053,3.31,-0.83,24
39.73234,13.09974,3.31,-0.72,24
39.73424,13.09894,3.31,-0.60,24
39.73613,13.09814,3.31,-0.48,24
39.73802,13.09735,3.31,-0.36,24
39.73991,13.09655,3.31,-0.24,24
39.74181,13.09575,3.31,-0.12,24
39.7437,13.09496,3.31,0.00,24
39.74559,13.09416,3.31,0.12,24
39.74748,13.09336,3.31,0.24,24
39.74937,13.09257,3.31,0.36,24
39.75127,13.09177,3.31,0.48,24
null,null
39.71414,13.11058,3.45,-1.91,25
39.71604,13.10979,3.45,-1.79,25
39.71793,13.10899,3.45,-1.67,25
39.71982,13.1082,3.45,-1.55,25
39.72171,13.1074,3.45,-1.43,25
39.72361,13.1066,3.45,-1.31,25
39.7255,13.10581,3.45,-1.19,25
39.72739,13.10501,3.45,-1.07,25
39.72928,13.10422,3.45,-0.95,25
39.73117,13.10342,3.45,-0.83,25
39.73307,13.10262,3.45,-0.72,25
39.73496,13.10183,3.45,-0.60,25
39.73685,13.10103,3.45,-0.48,25
39.73874,13.10023,3.45,-0.36,25
39.74064,13.09944,3.45,-0.24,25
39.74253,13.09864,3.45,-0.12,25
39.74442,13.09785,3.45,0.00,25
39.74631,13.09705,3.45,0.12,25
39.7482,13.09625,3.45,0.24,25
39.7501,13.09546,3.45,0.36,25
39.75199,13.09466,3.45,0.48,25
null,null
39.71487,13.11347,3.59,-1.91,26
39.71676,13.11267,3.59,-1.79,26
39.71865,13.11188,3.59,-1.67,26
39.72054,13.11108,3.59,-1.55,26
39.72244,13.11029,3.59,-1.43,26
39.72433,13.10949,3.59,-1.31,26
39.72622,13.1087,3.59,-1.19,26
39.72811,13.1079,3.59,-1.07,26
39.73,13.1071,3.59,-0.95,26
39.7319,13.10631,3.59,-0.83,26
39.73379,13.10551,3.59,-0.72,26
39.73568,13.10471,3.59,-0.60,26
39.73757,13.10392,3.59,-0.48,26
39.73947,13.10312,3.59,-0.36,26
39.74136,13.10233,3.59,-0.24,26
39.74325,13.10153,3.59,-0.12,26
39.74514,13.10073,3.59,0.00,26
39.74703,13.09994,3.59,0.12,26
39.74893,13.09914,3.59,0.24,26
39.75082,13.09834,3.59,0.36,26
39.75271,13.09755,3.59,0.48,26
null,null
39.71559,13.11636,3.73,-1.91,27
39.71748,13.11556,3.73,-1.79,27
39.71937,13.11477,3.73,-1.67,27
39.72127,13.11397,3.73,-1.55,27
39.72316,13.11317,3.73,-1.43,27
39.72505,13.11238,3.73,-1.31,27
39.72694,13.11158,3.73,-1.19,27
39.72883,13.11079,3.73,-1.07,27
39.73073,13.10999,3.73,-0.95,27
39.73262,13.10919,3.73,-0.83,27
39.73451,13.1084,3.73,-0.72,27
39.7364,13.1076,3.73,-0.60,27
39.7383,13.10681,3.73,-0.48,27
39.74019,13.10601,3.73,-0.36,27
39.74208,13.10521,3.73,-0.24,27
39.74397,13.10442,3.73,-0.12,27
39.74586,13.10362,3.73,0.00,27
39.74776,13.10282,3.73,0.12,27
39.74965,13.10203,3.73,0.24,27
39.75154,13.10123,3.73,0.36,27
39.75343,13.10043,3.73,0.48,27
null,null
39.71631,13.11925,3.87,-1.91,28
39.7182,13.11845,3.87,-1.79,28
39.72009,13.11765,3.87,-1.67,28
39.72199,13.11686,3.87,-1.55,28
39.72388,13.11606,3.87,-1.43,28
39.72577,13.11527,3.87,-1.31,28
39.72766,13.11447,3.87,-1.19,28
39.72956,13.11367,3.87,-1.07,28
39.73145,13.11288,3.87,-0.95,28
39.73334,13.11208,3.87,-0.83,28
39.73523,13.11129,3.87,-0.72,28
39.73713,13.11049,3.87,-0.60,28
39.73902,13.10969,3.87,-0.48,28
39.74091,13.1089,3.87,-0.36,28
39.7428,13.1081,3.87,-0.24,28
39.74469,13.1073,3.87,-0.12,28
39.74659,13.10651,3.87,0.00,28
39.74848,13.10571,3.87,0.12,28
39.75037,13.10492,3.87,0.24,28
39.75226,13.10412,3.87,0.36,28
39.75416,13.10332,3.87,0.48,28
null,null
39.71703,13.12213,4.01,-1.91,29
39.71892,13.12134,4.01,-1.79,29
39.72082,13.12054,4.01,-1.67,29
39.72271,13.11975,4.01,-1.55,29
39.7246,13.11895,4.01,-1.43,29
39.72649,13.11815,4.01,-1.31,29
39.72839,13.11736,4.01,-1.19,29
39.73028,13.11656,4.01,-1.07,29
39.73217,13.11577,4.01,-0.95,29
39.73406,13.11497,4.01,-0.83,29
39.73596,13.11417,4.01,-0.72,29
39.73785,13.11338,4.01,-0.60,29
39.73974,13.11258,4.01,-0.48,29
39.74163,13.11179,4.01,-0.36,29
39.74352,13.11099,4.01,-0.24,29
39.74542,13.11019,4.01,-0.12,29
39.74731,13.1094,4.01,0.00,29
39.7492,13.1086,4.01,0.12,29
39.75109,13.1078,4.01,0.24,29
39.75299,13.10701,4.01,0.36,29
39.75488,13.10621,4.01,0.48,29
null,null
39.71775,13.12502,4.15,-1.91,30
39.71965,13.12423,4.15,-1.79,30
39.72154,13.12343,4.15,-1.67,30
39.72343,13.12263,4.15,-1.55,30
39.72532,13.12184,4.15,-1.43,30
39.72722,13.12104,4.15,-1.31,30
39.72911,13.12025,4.15,-1.19,30
39.731,13.11945,4.15,-1.07,30
39.73289,13.11865,4.15,-0.95,30
39.73479,13.11786,4.15,-0.83,30
39.73668,13.11706,4.15,-0.72,30
39.73857,13.11627,4.15,-0.60,30
39.74046,13.11547,4.15,-0.48,30
39.74235,13.11467,4.15,-0.36,30
39.74425,13.11388,4.15,-0.24,30
39.74614,13.11308,4.15,-0.12,30
39.74803,13.11228,4.15,0.00,30
39.74992,13.11149,4.15,0.12,30
39.75182,13.11069,4.15,0.24,30
39.75371,13.10989,4.15,0.36,30
39.7556,13.1091,4.15,0.48,30
null,null
39.71848,13.12791,4.29,-1.91,31
39.72037,13.12711,4.29,-1.79,31
39.72226,13.12632,4.29,-1.67,31
39.72415,13.12552,4.29,-1.55,31
39.72605,13.12473,4.29,-1.43,31
39.72794,13.12393,4.29,-1.31,31
39.72983,13.12313,4.29,-1.19,31
39.73172,13.12234,4.29,-1.07,31
39.73361,13.12154,4.29,-0.95,31
39.73551,13.12075,4.29,-0.83,31
39.7374,13.11995,4.29,-0.72,31
39.73929,13.11915,4.29,-0.60,31
39.74118,13.11836,4.29,-0.48,31
39.74308,13.11756,4.29,-0.36,31
39.74497,13.11676,4.29,-0.24,31
39.74686,13.11597,4.29,-0.12,31
39.74875,13.11517,4.29,0.00,31
39.75065,13.11438,4.29,0.12,31
39.75254,13.11358,4.29,0.24,31
39.75443,13.11278,4.29,0.36,31
39.75632,13.11199,4.29,0.48,31
null,null
39.7192,13.1308,4.43,-1.91,32
39.72109,13.13,4.43,-1.79,32
39.72298,13.12921,4.43,-1.67,32
39.72488,13.12841,4.43,-1.55,32
39.72677,13.12761,4.43,-1.43,32
39.72866,13.12682,4.43,-1.31,32
39.73055,13.12602,4.43,-1.19,32
39.73244,13.12523,4.43,-1.07,32
39.73434,13.12443,4.43,-0.95,32
39.73623,13.12363,4.43,-0.83,32
39.73812,13.12284,4.43,-0.72,32
39.74001,13.12204,4.43,-0.60,32
39.74191,13.12125,4.43,-0.48,32
39.7438,13.12045,4.43,-0.36,32
39.74569,13.11965,4.43,-0.24,32
39.74758,13.11886,4.43,-0.12,32
39.74947,13.11806,4.43,0.00,32
39.75137,13.11726,4.43,0.12,32
39.75326,13.11647,4.43,0.24,32
39.75515,13.11567,4.43,0.36,32
39.75704,13.11487,4.43,0.48,32
null,null
39.71992,13.13369,4.57,-1.91,33
39.72181,13.13289,4.57,-1.79,33
39.7237,13.13209,4.57,-1.67,33
39.7256,13.1313,4.57,-1.55,33
39.72749,13.1305,4.57,-1.43,33
39.72938,13.12971,4.57,-1.31,33
39.73127,13.12891,4.57,-1.19,33
39.73317,13.12811,4.57,-1.07,33
39.73506,13.12732,4.57,-0.95,33
39.73695,13.12652,4.57,-0.83,33
39.73884,13.12573,4.57,-0.72,33
39.74074,13.12493,4.57,-0.60,33
39.74263,13.12413,4.57,-0.48,33
39.74452,13.12334,4.57,-0.36,33
39.74641,13.12254,4.57,-0.24,33
39.7483,13.12174,4.57,-0.12,33
39.7502,13.12095,4.57,0.00,33
39.75209,13.12015,4.57,0.12,33
39.75398,13.11935,4.57,0.24,33
39.75587,13.11856,4.57,0.36,33
39.75777,13.11776,4.57,0.48,33
null,null
39.72064,13.13657,4.71,-1.91,34
39.72253,13.13578,4.71,-1.79,34
39.72443,13.13498,4.71,-1.67,34
39.72632,13.13419,4.71,-1.55,34
39.72821,13.13339,4.71,-1.43,34
39.7301,13.13259,4.71,-1.31,34
39.732,13.1318,4.71,-1.19,34
39.73389,13.131,4.71,-1.07,34
39.73578,13.13021,4.71,-0.95,34
39.73767,13.12941,4.71,-0.83,34
39.73956,13.12861,4.71,-0.72,34
39.74146,13.12782,4.71,-0.60,34
39.74335,13.12702,4.71,-0.48,34
39.74524,13.12623,4.71,-0.36,34
39.74713,13.12543,4.71,-0.24,34
39.74903,13.12463,4.71,-0.12,34
39.75092,13.12384,4.71,0.00,34
39.75281,13.12304,4.71,0.12,34
39.7547,13.12224,4.71,0.24,34
39.75659,13.12145,4.71,0.36,34
39.75849,13.12065,4.71,0.48,34
null,null
39.72136,13.13946,4.85,-1.91,35
39.72326,13.13867,4.85,-1.79,35
39.72515,13.13787,4.85,-1.67,35
39.72704,13.13707,4.85,-1.55,35
39.72893,13.13628,4.85,-1.43,35
39.73082,13.13548,4.85,-1.31,35
39.73272,13.13469,4.85,-1.19,35
39.73461,13.13389,4.85,-1.07,35
39.7365,13.13309,4.85,-0.95,35
39.73839,13.1323,4.85,-0.83,35
39.74029,13.1315,4.85,-0.72,35
39.74218,13.13071,4.85,-0.60,35
39.74407,13.12991,4.85,-0.48,35
39.74596,13.12911,4.85,-0.36,35
39.74786,13.12832,4.85,-0.24,35
39.74975,13.12752,4.85,-0.12,35
39.75164,13.12672,4.85,0.00,35
39.75353,13.12593,4.85,0.12,35
39.75542,13.12513,4.85,0.24,35
39.75732,13.12433,4.85,0.36,35
39.75921,13.12354,4.85,0.48,35
null,null
39.69606,13.03841,-0.06,-1.91,0
39.69679,13.04129,0.08,-1.91,1
39.69751,13.04418,0.22,-1.91,2
39.69823,13.04706,0.36,-1.91,3
39.69896,13.04995,0.50,-1.91,4
39.69968,13.05283,0.64,-1.91,5
39.70041,13.05572,0.78,-1.91,6
39.70113,13.0586,0.92,-1.91,7
39.70185,13.06149,1.06,-1.91,8
39.70258,13.06438,1.20,-1.91,9
39.7033,13.06726,1.34,-1.91,10
39.70402,13.07015,1.48,-1.91,11
39.70475,13.07303,1.62,-1.91,12
39.70547,13.07592,1.76,-1.91,13
39.70619,13.0788,1.90,-1.91,14
39.70692,13.08169,2.04,-1.91,15
39.70764,13.08457,2.18,-1.91,16
39.70836,13.08746,2.32,-1.91,17
39.70909,13.09035,2.46,-1.91,18
39.70981,13.09323,2.60,-1.91,19
39.71053,13.09612,2.74,-1.91,20
39.71125,13.099,2.89,-1.91,21
39.71198,13.10189,3.03,-1.91,22
39.7127,13.10478,3.17,-1.91,23
39.71342,13.10766,3.31,-1.91,24
39.71414,13.11055,3.45,-1.91,25
39.71487,13.11343,3.59,-1.91,26
39.71559,13.11632,3.73,-1.91,27
39.71631,13.11921,3.87,-1.91,28
39.71703,13.12209,4.01,-1.91,29
39.71775,13.12498,4.15,-1.91,30
39.71848,13.12787,4.29,-1.91,31
39.7192,13.13075,4.43,-1.91,32
39.71992,13.13364,4.57,-1.91,33
39.72064,13.13653,4.71,-1.91,34
39.72136,13.13941,4.85,-1.91,35
null,null
39.69795,13.03761,-0.06,-1.79,0
39.69868,13.0405,0.08,-1.79,1
39.6994,13.04338,0.22,-1.79,2
39.70013,13.04627,0.36,-1.79,3
39.70085,13.04915,0.50,-1.79,4
39.70157,13.05204,0.64,-1.79,5
39.7023,13.05492,0.78,-1.79,6
39.70302,13.05781,0.92,-1.79,7
39.70375,13.06069,1.06,-1.79,8
39.70447,13.06358,1.20,-1.79,9
39.70519,13.06647,1.34,-1.79,10
39.70592,13.06935,1.48,-1.79,11
39.70664,13.07224,1.62,-1.79,12
39.70736,13.07512,1.76,-1.79,13
39.70809,13.07801,1.90,-1.79,14
39.70881,13.08089,2.04,-1.79,15
39.70953,13.08378,2.18,-1.79,16
39.71025,13.08667,2.32,-1.79,17
39.71098,13.08955,2.46,-1.79,18
39.7117,13.09244,2.60,-1.79,19
39.71242,13.09532,2.74,-1.79,20
39.71315,13.09821,2.89,-1.79,21
39.71387,13.1011,3.03,-1.79,22
39.71459,13.10398,3.17,-1.79,23
39.71531,13.10687,3.31,-1.79,24
39.71604,13.10975,3.45,-1.79,25
39.71676,13.11264,3.59,-1.79,26
39.71748,13.11553,3.73,-1.79,27
39.7182,13.11841,3.87,-1.79,28
39.71892,13.1213,4.01,-1.79,29
39.71965,13.12419,4.15,-1.79,30
39.72037,13.12707,4.29,-1.79,31
39.72109,13.12996,4.43,-1.79,32
39.72181,13.13285,4.57,-1.79,33
39.72253,13.13573,4.71,-1.79,34
39.72326,13.13862,4.85,-1.79,35
null,null
39.69985,13.03682,-0.06,-1.67,0
39.70057,13.0397,0.08,-1.67,1
39.7013,13.04259,0.22,-1.67,2
39.70202,13.04547,0.36,-1.67,3
39.70274,13.04836,0.50,-1.67,4
39.70347,13.05124,0.64,-1.67,5
39.70419,13.05413,0.78,-1.67,6
39.70491,13.05701,0.92,-1.67,7
39.70564,13.0599,1.06,-1.67,8
39.70636,13.06279,1.20,-1.67,9
39.70709,13.06567,1.34,-1.67,10
39.70781,13.06856,1.48,-1.67,11
39.70853,13.07144,1.62,-1.67,12
39.70925,13.07433,1.76,-1.67,13
39.70998,13.07721,1.90,-1.67,14
39.7107,13.0801,2.04,-1.67,15
39.71142,13.08299,2.18,-1.67,16
39.71215,13.08587,2.32,-1.67,17
39.71287,13.08876,2.46,-1.67,18
39.71359,13.09164,2.60,-1.67,19
39.71432,13.09453,2.74,-1.67,20
39.71504,13.09742,2.89,-1.67,21
39.71576,13.1003,3.03,-1.67,22
39.71648,13.10319,3.17,-1.67,23
39.71721,13.10607,3.31,-1.67,24
39.71793,13.10896,3.45,-1.67,25
39.71865,13.11185,3.59,-1.67,26
39.71937,13.11473,3.73,-1.67,27
39.72009,13.11762,3.87,-1.67,28
39.72082,13.12051,4.01,-1.67,29
39.72154,13.12339,4.15,-1.67,30
39.72226,13.12628,4.29,-1.67,31
39.72298,13.12917,4.43,-1.67,32
39.7237,13.13205,4.57,-1.67,33
39.72443,13.13494,4.71,-1.67,34
39.72515,13.13783,4.85,-1.67,35
null,null
39.70174,13.03602,-0.06,-1.55,0
39.70246,13.03891,0.08,-1.55,1
39.70319,13.04179,0.22,-1.55,2
39.70391,13.04468,0.36,-1.55,3
39.70464,13.04756,0.50,-1.55,4
39.70536,13.05045,0.64,-1.55,5
39.70608,13.05333,0.78,-1.55,6
39.70681,13.05622,0.92,-1.55,7
39.70753,13.0591,1.06,-1.55,8
39.70825,13.06199,1.20,-1.55,9
39.70898,13.06488,1.34,-1.55,10
39.7097,13.06776,1.48,-1.55,11
39.71042,13.07065,1.62,-1.55,12
39.71115,13.07353,1.76,-1.55,13
39.71187,13.07642,1.90,-1.55,14
39.71259,13.07931,2.04,-1.55,15
39.71332,13.08219,2.18,-1.55,16
39.71404,13.08508,2.32,-1.55,17
39.71476,13.08796,2.46,-1.55,18
39.71549,13.09085,2.60,-1.55,19
39.71621,13.09374,2.74,-1.55,20
39.71693,13.09662,2.89,-1.55,21
39.71765,13.09951,3.03,-1.55,22
39.71838,13.10239,3.17,-1.55,23
39.7191,13.10528,3.31,-1.55,24
39.71982,13.10817,3.45,-1.55,25
39.72054,13.11105,3.59,-1.55,26
39.72127,13.11394,3.73,-1.55,27
39.72199,13.11683,3.87,-1.55,28
39.72271,13.11971,4.01,-1.55,29
39.72343,13.1226,4.15,-1.55,30
39.72415,13.12549,4.29,-1.55,31
39.72488,13.12837,4.43,-1.55,32
39.7256,13.13126,4.57,-1.55,33
39.72632,13.13415,4.71,-1.55,34
39.72704,13.13704,4.85,-1.55,35
null,null
39.70363,13.03523,-0.06,-1.43,0
39.70436,13.03811,0.08,-1.43,1
39.70508,13.041,0.22,-1.43,2
39.7058,13.04388,0.36,-1.43,3
39.70653,13.04677,0.50,-1.43,4
39.70725,13.04965,0.64,-1.43,5
39.70798,13.05254,0.78,-1.43,6
39.7087,13.05542,0.92,-1.43,7
39.70942,13.05831,1.06,-1.43,8
39.71015,13.0612,1.20,-1.43,9
39.71087,13.06408,1.34,-1.43,10
39.71159,13.06697,1.48,-1.43,11
39.71232,13.06985,1.62,-1.43,12
39.71304,13.07274,1.76,-1.43,13
39.71376,13.07562,1.90,-1.43,14
39.71449,13.07851,2.04,-1.43,15
39.71521,13.0814,2.18,-1.43,16
39.71593,13.08428,2.32,-1.43,17
39.71665,13.08717,2.46,-1.43,18
39.71738,13.09006,2.60,-1.43,19
39.7181,13.09294,2.74,-1.43,20
39.71882,13.09583,2.89,-1.43,21
39.71955,13.09871,3.03,-1.43,22
39.72027,13.1016,3.17,-1.43,23
39.72099,13.10449,3.31,-1.43,24
39.72171,13.10737,3.45,-1.43,25
39.72244,13.11026,3.59,-1.43,26
39.72316,13.11315,3.73,-1.43,27
39.72388,13.11603,3.87,-1.43,28
39.7246,13.11892,4.01,-1.43,29
39.72532,13.12181,4.15,-1.43,30
39.72605,13.12469,4.29,-1.43,31
39.72677,13.12758,4.43,-1.43,32
39.72749,13.13047,4.57,-1.43,33
39.72821,13.13336,4.71,-1.43,34
39.72893,13.13624,4.85,-1.43,35
null,null
39.70552,13.03443,-0.06,-1.31,0
39.70625,13.03732,0.08,-1.31,1
39.70697,13.0402,0.22,-1.31,2
39.7077,13.04309,0.36,-1.31,3
39.70842,13.04597,0.50,-1.31,4
39.70914,13.04886,0.64,-1.31,5
39.70987,13.05174,0.78,-1.31,6
39.71059,13.05463,0.92,-1.31,7
39.71131,13.05751,1.06,-1.31,8
39.71204,13.0604,1.20,-1.31,9
39.71276,13.06329,1.34,-1.31,10
39.71349,13.06617,1.48,-1.31,11
39.71421,13.06906,1.62,-1.31,12
39.71493,13.07194,1.76,-1.31,13
39.71566,13.07483,1.90,-1.31,14
39.71638,13.07772,2.04,-1.31,15
39.7171,13.0806,2.18,-1.31,16
39.71782,13.08349,2.32,-1.31,17
39.71855,13.08637,2.46,-1.31,18
39.71927,13.08926,2.60,-1.31,19
39.71999,13.09215,2.74,-1.31,20
39.72072,13.09503,2.89,-1.31,21
39.72144,13.09792,3.03,-1.31,22
39.72216,13.10081,3.17,-1.31,23
39.72288,13.10369,3.31,-1.31,24
39.72361,13.10658,3.45,-1.31,25
39.72433,13.10947,3.59,-1.31,26
39.72505,13.11235,3.73,-1.31,27
39.72577,13.11524,3.87,-1.31,28
39.72649,13.11813,4.01,-1.31,29
39.72722,13.12101,4.15,-1.31,30
39.72794,13.1239,4.29,-1.31,31
39.72866,13.12679,4.43,-1.31,32
39.72938,13.12968,4.57,-1.31,33
39.7301,13.13256,4.71,-1.31,34
39.73082,13.13545,4.85,-1.31,35
null,null
39.70742,13.03364,-0.06,-1.19,0
39.70814,13.03652,0.08,-1.19,1
39.70886,13.03941,0.22,-1.19,2
39.70959,13.04229,0.36,-1.19,3
39.71031,13.04518,0.50,-1.19,4
39.71104,13.04806,0.64,-1.19,5
39.71176,13.05095,0.78,-1.19,6
39.71248,13.05383,0.92,-1.19,7
39.71321,13.05672,1.06,-1.19,8
39.71393,13.05961,1.20,-1.19,9
39.71465,13.06249,1.34,-1.19,10
39.71538,13.06538,1.48,-1.19,11
39.7161,13.06826,1.62,-1.19,12
39.71682,13.07115,1.76,-1.19,13
39.71755,13.07404,1.90,-1.19,14
39.71827,13.07692,2.04,-1.19,15
39.71899,13.07981,2.18,-1.19,16
39.71972,13.08269,2.32,-1.19,17
39.72044,13.08558,2.46,-1.19,18
39.72116,13.08847,2.60,-1.19,19
39.72188,13.09135,2.74,-1.19,20
39.72261,13.09424,2.89,-1.19,21
39.72333,13.09713,3.03,-1.19,22
39.72405,13.10001,3.17,-1.19,23
39.72478,13.1029,3.31,-1.19,24
39.7255,13.10579,3.45,-1.19,25
39.72622,13.10867,3.59,-1.19,26
39.72694,13.11156,3.73,-1.19,27
39.72766,13.11445,3.87,-1.19,28
39.72839,13.11733,4.01,-1.19,29
39.72911,13.12022,4.15,-1.19,30
39.72983,13.12311,4.29,-1.19,31
39.73055,13.12599,4.43,-1.19,32
39.73127,13.12888,4.57,-1.19,33
39.732,13.13177,4.71,-1.19,34
39.73272,13.13466,4.85,-1.19,35
null,null
39.70931,13.03284,-0.06,-1.07,0
39.71003,13.03572,0.08,-1.07,1
39.71076,13.03861,0.22,-1.07,2
39.71148,13.0415,0.36,-1.07,3
39.7122,13.04438,0.50,-1.07,4
39.71293,13.04727,0.64,-1.07,5
39.71365,13.05015,0.78,-1.07,6
39.71438,13.05304,0.92,-1.07,7
39.7151,13.05592,1.06,-1.07,8
39.71582,13.05881,1.20,-1.07,9
39.71655,13.0617,1.34,-1.07,10
39.71727,13.06458,1.48,-1.07,11
39.71799,13.06747,1.62,-1.07,12
39.71872,13.07035,1.76,-1.07,13
39.71944,13.07324,1.90,-1.07,14
39.72016,13.07613,2.04,-1.07,15
39.72089,13.07901,2.18,-1.07,16
39.72161,13.0819,2.32,-1.07,17
39.72233,13.08479,2.46,-1.07,18
39.72305,13.08767,2.60,-1.07,19
39.72378,13.09056,2.74,-1.07,20
39.7245,13.09345,2.89,-1.07,21
39.72522,13.09633,3.03,-1.07,22
39.72594,13.09922,3.17,-1.07,23
39.72667,13.10211,3.31,-1.07,24
39.72739,13.10499,3.45,-1.07,25
39.72811,13.10788,3.59,-1.07,26
39.72883,13.11077,3.73,-1.07,27
39.72956,13.11365,3.87,-1.07,28
39.73028,13.11654,4.01,-1.07,29
39.731,13.11943,4.15,-1.07,30
39.73172,13.12231,4.29,-1.07,31
39.73244,13.1252,4.43,-1.07,32
39.73317,13.12809,4.57,-1.07,33
39.73389,13.13098,4.71,-1.07,34
39.73461,13.13386,4.85,-1.07,35
null,null
39.7112,13.03204,-0.06,-0.95,0
39.71193,13.03493,0.08,-0.95,1
39.71265,13.03781,0.22,-0.95,2
39.71337,13.0407,0.36,-0.95,3
39.7141,13.04359,0.50,-0.95,4
39.71482,13.04647,0.64,-0.95,5
39.71554,13.04936,0.78,-0.95,6
39.71627,13.05224,0.92,-0.95,7
39.71699,13.05513,1.06,-0.95,8
39.71772,13.05801,1.20,-0.95,9
39.71844,13.0609,1.34,-0.95,10
39.71916,13.06379,1.48,-0.95,11
39.71989,13.06667,1.62,-0.95,12
39.72061,13.06956,1.76,-0.95,13
39.72133,13.07245,1.90,-0.95,14
39.72206,13.07533,2.04,-0.95,15
39.72278,13.07822,2.18,-0.95,16
39.7235,13.0811,2.32,-0.95,17
39.72422,13.08399,2.46,-0.95,18
39.72495,13.08688,2.60,-0.95,19
39.72567,13.08976,2.74,-0.95,20
39.72639,13.09265,2.89,-0.95,21
39.72711,13.09554,3.03,-0.95,22
39.72784,13.09842,3.17,-0.95,23
39.72856,13.10131,3.31,-0.95,24
39.72928,13.1042,3.45,-0.95,25
39.73,13.10709,3.59,-0.95,26
39.73073,13.10997,3.73,-0.95,27
39.73145,13.11286,3.87,-0.95,28
39.73217,13.11575,4.01,-0.95,29
39.73289,13.11863,4.15,-0.95,30
39.73361,13.12152,4.29,-0.95,31
39.73434,13.12441,4.43,-0.95,32
39.73506,13.1273,4.57,-0.95,33
39.73578,13.13018,4.71,-0.95,34
39.7365,13.13307,4.85,-0.95,35
null,null
39.71309,13.03125,-0.06,-0.83,0
39.71382,13.03413,0.08,-0.83,1
39.71454,13.03702,0.22,-0.83,2
39.71527,13.0399,0.36,-0.83,3
39.71599,13.04279,0.50,-0.83,4
39.71671,13.04568,0.64,-0.83,5
39.71744,13.04856,0.78,-0.83,6
39.71816,13.05145,0.92,-0.83,7
39.71888,13.05433,1.06,-0.83,8
39.71961,13.05722,1.20,-0.83,9
39.72033,13.06011,1.34,-0.83,10
39.72105,13.06299,1.48,-0.83,11
39.72178,13.06588,1.62,-0.83,12
39.7225,13.06876,1.76,-0.83,13
39.72322,13.07165,1.90,-0.83,14
39.72395,13.07454,2.04,-0.83,15
39.72467,13.07742,2.18,-0.83,16
39.72539,13.08031,2.32,-0.83,17
39.72612,13.0832,2.46,-0.83,18
39.72684,13.08608,2.60,-0.83,19
39.72756,13.08897,2.74,-0.83,20
39.72828,13.09186,2.89,-0.83,21
39.72901,13.09474,3.03,-0.83,22
39.72973,13.09763,3.17,-0.83,23
39.73045,13.10052,3.31,-0.83,24
39.73117,13.1034,3.45,-0.83,25
39.7319,13.10629,3.59,-0.83,26
39.73262,13.10918,3.73,-0.83,27
39.73334,13.11207,3.87,-0.83,28
39.73406,13.11495,4.01,-0.83,29
39.73479,13.11784,4.15,-0.83,30
39.73551,13.12073,4.29,-0.83,31
39.73623,13.12361,4.43,-0.83,32
39.73695,13.1265,4.57,-0.83,33
39.73767,13.12939,4.71,-0.83,34
39.73839,13.13228,4.85,-0.83,35
null,null
39.71499,13.03045,-0.06,-0.72,0
39.71571,13.03334,0.08,-0.72,1
39.71643,13.03622,0.22,-0.72,2
39.71716,13.03911,0.36,-0.72,3
39.71788,13.04199,0.50,-0.72,4
39.71861,13.04488,0.64,-0.72,5
39.71933,13.04777,0.78,-0.72,6
39.72005,13.05065,0.92,-0.72,7
39.72078,13.05354,1.06,-0.72,8
39.7215,13.05642,1.20,-0.72,9
39.72222,13.05931,1.34,-0.72,10
39.72295,13.0622,1.48,-0.72,11
39.72367,13.06508,1.62,-0.72,12
39.72439,13.06797,1.76,-0.72,13
39.72512,13.07086,1.90,-0.72,14
39.72584,13.07374,2.04,-0.72,15
39.72656,13.07663,2.18,-0.72,16
39.72729,13.07952,2.32,-0.72,17
39.72801,13.0824,2.46,-0.72,18
39.72873,13.08529,2.60,-0.72,19
39.72945,13.08818,2.74,-0.72,20
39.73018,13.09106,2.89,-0.72,21
39.7309,13.09395,3.03,-0.72,22
39.73162,13.09684,3.17,-0.72,23
39.73234,13.09972,3.31,-0.72,24
39.73307,13.10261,3.45,-0.72,25
39.73379,13.1055,3.59,-0.72,26
39.73451,13.10838,3.73,-0.72,27
39.73523,13.11127,3.87,-0.72,28
39.73596,13.11416,4.01,-0.72,29
39.73668,13.11705,4.15,-0.72,30
39.7374,13.11993,4.29,-0.72,31
39.73812,13.12282,4.43,-0.72,32
39.73884,13.12571,4.57,-0.72,33
39.73956,13.1286,4.71,-0.72,34
39.74029,13.13148,4.85,-0.72,35
null,null
39.71688,13.02966,-0.06,-0.60,0
39.7176,13.03254,0.08,-0.60,1
39.71833,13.03543,0.22,-0.60,2
39.71905,13.03831,0.36,-0.60,3
39.71977,13.0412,0.50,-0.60,4
39.7205,13.04408,0.64,-0.60,5
39.72122,13.04697,0.78,-0.60,6
39.72195,13.04986,0.92,-0.60,7
39.72267,13.05274,1.06,-0.60,8
39.72339,13.05563,1.20,-0.60,9
39.72412,13.05852,1.34,-0.60,10
39.72484,13.0614,1.48,-0.60,11
39.72556,13.06429,1.62,-0.60,12
39.72629,13.06717,1.76,-0.60,13
39.72701,13.07006,1.90,-0.60,14
39.72773,13.07295,2.04,-0.60,15
39.72845,13.07583,2.18,-0.60,16
39.72918,13.07872,2.32,-0.60,17
39.7299,13.08161,2.46,-0.60,18
39.73062,13.08449,2.60,-0.60,19
39.73135,13.08738,2.74,-0.60,20
39.73207,13.09027,2.89,-0.60,21
39.73279,13.09315,3.03,-0.60,22
39.73351,13.09604,3.17,-0.60,23
39.73424,13.09893,3.31,-0.60,24
39.73496,13.10182,3.45,-0.60,25
39.73568,13.1047,3.59,-0.60,26
39.7364,13.10759,3.73,-0.60,27
39.73713,13.11048,3.87,-0.60,28
39.73785,13.11337,4.01,-0.60,29
39.73857,13.11625,4.15,-0.60,30
39.73929,13.11914,4.29,-0.60,31
39.74001,13.12203,4.43,-0.60,32
39.74074,13.12492,4.57,-0.60,33
39.74146,13.1278,4.71,-0.60,34
39.74218,13.13069,4.85,-0.60,35
null,null
39.71877,13.02886,-0.06,-0.48,0
39.71949,13.03175,0.08,-0.48,1
39.72022,13.03463,0.22,-0.48,2
39.72094,13.03752,0.36,-0.48,3
39.72167,13.0404,0.50,-0.48,4
39.72239,13.04329,0.64,-0.48,5
39.72311,13.04618,0.78,-0.48,6
39.72384,13.04906,0.92,-0.48,7
39.72456,13.05195,1.06,-0.48,8
39.72528,13.05483,1.20,-0.48,9
39.72601,13.05772,1.34,-0.48,10
39.72673,13.06061,1.48,-0.48,11
39.72745,13.06349,1.62,-0.48,12
39.72818,13.06638,1.76,-0.48,13
39.7289,13.06927,1.90,-0.48,14
39.72962,13.07215,2.04,-0.48,15
39.73035,13.07504,2.18,-0.48,16
39.73107,13.07793,2.32,-0.48,17
39.73179,13.08081,2.46,-0.48,18
39.73252,13.0837,2.60,-0.48,19
39.73324,13.08659,2.74,-0.48,20
39.73396,13.08947,2.89,-0.48,21
39.73468,13.09236,3.03,-0.48,22
39.73541,13.09525,3.17,-0.48,23
39.73613,13.09813,3.31,-0.48,24
39.73685,13.10102,3.45,-0.48,25
39.73757,13.10391,3.59,-0.48,26
39.7383,13.1068,3.73,-0.48,27
39.73902,13.10968,3.87,-0.48,28
39.73974,13.11257,4.01,-0.48,29
39.74046,13.11546,4.15,-0.48,30
39.74118,13.11835,4.29,-0.48,31
39.74191,13.12123,4.43,-0.48,32
39.74263,13.12412,4.57,-0.48,33
39.74335,13.12701,4.71,-0.48,34
39.74407,13.1299,4.85,-0.48,35
null,null
39.72066,13.02806,-0.06,-0.36,0
39.72139,13.03095,0.08,-0.36,1
39.72211,13.03384,0.22,-0.36,2
39.72283,13.03672,0.36,-0.36,3
39.72356,13.03961,0.50,-0.36,4
39.72428,13.04249,0.64,-0.36,5
39.72501,13.04538,0.78,-0.36,6
39.72573,13.04827,0.92,-0.36,7
39.72645,13.05115,1.06,-0.36,8
39.72718,13.05404,1.20,-0.36,9
39.7279,13.05692,1.34,-0.36,10
39.72862,13.05981,1.48,-0.36,11
39.72935,13.0627,1.62,-0.36,12
39.73007,13.06558,1.76,-0.36,13
39.73079,13.06847,1.90,-0.36,14
39.73152,13.07136,2.04,-0.36,15
39.73224,13.07424,2.18,-0.36,16
39.73296,13.07713,2.32,-0.36,17
39.73369,13.08002,2.46,-0.36,18
39.73441,13.0829,2.60,-0.36,19
39.73513,13.08579,2.74,-0.36,20
39.73585,13.08868,2.89,-0.36,21
39.73658,13.09157,3.03,-0.36,22
39.7373,13.09445,3.17,-0.36,23
39.73802,13.09734,3.31,-0.36,24
39.73874,13.10023,3.45,-0.36,25
39.73947,13.10312,3.59,-0.36,26
39.74019,13.106,3.73,-0.36,27
39.74091,13.10889,3.87,-0.36,28
39.74163,13.11178,4.01,-0.36,29
39.74235,13.11467,4.15,-0.36,30
39.74308,13.11755,4.29,-0.36,31
39.7438,13.12044,4.43,-0.36,32
39.74452,13.12333,4.57,-0.36,33
39.74524,13.12622,4.71,-0.36,34
39.74596,13.1291,4.85,-0.36,35
null,null
39.72255,13.02727,-0.06,-0.24,0
39.72328,13.03015,0.08,-0.24,1
39.724,13.03304,0.22,-0.24,2
39.72473,13.03593,0.36,-0.24,3
39.72545,13.03881,0.50,-0.24,4
39.72617,13.0417,0.64,-0.24,5
39.7269,13.04458,0.78,-0.24,6
39.72762,13.04747,0.92,-0.24,7
39.72835,13.05036,1.06,-0.24,8
39.72907,13.05324,1.20,-0.24,9
39.72979,13.05613,1.34,-0.24,10
39.73052,13.05902,1.48,-0.24,11
39.73124,13.0619,1.62,-0.24,12
39.73196,13.06479,1.76,-0.24,13
39.73269,13.06768,1.90,-0.24,14
39.73341,13.07056,2.04,-0.24,15
39.73413,13.07345,2.18,-0.24,16
39.73485,13.07634,2.32,-0.24,17
39.73558,13.07922,2.46,-0.24,18
39.7363,13.08211,2.60,-0.24,19
39.73702,13.085,2.74,-0.24,20
39.73775,13.08788,2.89,-0.24,21
39.73847,13.09077,3.03,-0.24,22
39.73919,13.09366,3.17,-0.24,23
39.73991,13.09655,3.31,-0.24,24
39.74064,13.09943,3.45,-0.24,25
39.74136,13.10232,3.59,-0.24,26
39.74208,13.10521,3.73,-0.24,27
39.7428,13.1081,3.87,-0.24,28
39.74352,13.11098,4.01,-0.24,29
39.74425,13.11387,4.15,-0.24,30
39.74497,13.11676,4.29,-0.24,31
39.74569,13.11965,4.43,-0.24,32
39.74641,13.12253,4.57,-0.24,33
39.74713,13.12542,4.71,-0.24,34
39.74786,13.12831,4.85,-0.24,35
null,null
39.72445,13.02647,-0.06,-0.12,0
39.72517,13.02936,0.08,-0.12,1
39.7259,13.03224,0.22,-0.12,2
39.72662,13.03513,0.36,-0.12,3
39.72734,13.03802,0.50,-0.12,4
39.72807,13.0409,0.64,-0.12,5
39.72879,13.04379,0.78,-0.12,6
39.72951,13.04667,0.92,-0.12,7
39.73024,13.04956,1.06,-0.12,8
39.73096,13.05245,1.20,-0.12,9
39.73168,13.05533,1.34,-0.12,10
39.73241,13.05822,1.48,-0.12,11
39.73313,13.06111,1.62,-0.12,12
39.73385,13.06399,1.76,-0.12,13
39.73458,13.06688,1.90,-0.12,14
39.7353,13.06977,2.04,-0.12,15
39.73602,13.07265,2.18,-0.12,16
39.73675,13.07554,2.32,-0.12,17
39.73747,13.07843,2.46,-0.12,18
39.73819,13.08132,2.60,-0.12,19
39.73892,13.0842,2.74,-0.12,20
39.73964,13.08709,2.89,-0.12,21
39.74036,13.08998,3.03,-0.12,22
39.74108,13.09286,3.17,-0.12,23
39.74181,13.09575,3.31,-0.12,24
39.74253,13.09864,3.45,-0.12,25
39.74325,13.10153,3.59,-0.12,26
39.74397,13.10441,3.73,-0.12,27
39.74469,13.1073,3.87,-0.12,28
39.74542,13.11019,4.01,-0.12,29
39.74614,13.11308,4.15,-0.12,30
39.74686,13.11597,4.29,-0.12,31
39.74758,13.11885,4.43,-0.12,32
39.7483,13.12174,4.57,-0.12,33
39.74903,13.12463,4.71,-0.12,34
39.74975,13.12752,4.85,-0.12,35
null,null
39.72634,13.02567,-0.06,0.00,0
39.72706,13.02856,0.08,0.00,1
39.72779,13.03145,0.22,0.00,2
39.72851,13.03433,0.36,0.00,3
39.72924,13.03722,0.50,0.00,4
39.72996,13.04011,0.64,0.00,5
39.73068,13.04299,0.78,0.00,6
39.73141,13.04588,0.92,0.00,7
39.73213,13.04877,1.06,0.00,8
39.73285,13.05165,1.20,0.00,9
39.73358,13.05454,1.34,0.00,10
39.7343,13.05743,1.48,0.00,11
39.73502,13.06031,1.62,0.00,12
39.73575,13.0632,1.76,0.00,13
39.73647,13.06609,1.90,0.00,14
39.73719,13.06897,2.04,0.00,15
39.73792,13.07186,2.18,0.00,16
39.73864,13.07475,2.32,0.00,17
39.73936,13.07763,2.46,0.00,18
39.74008,13.08052,2.60,0.00,19
39.74081,13.08341,2.74,0.00,20
39.74153,13.0863,2.89,0.00,21
39.74225,13.08918,3.03,0.00,22
39.74298,13.09207,3.17,0.00,23
39.7437,13.09496,3.31,0.00,24
39.74442,13.09785,3.45,0.00,25
39.74514,13.10073,3.59,0.00,26
39.74586,13.10362,3.73,0.00,27
39.74659,13.10651,3.87,0.00,28
39.74731,13.1094,4.01,0.00,29
39.74803,13.11228,4.15,0.00,30
39.74875,13.11517,4.29,0.00,31
39.74947,13.11806,4.43,0.00,32
39.7502,13.12095,4.57,0.00,33
39.75092,13.12384,4.71,0.00,34
39.75164,13.12672,4.85,0.00,35
null,null
39.72823,13.02488,-0.06,0.12,0
39.72896,13.02776,0.08,0.12,1
39.72968,13.03065,0.22,0.12,2
39.7304,13.03354,0.36,0.12,3
39.73113,13.03642,0.50,0.12,4
39.73185,13.03931,0.64,0.12,5
39.73258,13.0422,0.78,0.12,6
39.7333,13.04508,0.92,0.12,7
39.73402,13.04797,1.06,0.12,8
39.73475,13.05086,1.20,0.12,9
39.73547,13.05374,1.34,0.12,10
39.73619,13.05663,1.48,0.12,11
39.73692,13.05952,1.62,0.12,12
39.73764,13.0624,1.76,0.12,13
39.73836,13.06529,1.90,0.12,14
39.73909,13.06818,2.04,0.12,15
39.73981,13.07106,2.18,0.12,16
39.74053,13.07395,2.32,0.12,17
39.74125,13.07684,2.46,0.12,18
39.74198,13.07973,2.60,0.12,19
39.7427,13.08261,2.74,0.12,20
39.74342,13.0855,2.89,0.12,21
39.74414,13.08839,3.03,0.12,22
39.74487,13.09128,3.17,0.12,23
39.74559,13.09416,3.31,0.12,24
39.74631,13.09705,3.45,0.12,25
39.74703,13.09994,3.59,0.12,26
39.74776,13.10283,3.73,0.12,27
39.74848,13.10571,3.87,0.12,28
39.7492,13.1086,4.01,0.12,29
39.74992,13.11149,4.15,0.12,30
39.75065,13.11438,4.29,0.12,31
39.75137,13.11727,4.43,0.12,32
39.75209,13.12015,4.57,0.12,33
39.75281,13.12304,4.71,0.12,34
39.75353,13.12593,4.85,0.12,35
null,null
39.73012,13.02408,-0.06,0.24,0
39.73085,13.02697,0.08,0.24,1
39.73157,13.02985,0.22,0.24,2
39.7323,13.03274,0.36,0.24,3
39.73302,13.03563,0.50,0.24,4
39.73374,13.03851,0.64,0.24,5
39.73447,13.0414,0.78,0.24,6
39.73519,13.04429,0.92,0.24,7
39.73591,13.04717,1.06,0.24,8
39.73664,13.05006,1.20,0.24,9
39.73736,13.05295,1.34,0.24,10
39.73808,13.05583,1.48,0.24,11
39.73881,13.05872,1.62,0.24,12
39.73953,13.06161,1.76,0.24,13
39.74025,13.0645,1.90,0.24,14
39.74098,13.06738,2.04,0.24,15
39.7417,13.07027,2.18,0.24,16
39.74242,13.07316,2.32,0.24,17
39.74315,13.07604,2.46,0.24,18
39.74387,13.07893,2.60,0.24,19
39.74459,13.08182,2.74,0.24,20
39.74531,13.08471,2.89,0.24,21
39.74604,13.08759,3.03,0.24,22
39.74676,13.09048,3.17,0.24,23
39.74748,13.09337,3.31,0.24,24
39.7482,13.09626,3.45,0.24,25
39.74893,13.09914,3.59,0.24,26
39.74965,13.10203,3.73,0.24,27
39.75037,13.10492,3.87,0.24,28
39.75109,13.10781,4.01,0.24,29
39.75182,13.1107,4.15,0.24,30
39.75254,13.11358,4.29,0.24,31
39.75326,13.11647,4.43,0.24,32
39.75398,13.11936,4.57,0.24,33
39.7547,13.12225,4.71,0.24,34
39.75542,13.12514,4.85,0.24,35
null,null
39.73202,13.02329,-0.06,0.36,0
39.73274,13.02617,0.08,0.36,1
39.73346,13.02906,0.22,0.36,2
39.73419,13.03195,0.36,0.36,3
39.73491,13.03483,0.50,0.36,4
39.73564,13.03772,0.64,0.36,5
39.73636,13.0406,0.78,0.36,6
39.73708,13.04349,0.92,0.36,7
39.73781,13.04638,1.06,0.36,8
39.73853,13.04926,1.20,0.36,9
39.73925,13.05215,1.34,0.36,10
39.73998,13.05504,1.48,0.36,11
39.7407,13.05793,1.62,0.36,12
39.74142,13.06081,1.76,0.36,13
39.74215,13.0637,1.90,0.36,14
39.74287,13.06659,2.04,0.36,15
39.74359,13.06947,2.18,0.36,16
39.74432,13.07236,2.32,0.36,17
39.74504,13.07525,2.46,0.36,18
39.74576,13.07814,2.60,0.36,19
39.74648,13.08102,2.74,0.36,20
39.74721,13.08391,2.89,0.36,21
39.74793,13.0868,3.03,0.36,22
39.74865,13.08969,3.17,0.36,23
39.74937,13.09257,3.31,0.36,24
39.7501,13.09546,3.45,0.36,25
39.75082,13.09835,3.59,0.36,26
39.75154,13.10124,3.73,0.36,27
39.75226,13.10413,3.87,0.36,28
39.75299,13.10701,4.01,0.36,29
39.75371,13.1099,4.15,0.36,30
39.75443,13.11279,4.29,0.36,31
39.75515,13.11568,4.43,0.36,32
39.75587,13.11857,4.57,0.36,33
39.75659,13.12145,4.71,0.36,34
39.75732,13.12434,4.85,0.36,35
null,null
39.73391,13.02249,-0.06,0.48,0
39.73463,13.02538,0.08,0.48,1
39.73536,13.02826,0.22,0.48,2
39.73608,13.03115,0.36,0.48,3
39.7368,13.03404,0.50,0.48,4
39.73753,13.03692,0.64,0.48,5
39.73825,13.03981,0.78,0.48,6
39.73898,13.0427,0.92,0.48,7
39.7397,13.04558,1.06,0.48,8
39.74042,13.04847,1.20,0.48,9
39.74115,13.05136,1.34,0.48,10
39.74187,13.05424,1.48,0.48,11
39.74259,13.05713,1.62,0.48,12
39.74332,13.06002,1.76,0.48,13
39.74404,13.0629,1.90,0.48,14
39.74476,13.06579,2.04,0.48,15
39.74549,13.06868,2.18,0.48,16
39.74621,13.07157,2.32,0.48,17
39.74693,13.07445,2.46,0.48,18
39.74765,13.07734,2.60,0.48,19
39.74838,13.08023,2.74,0.48,20
39.7491,13.08312,2.89,0.48,21
39.74982,13.086,3.03,0.48,22
39.75054,13.08889,3.17,0.48,23
39.75127,13.09178,3.31,0.48,24
39.75199,13.09467,3.45,0.48,25
39.75271,13.09756,3.59,0.48,26
39.75343,13.10044,3.73,0.48,27
39.75416,13.10333,3.87,0.48,28
39.75488,13.10622,4.01,0.48,29
39.7556,13.10911,4.15,0.48,30
39.75632,13.112,4.29,0.48,31
39.75704,13.11488,4.43,0.48,32
39.75777,13.11777,4.57,0.48,33
39.75849,13.12066,4.71,0.48,34
39.75921,13.12355,4.85,0.48,35
null,null
39.6964,13.03974,0.00,-1.91,0.54
39.69829,13.03895,0.00,-1.79,0.54
39.70018,13.03815,0.00,-1.67,0.54
39.70207,13.03735,0.00,-1.55,0.54
39.70397,13.03656,0.00,-1.43,0.54
39.70586,13.03576,0.00,-1.31,0.54
39.70775,13.03497,0.00,-1.19,0.54
39.70964,13.03417,0.00,-1.07,0.54
39.71154,13.03337,0.00,-0.95,0.54
39.71343,13.03258,0.00,-0.83,0.54
39.71532,13.03178,0.00,-0.72,0.54
39.71721,13.03099,0.00,-0.60,0.54
39.7191,13.03019,0.00,-0.48,0.54
39.721,13.02939,0.00,-0.36,0.54
39.72289,13.0286,0.00,-0.24,0.54
39.72478,13.0278,0.00,-0.12,0.54
39.72667,13.02701,0.00,0.00,0.54
39.72857,13.02621,0.00,0.12,0.54
39.73046,13.02541,0.00,0.24,0.54
39.73235,13.02462,0.00,0.36,0.54
39.73424,13.02382,0.00,0.48,0.54
