UTC,lat,lon,dst,azm
18:56:25,40.1531,12.9011,103.40,162.34
18:56:31,40.1414,12.9047,104.12,162.37
18:56:37,40.1300,12.9083,104.82,162.39
18:56:42,40.1183,12.9119,105.54,162.42
18:56:48,40.1067,12.9155,106.26,162.44
18:56:53,40.0952,12.9190,106.96,162.47
18:56:59,40.0835,12.9226,107.68,162.49
18:57:04,40.0720,12.9261,108.39,162.52
18:57:10,40.0603,12.9297,109.10,162.54
18:57:15,40.0488,12.9332,109.81,162.57
18:57:21,40.0371,12.9367,110.53,162.59
18:57:27,40.0254,12.9403,111.25,162.62
18:57:32,40.0139,12.9437,111.95,162.64
18:57:37,40.0022,12.9473,112.67,162.67
18:57:44,39.9907,12.9507,113.38,162.69
18:57:49,39.9789,12.9542,114.10,162.72
18:57:54,39.9672,12.9577,114.82,162.74
18:58:00,39.9557,12.9611,115.53,162.77
18:58:06,39.9439,12.9646,116.25,162.79
18:58:11,39.9323,12.9680,116.96,162.81
18:58:17,39.9206,12.9715,117.68,162.84
18:58:22,39.9090,12.9749,118.39,162.86
18:58:28,39.8973,12.9783,119.11,162.89
18:58:33,39.8857,12.9817,119.82,162.91
18:58:39,39.8739,12.9851,120.54,162.93
18:58:45,39.8621,12.9885,121.27,162.96
18:58:50,39.8505,12.9919,121.98,162.98
18:58:56,39.8387,12.9953,122.70,163.00
18:59:01,39.8271,12.9986,123.41,163.03
18:59:07,39.8153,13.0020,124.13,163.05
18:59:13,39.8036,13.0053,124.85,163.07
18:59:18,39.7918,13.0086,125.57,163.10
18:59:23,39.7800,13.0120,126.29,163.12
18:59:30,39.7684,13.0153,127.01,163.14
18:59:35,39.7565,13.0186,127.73,163.17
18:59:40,39.7449,13.0219,128.44,163.19
18:59:45,39.7330,13.0252,129.17,163.21
UPT + 5.6 s,39.7212,13.0285,129.89,163.23
