UTC,ID,lat,lon,FL,estra,d,faz,Q,SSR
18:56:25,1136,40.129,12.792,250,3,103.4,165.2,0,SSR.PR.
18:56:31,1136,40.120,12.810,250,3,104.1,164.9,0,SSR.PR.
18:56:37,1136,40.112,12.827,250,3,104.8,164.5,0,SSR.PR.
18:56:42,1136,40.095,12.808,250,3,105.6,165.1,0,SSR.
18:56:48,1136,40.085,12.818,250,3,106.2,165.0,0,SSR.
18:56:53,1136,40.072,12.811,250,3,106.9,165.2,0,SSR.PR.
18:56:59,1136,40.059,12.812,250,3,107.7,165.3,0,SSR.PR.
18:57:04,1136,40.051,12.829,250,3,108.4,165.0,0,SSR.PR.
18:57:10,1136,40.035,12.808,250,3,109.1,165.6,0,SSR.PR.
18:57:15,1136,40.024,12.820,250,3,109.8,165.4,0,SSR.PR.
18:57:21,1136,40.012,12.816,250,3,110.5,165.6,0,SSR.PR.
18:57:27,1136,40.003,12.834,250,3,111.2,165.2,0,SSR.PR.
18:57:32,1136,39.994,12.849,250,3,111.9,165.0,0,SSR.PR.
18:57:37,1136,39.981,12.850,250,3,112.7,165.1,0,SSR.PR.
18:57:44,1136,39.965,12.831,250,3,113.4,165.6,0,SSR.PR.
18:57:49,1136,39.955,12.843,250,3,114.1,165.4,0,SSR.PR.
18:57:54,1136,39.944,12.850,250,3,114.8,165.3,0,SSR.PR.
18:58:00,1136,39.930,12.843,250,3,115.6,165.6,0,SSR.PR.
18:58:06,1136,39.920,12.851,250,3,116.2,165.5,0,SSR.PR.
18:58:11,1136,39.910,12.861,250,3,116.9,165.3,0,SSR.PR.
18:58:11,0,39.762,12.504,0,3,122.8,173.8,15,    PR.
18:58:17,1136,39.896,12.858,250,3,117.7,165.5,0,SSR.PR.
18:58:22,1136,39.884,12.854,250,3,118.4,165.7,0,SSR.PR.
18:58:28,1136,39.869,12.842,250,3,119.1,166.0,0,SSR.PR.
18:58:33,1136,39.863,12.873,250,3,119.8,165.4,0,SSR.PR.
18:58:39,1136,39.854,12.892,250,3,120.6,165.1,0,SSR.PR.
18:58:39,0,39.688,12.539,0,3,127.4,173.3,15,    PR.
18:58:45,1136,39.834,12.849,250,3,121.2,166.1,0,SSR.
18:58:50,1136,39.830,12.900,250,3,122.0,165.1,0,SSR.PR.
18:58:56,1136,39.817,12.892,250,3,122.7,165.3,0,SSR.PR.
18:59:01,1136,39.801,12.876,250,3,123.4,165.8,0,SSR.PR.
18:59:07,1136,39.790,12.880,250,3,124.1,165.8,0,SSR.PR.
18:59:13,1136,39.780,12.896,250,3,124.9,165.5,0,SSR.PR.
18:59:18,1136,39.764,12.875,250,3,125.6,166.0,0,SSR.PR.
18:59:23,1136,39.753,12.883,250,3,126.3,165.9,0,SSR.PR.
18:59:30,1136,39.745,12.902,250,3,127.0,165.6,0,SSR.PR.
18:59:35,1136,39.730,12.890,250,3,127.8,165.9,0,SSR.PR.
18:59:40,1136,39.719,12.898,250,3,128.4,165.8,0,SSR.PR.
18:59:45,1136,39.707,12.893,250,3,129.1,166.0,0,SSR.PR.
18:59:52,0,39.710,12.945,0,3,129.5,165.0,15,    PR.
18:59:57,0,39.698,12.896,0,3,129.7,166.0,15,    PR.
18:59:57,0,39.682,12.825,0,3,129.9,167.5,13,    PR.
19:00:02,0,39.695,12.936,0,3,130.3,165.2,14,    PR.
19:00:08,0,39.689,12.925,0,3,130.5,165.5,15,    PR.
19:00:14,0,39.694,12.875,0,3,129.7,166.4,15,    PR.
19:00:19,0,39.690,12.938,0,3,130.6,165.2,15,    PR.
19:00:25,0,39.699,12.896,0,3,129.6,166.0,15,    PR.
19:00:30,0,39.695,12.959,0,3,130.6,164.8,15,    PR.
19:00:30,0,39.694,12.901,0,3,129.9,165.9,14,    PR.
19:00:36,0,39.701,12.983,0,3,130.5,164.3,15,    PR.
19:00:36,0,39.690,12.881,0,3,129.9,166.4,15,    PR.
19:00:41,0,39.691,12.884,0,3,129.9,166.3,15,    PR.
19:00:47,0,39.692,12.888,0,3,129.9,166.2,15,    PR.
19:00:52,0,39.704,13.005,0,3,130.6,163.8,13,    PR.
19:00:58,0,39.698,12.971,0,3,130.5,164.5,13,    PR.
19:00:58,0,39.697,12.910,0,3,129.9,165.8,13,    PR.
19:01:09,0,39.704,12.947,0,3,129.9,165.0,15,    PR.
19:01:14,0,39.702,12.934,0,3,129.9,165.2,13,    PR.
19:01:21,0,39.697,12.940,0,3,130.2,165.1,15,    PR.
19:01:26,0,39.705,12.951,0,3,129.9,164.9,15,    PR.
19:01:31,0,39.702,12.992,0,3,130.6,164.1,15,    PR.
19:01:38,0,39.703,12.961,0,3,130.1,164.7,15,    PR.
19:01:43,0,39.700,12.953,0,3,130.2,164.9,15,    PR.
19:01:48,0,39.703,12.965,0,3,130.1,164.6,15,    PR.
19:01:54,0,39.707,12.986,0,3,130.2,164.2,15,    PR.
19:02:00,0,39.701,12.961,0,3,130.2,164.7,15,    PR.
19:02:05,0,39.699,12.953,0,3,130.2,164.9,15,    PR.
19:02:10,0,39.701,12.983,0,3,130.5,164.3,15,    PR.
19:02:16,0,39.705,12.987,0,3,130.3,164.2,14,    PR.
19:02:22,0,39.705,13.005,0,3,130.5,163.8,15,    PR.
19:02:27,0,39.695,12.981,0,3,130.8,164.3,15,    PR.
19:02:33,0,39.706,13.009,0,3,130.5,163.7,15,    PR.
19:02:39,0,39.699,12.980,0,3,130.6,164.3,13,    PR.
