DOC,Orario,Lat,Lon,Descrizione
WP000433_001,281100-281600,3940,1305,Corpi
WP000433_001,281930-282130,3936,1303,Corpi
WP000433_001,291245,3955,1305,Pezzo flap DX
WP000433_001,291730-271730,3928,1313,Cuscini
WP000433_002,280848,3949,1255,2 corpi
WP000433_002,280924,3913,1313,Relitto
WP000433_002,291609,3928,1313,Molti cuscini
WP000433_002,300948,3931,1314,Resti umani (interiora)
WP000437_001,281750,3912,1240,Bambola di ridotte dimensioni
WP000439_001,281100B,3947,1252,1<sup>a</sup> salma: persona completamente nuda non identificabile
WP000439_001,281130B-281330B,3947,1252.3,2<sup>a</sup> salma: persona completamente nuda non identificabile<br>recupero molto difficoltoso
WP000439_001,281615B,3943,1307,3<sup>a</sup> salma: C.C. Cammarata Giuseppe
WP000439_001,282030B,3936,1301,Giubbotto pelle marrone di Bosco Alberto
WP000441_001,280915,3931,1303,Pezzo di aereo struttura nido d'ape (probabilmente parte di alettone)
WP000441_001,281510-282130,3933,1301,Vari pezzi arredamento interno aereo; principalmente sedili gommapiuma e oggetti vestiario
WP000441_001,282043,3936,1300,Parte di corpo umano (tronco)
WP000441_001,291330,3921,1310,Valigia con oggetti personali
WP000443_001,301040B,3940,1330,Sedile di gommapiuma
WP000443_001,301230B,3936,1320,Un bracciolo rosso di sedile ed una pantofola donna (con incrostazione crostacei)
WP000443_001,301930B,3934,1325,Groviglio strisce materiale plastico
WP000443_001,011429B,3932,1325,2 sedili rossi
WP000443_001,011620B,3937,1320,2 sedili verdi
WP000441_001,281000,3933,1301,7 salme entro un raggio di 5 nm da questo punto
WP000441_001,290500-292030,3920,1307.5,Relitti vari; principalmente pezzi di arredamento interno aereo<br>Fascia ampia 5 nm
WP016377_002,280935,3931,1313,Troncone di coda
WP016377_002,280950,3949,1255,Parte di aereo con alcuni cadaveri
WP016377_002,281045,3929.9,1310.9,Cono terminale di fusoliera, colore bianco con antenna gialla
WP016377_002,281348,3903,1310,Pezzo di carlinga di aereo di colore bianco e rosso
