lat,lon,descr
3949,1255,macchia scura oleosa - 7 salme - relitti vari ed effetti personali
3940,1205,consistente gruppo cadaveri
3936,1303,gruppo salme
3931,1303,pezzo alettone o ala
3931,1315,cono di coda DC9
3904,1310,relitto semi sommerso lungo 6 m
3911,1257,resti relitto
3933,1301,7 salme ed effetti vari
3936,1300,tronco umano
3947,1252,2 salme
3943,1307,1 salma
3947.1,1252.1,giubbotto Bosco Alberto
3955,1305,pezzo flap dx
3940,1330,pezzi sedili
3936,1320,bracciolo rosso sedile
3934,1325,groviglio strisce plastica
3932,1325,2 sedili rossi
3937,1320,sedile verde
3928,1313,numerosi cuscini
3941,1314,parti umane - 2 valige - seggiolino con brandelli umani
