t,alt,hdg,ias
0,0.0000,0.0000,0.0000
5,252.4750,187.1080,0.0000
10,252.4750,187.2850,0.0000
15,252.4750,187.5520,0.0000
20,245.0495,187.2857,0.0000
25,245.0495,185.9233,0.0000
30,252.4750,183.6530,0.0000
35,252.4750,174.2714,0.0000
40,252.4750,162.6124,0.0000
45,252.4750,146.5734,0.0000
50,252.4750,130.8818,0.0000
55,252.4753,116.7103,0.0000
60,252.4750,113.6623,0.0000
65,252.4750,113.3660,0.0000
70,252.4750,113.3660,0.0000
75,252.4750,113.3660,0.0000
80,252.4750,113.6623,0.0000
85,252.4750,113.3070,0.0000
90,245.0495,113.4550,0.0000
95,252.4750,113.4550,0.0000
100,252.4750,113.3660,0.0000
105,245.0495,115.3797,0.0000
110,237.6240,116.6535,0.0000
115,252.4750,110.6610,0.0000
120,252.4750,99.4210,0.0000
125,252.4750,85.5459,0.0000
130,252.4750,76.6394,0.0000
135,252.4750,63.8293,0.0000
140,237.6240,53.9704,0.0000
145,237.6240,49.9083,0.0000
150,252.4750,42.5074,0.0000
155,252.4753,41.3130,0.0000
160,247.5247,40.0691,0.0000
165,237.6240,38.7957,0.0000
170,230.1980,36.8706,0.0000
175,222.7720,36.4265,0.0000
180,200.4950,39.0363,0.0000
185,193.0690,46.4482,0.0000
190,193.0690,51.4978,0.0000
195,193.0690,56.1848,0.0000
200,200.4950,58.6377,0.0000
205,185.6435,58.6969,0.0000
210,178.2180,57.3939,0.0000
215,178.2180,58.8720,0.0000
220,178.2180,68.0627,0.0000
225,178.2180,82.4088,0.0000
230,183.1683,97.5110,0.0000
235,193.0690,108.3438,0.0000
240,193.0690,116.8013,0.0000
245,193.0690,117.4530,0.0000
250,193.0690,118.2525,0.0000
255,207.9210,126.3522,0.0000
260,207.9210,130.8094,0.0000
265,193.0690,131.2932,0.0000
270,193.0690,106.9329,0.0000
275,202.9703,73.5251,0.0000
280,193.0690,132.1662,0.0000
285,193.0690,208.7920,0.0000
290,200.4950,279.5660,0.0000
295,198.0197,281.3278,0.0000
300,193.0690,299.4670,0.0000
305,207.9210,299.1710,0.0000
310,207.9210,299.2300,0.0000
315,193.0690,299.4080,0.0000
320,193.0690,299.5853,0.0000
325,193.0690,299.7037,0.0000
330,198.0197,300.0295,0.0000
335,200.4950,300.1777,0.0000
340,185.6435,300.3850,0.0000
345,178.2180,300.2070,0.0000
350,178.2180,300.2070,0.0000
355,178.2180,300.0590,0.0000
360,178.2180,299.5260,11.5986
365,153.4653,298.4403,32.5252
370,89.1089,297.9860,66.9736
375,103.9600,298.5195,98.8674
380,96.5344,299.4077,121.2900
385,96.5344,299.6740,142.7670
390,274.7525,300.4737,154.8482
395,516.0890,300.4295,168.1264
400,809.4060,299.3367,169.0472
405,965.3453,296.1500,160.4514
410,1198.0200,294.7877,160.8634
415,1400.9900,294.8470,172.9620
420,1551.9800,295.4393,182.9136
425,1673.2667,296.0127,193.6087
430,1881.1900,301.0708,197.1072
435,1975.2467,308.8242,206.5254
440,2133.6633,321.3858,213.3518
445,2227.7250,333.1304,220.8766
450,2381.1867,338.9680,226.7990
455,2534.6533,345.0369,230.7547
460,2702.9667,350.4680,228.1788
465,2858.9100,356.6370,224.0240
470,2945.5467,2.8060,223.4203
475,3113.8600,8.1352,224.7313
480,3202.9700,14.1421,227.5783
485,3371.2833,19.4816,224.6807
490,3467.8200,28.8213,225.0245
495,3527.2250,41.0037,229.2878
500,3633.6633,52.0351,233.4760
505,3717.8200,61.7439,234.9380
510,3905.9400,74.5794,231.0510
515,4099.0067,83.3644,230.0100
520,4297.0300,91.4791,232.3768
525,4405.9400,96.1235,235.6250
530,4599.0100,104.2818,236.6140
535,4782.1750,110.8787,243.1410
540,4886.1367,110.7010,248.9536
545,5079.2067,108.2727,255.8530
550,5326.7333,107.1470,259.9790
555,5495.0500,106.2587,259.6287
560,5792.0800,103.4157,256.3687
565,5920.7900,101.9940,255.3230
570,6163.3650,101.2833,262.1562
575,6326.7333,99.7432,265.0930
580,6504.9500,97.9072,269.2045
585,6603.9600,93.2169,272.5565
590,6821.7833,86.9970,274.2677
595,7108.9100,78.7823,275.5217
600,7179.2080,71.4829,277.8855
605,7475.2467,62.2359,278.3150
610,7804.4550,54.0178,278.4010
615,8209.1575,46.7959,279.1750
620,8371.2900,39.3287,278.5367
625,8698.0200,36.4857,278.8963
630,9003.7125,36.7818,282.6415
635,9238.3833,38.0256,282.0460
640,9512.3750,38.6772,280.0913
645,9690.5900,39.0029,280.2920
650,9846.5367,39.8026,281.2947
655,10054.4667,41.8164,285.5210
660,10318.0750,42.2014,287.5100
665,10617.0333,41.5202,286.7385
670,10940.5667,41.5795,284.2430
675,11215.8600,41.0464,283.4153
680,11599.0000,40.4245,280.9223
685,11905.9333,40.0987,280.5503
690,12133.6500,40.1579,277.0023
695,12475.2500,45.8085,274.6190
700,12801.9750,53.1992,272.6997
705,13080.4500,63.4763,270.2785
710,13321.7667,73.9371,267.8863
715,13663.3750,81.0918,264.6967
720,13960.4000,89.2334,262.5285
725,14237.6333,96.8905,261.3825
730,14413.3500,112.5240,259.8640
735,14643.5500,122.9498,256.8843
740,14806.9333,129.5380,256.0535
745,15034.6333,138.2412,255.7100
750,15215.3500,146.4006,257.2853
755,15326.7000,154.1196,259.6347
760,15485.1333,159.0928,261.0390
765,15703.0000,173.4610,261.4687
770,15846.5000,174.6947,261.8120
775,16087.8500,182.2348,262.2133
780,16287.1333,196.6038,262.9300
785,16559.4000,203.2064,264.1330
790,16762.3667,211.7354,265.6800
795,16930.6667,214.2313,268.3153
800,17019.8000,217.3030,271.6578
805,17198.0333,217.7590,275.4500
810,17331.7000,216.8410,277.6280
815,17598.9750,215.8640,276.5390
820,17801.9667,214.7683,274.2130
825,18066.8500,213.7017,274.2897
830,18193.1000,213.9385,277.9543
835,18396.0333,215.2715,280.7793
840,18480.1667,215.4193,281.4093
845,18653.5000,215.7160,282.1543
850,18750.0000,216.1303,281.2380
855,18824.2500,217.9073,281.1230
860,18905.9500,219.2695,282.7847
865,18920.8000,221.5798,283.0143
870,18928.2000,223.5340,283.5585
875,18980.1500,226.3770,284.5040
880,19017.3500,227.4435,285.1915
885,19032.2000,227.8875,284.5900
890,19054.5000,228.0353,284.3893
895,19069.3333,227.7985,284.9813
900,19084.2000,227.3247,285.3630
905,19106.4500,227.0880,285.4490
910,19091.6000,226.4363,287.5985
915,19069.3000,225.1927,288.9733
920,19054.5000,224.6597,289.2310
925,19074.2667,224.1267,288.5440
930,19064.3667,224.4230,287.1685
935,19091.6000,224.5115,285.6117
940,19099.0000,224.2447,284.7333
945,19113.9000,224.1560,283.9880
950,19099.0000,224.3637,282.7850
955,19121.3000,224.4227,281.5817
960,19128.7000,224.3340,280.3783
965,19106.4500,224.0670,279.0030
970,19091.6000,224.0670,278.3157
975,19076.7500,224.3633,277.0260
980,19061.9000,224.1263,275.9090
985,19069.3000,224.2450,274.5333
990,19069.3000,224.2450,273.2440
995,19064.3667,224.4225,272.8140
1000,19054.5000,224.4230,273.5880
1005,19069.3000,224.1263,275.2923
1010,19069.3000,224.3340,276.5497
1015,19076.7500,224.2447,278.7167
1020,19084.1667,223.8890,280.2920
1025,19099.0333,223.8005,280.9513
1030,19099.0333,223.9780,281.8110
1035,19128.7000,224.0077,281.9253
1040,19121.3000,224.1267,282.8710
1045,19113.9000,224.2450,283.0430
1050,19106.4500,224.2450,283.3003
1055,19076.7500,224.3040,283.0715
1060,19069.3000,223.9483,281.5817
1065,19069.3000,224.0670,280.0340
1070,19069.3000,224.0670,279.4617
1075,19069.3000,224.0670,279.6910
1080,19069.3000,224.1267,279.3470
1085,19061.9000,224.2450,278.4870
1090,19054.5000,224.1857,277.7140
1095,19069.3333,224.1260,276.6533
1100,19091.6000,223.4750,275.8230
1105,19076.7500,223.6230,274.7050
1110,19076.7500,223.8890,272.8143
1115,19094.0667,223.9487,272.2130
1120,19094.0667,223.8300,270.9233
1125,19089.1000,224.1560,271.0090
1130,19059.4333,224.2450,271.3817
1135,19044.5667,224.1560,271.4390
1140,19039.6000,223.6523,271.2670
1145,19009.9000,223.0010,271.2670
1150,19009.8667,221.3423,270.7515
1155,19004.9667,219.3137,270.1500
1160,19029.7333,217.1373,270.2933
1165,19061.9000,216.5150,268.9753
1170,19061.9000,215.9820,268.0583
1175,19069.3000,215.8045,267.6570
1180,19106.4500,215.7160,266.8550
1185,19113.9000,215.8933,266.5400
1190,19099.0000,216.0710,267.0270
1195,19059.4333,214.0600,267.2270
1200,19047.0500,209.4010,267.2560
1205,19039.6000,203.9868,267.5710
1210,19024.8000,195.0832,268.9180
1215,19032.2000,188.3833,270.6370
1220,19039.6000,182.4087,270.8090
1225,19039.6000,173.6292,269.9493
1230,19039.6000,166.9875,269.5480
1235,19044.5667,162.0090,269.2040
1240,19054.4667,158.5885,269.1180
1245,19084.2000,158.2627,269.0320
1250,19099.0000,158.5885,269.0320
1255,19128.7000,158.5000,269.0320
1260,19128.7000,158.7660,269.0320
1265,19113.8500,159.1215,268.7750
1270,19091.6000,159.7435,269.1470
1275,19069.3000,160.4540,268.9750
1280,19061.9000,160.9277,268.5170
1285,19054.5000,160.9870,268.5170
1290,19069.3000,161.3425,269.2617
1295,19064.3667,162.1420,270.2360
1300,19069.3000,162.8530,271.0950
1305,19084.2000,163.2377,272.7000
1310,19099.0000,163.2970,273.2440
1315,19113.8667,162.9417,273.9320
1320,19103.9667,162.8530,274.0180
1325,19113.9000,162.8530,274.1897
1330,19079.2000,163.2970,274.6190
1335,19064.3667,163.1783,273.8460
1340,19049.5333,163.0305,273.2440
1345,19039.6000,162.5860,273.5593
1350,19034.6667,162.6750,273.3300
1355,19039.6000,162.8233,272.8140
1360,19044.5667,162.8233,272.5565
1365,19054.4500,162.6750,272.0410
1370,19069.3000,162.6750,271.3530
1375,19069.3000,162.4975,271.0950
1380,19069.3000,162.5270,271.0950
1385,19084.1500,162.8530,271.1523
1390,19091.6000,162.7047,271.6970
1395,19079.2333,162.5863,271.9550
1400,19069.3000,162.5860,272.3850
1405,19069.3000,162.5860,272.4710
1410,19069.3000,163.0010,272.1270
1415,19069.3000,162.9420,271.5250
1420,19074.2667,162.2307,271.0090
1425,19079.2000,161.2833,270.0640
1430,19059.4333,161.1650,269.8920
1435,19054.5000,161.2540,270.4935
1440,19059.4333,161.4020,271.4390
1445,19106.4500,161.2243,271.0380
1450,19158.4500,161.4315,270.3220
1455,19272.2667,161.1650,270.7515
1460,19341.5667,161.4315,273.1738
1465,19480.2000,161.5200,275.5650
1470,19596.5500,161.2540,277.9930
1475,19727.7333,160.3353,279.1750
1480,19836.6333,156.9003,280.8937
1485,19938.1000,153.1687,281.5243
1490,20042.1000,151.3030,282.5270
1495,20160.9000,150.4145,282.9570
1500,20272.2500,149.8815,283.7017
1505,20396.0000,149.6150,286.0510
1510,20529.7000,149.6150,289.1883
1515,20651.0000,149.5557,290.9505
1520,20747.5333,149.6150,293.0417
1525,20905.9000,149.5260,293.7297
1530,20985.1333,149.6150,294.1310
1535,21153.5000,149.7333,294.7320
1540,21230.2000,149.6150,295.4200
1545,21371.3000,149.2003,296.4230
1550,21485.1667,147.9520,297.7980
1555,21631.2000,147.0385,298.7150
1560,21742.6000,146.9500,299.4600
1565,21839.1000,146.9500,299.5460
1570,21935.6333,147.0090,299.7180
1575,22113.9000,147.1270,300.8923
1580,22217.8000,146.8610,301.9520
1585,22381.2000,146.7720,302.6400
1590,22492.6000,147.0385,303.2987
1595,22648.5000,147.1270,304.9033
1600,22722.8000,147.3940,305.5910
1605,22876.2333,147.1867,307.7110
1610,22960.4000,146.8903,309.0005
1615,23034.7000,147.0385,310.2900
1620,23123.7750,147.1270,311.7223
1625,23178.2000,147.1867,312.6105
1630,23311.8667,146.7720,313.9860
1635,23383.6500,146.4163,314.9310
1640,23435.6000,146.6830,316.4210
1645,23472.7500,146.5940,318.4267
1650,23475.2333,146.7127,320.0025
1655,23443.0500,146.9495,321.1200
1660,23413.3500,147.0680,323.2400
1665,23413.3500,147.4233,325.5893
1670,23383.6500,149.4375,327.6525
1675,23346.5000,152.8682,330.4130
1680,23435.6333,157.5400,331.5407
1685,23534.6667,161.5340,327.2510
1690,23747.5333,162.9420,323.9562
1695,23925.7000,164.3040,317.5693
1700,24193.0667,164.6300,311.2228
1705,24382.4250,164.0080,305.9400
1710,24631.2000,163.2085,298.0845
1715,24850.2500,159.0505,293.4078
1720,25108.9000,155.3900,287.6037
1725,25403.4500,150.8587,284.3338
1730,25663.3500,148.5840,280.3975
1735,25935.6333,145.2617,277.7423
1740,26074.2667,143.9290,276.9210
1745,26346.5500,143.1295,275.3930
1750,26519.8000,141.8137,274.1323
1755,26747.5333,140.1975,272.6423
1760,26881.1667,139.2205,269.8923
1765,27096.5500,137.3937,268.9465
1770,27272.2667,135.4350,267.7143
1775,27480.2000,133.8895,267.2270
1780,27589.1000,133.6230,266.6833
1785,27767.3333,133.3565,263.9900
1790,27876.2000,133.3860,260.1060
1795,28024.7333,134.0670,255.8310
1800,28183.2000,134.6005,254.4207
1805,28373.7500,135.3995,252.7010
1810,28477.7000,136.5250,252.2720
1815,28574.3000,136.9990,251.9280
1820,28626.2500,137.2655,251.4980
1825,28702.9667,137.4430,250.2090
1830,28752.5000,137.6210,249.3777
1835,28849.0000,138.5983,249.7217
1840,28923.2500,139.0720,251.0680
1845,28975.2333,140.3750,251.7273
1850,29064.3667,141.1745,252.6443
1855,29116.3500,142.0337,252.8733
1860,29148.5333,142.9813,254.4207
1865,29175.7500,143.4850,255.2800
1870,29178.2000,143.3960,256.5980
1875,29227.7000,143.3960,258.6037
1880,29252.4667,143.4850,260.8240
1885,29257.4000,143.7513,262.9295
1890,29250.0000,143.8400,264.5340
1895,29235.1500,143.8400,267.1873
1900,29212.9000,143.8400,270.0637
1905,29220.3000,143.9293,271.9550
1910,29227.7000,144.4620,273.9603
1915,29232.6667,145.1133,274.8035
1920,29242.6000,145.6170,276.7430
1925,29242.6000,145.7060,278.2295
1930,29257.4000,145.7060,280.8940
1935,29287.1000,145.8840,281.8680
1940,29287.1000,146.1203,283.8733
1945,29287.1000,147.1167,284.4180
1950,29287.1000,149.8695,285.5357
1955,29272.3000,152.8133,286.7260
1960,29287.1000,154.4720,288.5433
1965,29287.1000,156.5450,290.4190
1970,29279.7000,157.2560,292.0677
1975,29272.3000,157.5517,294.7037
1980,29257.4000,157.6703,295.9643
1985,29272.3000,157.9660,296.6230
1990,29294.5500,158.1440,296.8810
1995,29302.0000,158.7665,297.1390
2000,29294.5500,160.1727,296.4803
2005,29292.0667,161.5200,295.2767
2010,29297.0000,162.7640,295.2480
2015,29282.1667,163.2970,295.2480
2020,29309.4000,163.4747,295.3340
2025,29346.5000,163.0010,295.5920
2030,29316.8500,161.8017,295.9643
2035,29262.3667,158.4997,296.8813
2040,29279.7000,152.8580,297.0530
2045,29321.7667,146.6533,296.5370
2050,29346.5000,141.0528,296.1940
2055,29361.4000,138.4833,295.5920
2060,29339.1000,135.8440,295.1047
2065,29294.5500,135.2220,295.9360
2070,29287.1000,135.1330,296.3650
2075,29287.1000,134.9850,295.9360
2080,29292.0667,135.0445,296.1075
2085,29294.5500,135.0440,296.5943
2090,29302.0000,135.7550,296.6230
2095,29309.4000,136.7027,296.7090
2100,29321.7667,139.3090,296.6230
2105,29301.9667,140.1973,297.1390
2110,29279.7000,140.5530,297.0530
2115,29282.1667,140.8490,296.5370
2120,29279.7000,141.0860,297.2250
2125,29272.2667,141.0860,297.2250
2130,29257.4000,140.9080,297.7407
2135,29252.4667,141.0857,297.9130
2140,29257.4000,141.3230,298.4853
2145,29277.2333,141.2640,298.9440
2150,29279.7000,141.1750,298.7720
2155,29302.0000,141.2640,299.2020
2160,29294.5500,141.2640,299.5170
2165,29287.1000,141.2640,299.8040
2170,29279.7000,141.3820,300.4050
2175,29279.7000,141.2637,300.3767
2180,29287.1000,141.2640,299.4600
2185,29287.1000,141.3525,298.9440
2190,29287.1000,141.3525,298.8580
2195,29264.8500,141.2640,299.0013
2200,29257.4000,141.2640,299.4600
2205,29257.4000,141.5300,300.3190
2210,29257.4000,141.6190,300.6630
2215,29257.4000,141.4413,300.5483
2220,29272.2667,141.2640,301.1790
2225,29287.1000,141.5600,301.9520
2230,29309.4000,142.1520,302.2100
2235,29316.8000,143.4845,302.4680
2240,29302.0000,145.5280,302.3820
2245,29282.1667,148.1233,302.4393
2250,29264.8500,149.9705,302.6113
2255,29264.8500,150.7700,302.5540
2260,29287.1000,151.2140,302.9840
2265,29264.8500,151.3920,303.2987
2270,29242.6000,151.5700,303.8430
2275,29250.0000,151.4810,303.2417
2280,29272.3000,151.5700,301.7805
2285,29257.4000,151.7470,300.8350
2290,29227.7500,151.5700,301.5225
2295,29198.0000,151.4513,302.1240
2300,29235.1500,151.4810,302.1240
2305,29257.4000,151.4810,302.0380
2310,29257.4000,151.6585,302.0380
2315,29257.4000,151.8360,302.0380
2320,29264.8500,151.5700,301.7805
2325,29277.2333,151.3920,301.4370
2330,29272.2500,151.3920,300.6630
2335,29257.4333,151.4810,300.5483
2340,29257.4500,151.6585,301.6945
2345,29257.4333,151.8067,302.2100
2350,29272.3000,151.9250,302.9553
2355,29264.8500,152.1915,304.2730
2360,29272.3000,152.5170,304.1010
2365,29272.3000,152.7245,303.9290
2370,29272.3000,152.8130,303.4995
2375,29287.1000,152.9317,302.3820
2380,29302.0000,152.9468,301.3080
2385,29302.0000,153.0800,300.7490
2390,29294.5500,153.3460,300.2043
2395,29294.5500,153.0800,300.6630
2400,29294.5500,154.2200,300.4337
2405,29297.0333,157.9944,300.7490
2410,29272.3000,165.6780,302.1527
2415,29247.5333,172.7506,302.7833
2420,29252.4667,177.7000,302.9840
2425,29252.4667,179.4080,303.1843
2430,29242.6000,180.3910,303.0700
2435,29277.2333,182.3100,301.9527
2440,29339.1000,183.3760,300.5487
2445,29346.5000,183.8497,299.2880
2450,29346.5000,184.2057,298.4280
2455,29353.9500,184.9755,298.6003
2460,29339.1000,186.7375,299.3740
2465,29316.8000,187.4037,299.4600
2470,29316.8000,187.1080,299.3740
2475,29287.1000,187.2850,300.0327
2480,29306.9333,187.3740,300.7777
2485,29316.8000,187.4630,300.0327
2490,29316.8000,187.4630,300.1470
2495,29309.4000,186.9300,299.8895
2500,29287.1000,187.5813,299.2880
2505,29292.0667,186.9300,298.6573
2510,29297.0000,187.0190,298.8293
2515,29282.1667,187.5520,298.3710
2520,29282.1667,187.8777,299.3740
2525,29282.1667,187.9070,299.9410
2530,29264.8500,187.3443,301.0643
2535,29294.5500,186.5745,301.8090
2540,29309.4000,187.6407,301.2357
2545,29311.8667,188.0850,300.6630
2550,29302.0000,188.9333,300.3190
2555,29302.0000,188.8253,300.3190
2560,29316.8000,188.4400,300.4910
2565,29339.1000,188.9437,300.1473
2570,29346.5000,189.5065,298.7450
2575,29339.1000,190.8393,296.3080
2580,29331.7000,191.5497,297.3293
2585,29316.8000,192.7343,298.0845
2590,29294.5500,192.7050,298.4280
2595,29287.1000,193.4155,298.5140
2600,29279.7000,194.0377,298.6860
2605,29250.0000,194.3930,298.9440
2610,29220.3000,194.1265,298.9440
2615,29212.8667,194.3337,299.5743
2620,29252.4667,194.1265,300.3190
2625,29267.3000,194.3040,300.3190
2630,29287.1000,194.7487,300.4050
2635,29287.1000,194.4523,300.4265
2640,29301.9500,194.4520,298.2563
2645,29331.6667,195.4590,298.6573
2650,29346.5000,195.3407,300.6060
2655,29376.2000,195.0443,302.2100
2660,29376.2000,195.1630,301.9233
2665,29376.2000,195.2815,301.6085
2670,29376.2000,195.9030,301.4083
2675,29386.1000,195.7255,301.4370
2680,29371.2667,195.1040,301.8660
2685,29366.3333,196.4067,302.0380
2690,29346.5000,200.1273,301.6945
2695,29287.1500,205.9218,301.0070
2700,29264.8500,209.5557,300.8923
2705,29257.4000,212.0897,301.2363
2710,29282.1667,212.6950,300.4913
2715,29272.2667,212.1620,301.0930
2720,29292.0667,212.3990,300.4910
2725,29324.2500,212.4580,300.1470
2730,29339.1000,213.7020,299.6890
2735,29361.4000,211.3140,299.2307
2740,29361.4000,211.4330,299.6320
2745,29336.6333,212.8725,300.0610
2750,29331.7000,213.1093,299.6660
2755,29346.5500,211.9840,298.4280
2760,29361.4000,212.5173,297.2250
2765,29309.4000,214.4987,297.3777
2770,29242.5500,213.5535,298.7720
2775,29153.4667,212.7840,300.2047
2780,29118.8333,212.6950,303.5857
2785,29069.3333,212.6950,305.8203
2790,29054.4667,212.8730,307.7110
2795,28960.3500,212.6950,309.6023
2800,28900.9500,212.8133,310.6337
2805,28841.5500,212.8137,311.7223
2810,28777.2333,212.6950,312.1810
2815,28707.9500,212.6357,312.6105
2820,28663.3500,211.3625,313.1547
2825,28618.8333,210.4735,313.8427
2830,28552.0000,209.4965,314.8167
2835,28460.3667,208.9630,315.7050
2840,28405.9000,208.7860,316.9943
2845,28344.0500,208.7857,318.3693
2850,28314.3500,208.7860,318.8277
2855,28254.9500,208.7860,319.7450
2860,28217.8500,208.8450,319.9170
2865,28163.3667,208.3117,320.0310
2870,28084.1667,207.7200,321.3490
2875,28044.6000,208.4300,321.9220
2880,27965.3500,208.4300,323.4120
2885,27898.5000,208.3415,324.0420
2890,27787.1000,208.4300,324.5580
2895,27727.7333,208.3120,325.3030
2900,27653.4500,208.3415,326.3630
2905,27586.6500,208.2523,326.6210
2910,27519.8000,208.3415,327.0510
2915,27445.5500,207.9860,327.6520
2920,27386.1333,206.8313,328.2827
2925,27319.3000,205.7190,328.5980
2930,27252.4500,204.5803,329.0850
2935,27163.3500,204.5210,329.1990
2940,27089.1333,204.5210,329.0280
2945,27054.4667,204.8173,328.8560
2950,26985.1500,204.4027,329.1993
2955,26856.4333,204.4030,329.0847
2960,26727.7333,204.5215,329.1990
2965,26636.1500,204.6397,329.1135
2970,26547.0500,203.9880,329.2567
2975,26470.2667,202.9960,329.0850
2980,26443.0500,200.0090,329.2850
2985,26386.1333,198.6577,329.5430
2990,26279.7000,195.8737,329.8870
2995,26227.7000,194.8667,330.1450
3000,26183.1667,193.4155,330.6610
3005,26099.0333,193.1490,330.5750
3010,26064.3667,193.1490,330.8325
3015,26004.9500,193.6823,330.4030
3020,25975.2000,193.7710,330.1450
3025,25915.8500,193.5043,330.0590
3030,25782.1667,193.1490,329.9443
3035,25747.5333,193.2083,328.7987
3040,25648.5500,193.4155,328.3400
3045,25589.1333,193.6820,328.4260
3050,25544.6000,193.5040,328.4260
3055,25514.8500,193.3270,328.2540
3060,25440.5667,192.9713,328.1680
3065,25410.9000,192.7940,327.5373
3070,25381.1667,192.5270,326.6780
3075,25361.3667,192.4380,326.2770
3080,25371.2667,192.4380,325.7610
3085,25418.3000,192.5270,325.4175
3090,25440.5500,192.4380,324.9020
3095,25455.4000,192.6160,324.2713
3100,25470.3000,192.7343,324.8447
3105,25462.8500,191.9643,325.7610
3110,25492.5500,191.3127,325.8470
3115,25514.9000,190.0097,325.8183
3120,25519.8333,189.2993,326.2770
3125,25500.0000,189.0625,326.7930
3130,25485.1000,188.7960,326.7930
3135,25480.2000,188.7960,327.3940
3140,25460.3667,189.2993,327.2225
3145,25460.3667,189.0623,327.0793
3150,25445.5000,189.2400,326.6783
3155,25450.4667,189.2400,326.9650
3160,25455.4000,189.2990,327.3085
3165,25448.0000,189.1510,328.0533
3170,25455.4000,189.1807,328.9420
3175,25455.4000,189.1510,328.8560
3180,25455.4000,189.0623,328.3973
3185,25485.1500,189.1510,327.8240
3190,25507.4500,189.1510,327.9100
3195,25507.4500,189.3583,326.6780
3200,25500.0000,189.1213,325.7040
3205,25485.1000,189.5065,325.8183
3210,25470.3000,189.2400,326.4490
3215,25420.7667,189.2400,327.3085
3220,25381.2000,189.0030,327.9100
3225,25388.6000,189.0620,327.7667
3230,25425.7500,189.0620,327.1940
3235,25448.0000,189.0620,325.8757
3240,25460.3667,189.0620,325.1310
3245,25460.3667,189.0620,324.5580
3250,25470.3000,189.0620,324.5580
3255,25470.3000,188.9440,324.5580
3260,25477.7000,188.8847,325.0163
3265,25485.1000,189.0620,324.7873
3270,25492.5500,189.1510,324.4720
3275,25500.0000,189.2400,324.3860
3280,25485.1000,189.1213,324.3860
3285,25485.1000,188.9735,324.5580
3290,25448.0000,188.7070,325.0167
3295,25440.6000,188.8845,325.5030
3300,25425.7000,189.1807,325.5320
3305,25425.7000,188.4110,325.2455
3310,25425.7000,187.4630,324.4433
3315,25425.7000,185.3303,324.4720
3320,25433.1500,184.2645,324.4433
3325,25470.3000,183.4645,324.4433
3330,25477.7000,181.2440,323.6410
3335,25490.1000,180.7305,323.6980
3340,25470.3000,180.0000,323.6980
3345,25475.2333,179.9110,323.5265
3350,25455.4333,179.7040,322.8390
3355,25460.3667,179.8227,322.4090
3360,25470.3000,179.3487,322.7530
3365,25470.3000,179.2005,323.4405
3370,25470.3000,177.8677,324.4433
3375,25470.3000,178.0797,325.8183
3380,25524.7667,176.9840,327.1365
3385,25599.0333,175.6760,327.5660
3390,25564.3667,175.9130,326.8790
3395,25544.6000,176.0910,326.4490
3400,25579.2333,176.2093,325.9330
3405,25579.2333,176.3575,324.8447
3410,25559.4333,176.5053,324.6153
3415,25504.9667,176.3873,324.8160
3420,25504.9333,176.2690,325.0740
3425,25490.1000,176.3575,325.5890
3430,25492.5500,176.4460,325.2882
3435,25500.0000,177.0977,324.5007
3440,25514.9000,177.3350,323.9560
3445,25514.9000,177.3350,323.8700
3450,25514.9000,177.3350,323.8700
3455,25500.0000,177.1570,324.0420
3460,25500.0000,177.0680,323.8700
3465,25507.4500,176.5053,323.8700
3470,25514.9000,176.0905,323.8700
3475,25507.4500,175.8540,323.9560
3480,25495.0333,176.3575,324.0420
3485,25485.1000,176.2690,324.2140
3490,25477.7000,175.8240,324.0420
3495,25477.7000,175.7350,323.8703
3500,25492.5500,176.2685,323.8700
3505,25500.0000,177.2455,323.6125
3510,25507.4500,177.9565,323.3550
3515,25514.9000,178.6377,323.2973
3520,25519.8333,178.5787,322.8963
3525,25504.9667,178.4895,323.2690
3530,25500.0000,178.9340,323.4410
3535,25514.8333,178.4010,323.4410
3540,25500.0000,178.5787,323.1257
3545,25500.0000,178.3120,323.1830
3550,25500.0000,177.8680,323.1830
