UTC,rdr,lat,lon,FL,SSR
18:24:27,1,43.743,11.182,0,SSR.
18:24:32,1,43.735,11.190,190,SSR.
18:24:38,1,43.727,11.200,190,SSR.
18:24:44,1,43.719,11.209,190,SSR.
18:24:49,1,43.709,11.210,190,SSR.
18:25:18,1,43.660,11.223,195,SSR.
18:25:23,1,43.650,11.224,196,SSR.
18:25:33,1,43.640,11.260,199,SSR.
18:25:45,1,43.611,11.240,201,SSR.
18:25:50,1,43.606,11.257,202,SSR.
18:25:56,1,43.594,11.255,203,SSR.
18:26:02,1,43.586,11.264,205,SSR.
18:26:07,1,43.570,11.250,206,SSR.        SPI.
18:26:13,1,43.572,11.293,207,SSR.        SPI.
18:26:18,1,43.551,11.261,208,SSR.PR.     SPI.
18:26:24,1,43.554,11.311,210,SSR.        SPI.
18:26:30,1,43.545,11.316,211,SSR.
18:26:35,1,43.533,11.314,212,SSR.
18:26:40,1,43.523,11.319,213,SSR.
18:26:46,1,43.512,11.321,215,SSR.
18:26:52,1,43.504,11.333,216,SSR.PR.
18:26:57,1,43.495,11.343,217,SSR.PR.
18:27:02,1,43.485,11.348,218,SSR.
18:27:09,1,43.477,11.360,220,SSR.PR.
18:27:14,1,43.465,11.359,221,SSR.PR.
18:27:19,1,43.456,11.371,222,SSR.PR.
18:27:25,1,43.448,11.380,223,SSR.PR.
18:27:31,1,43.439,11.392,225,SSR.PR.
18:27:36,1,43.429,11.401,226,SSR.PR.
18:27:42,1,43.415,11.392,227,SSR.PR.
18:27:47,1,43.408,11.408,227,SSR.PR.
18:27:53,1,43.400,11.424,229,SSR.PR.
18:27:58,1,43.388,11.426,229,SSR.PR.
18:28:04,1,43.381,11.445,230,SSR.PR.
18:28:09,1,43.371,11.450,231,SSR.PR.
18:28:15,1,43.360,11.455,231,SSR.PR.
18:28:21,1,43.352,11.474,231,SSR.PR.
18:28:26,1,43.338,11.467,231,SSR.PR.
18:28:32,1,43.329,11.478,231,SSR.PR.
18:28:38,1,43.321,11.496,231,SSR.PR.
18:28:43,1,43.309,11.502,230,SSR.PR.
18:28:49,1,43.295,11.499,230,SSR.PR.
18:28:55,1,43.287,11.513,231,SSR.PR.
18:29:00,1,43.274,11.516,233,SSR.
18:29:05,1,43.257,11.497,236,SSR.
18:29:11,1,43.220,11.415,239,SSR.PR.
18:29:17,1,43.241,11.532,242,SSR.
18:29:22,1,43.231,11.540,245,SSR.PR.
18:29:27,1,43.222,11.552,248,SSR.PR.
18:29:33,1,43.209,11.554,251,SSR.PR.
18:29:39,1,43.199,11.559,254,SSR.PR.
18:29:44,1,43.192,11.579,256,SSR.PR.
18:29:50,1,43.181,11.584,258,SSR.PR.
18:29:55,1,43.172,11.591,260,SSR.PR.
18:30:02,1,43.166,11.616,263,SSR.PR.
18:30:07,1,43.156,11.621,265,SSR.PR.
18:30:12,1,43.147,11.632,267,SSR.PR.
18:30:17,1,43.135,11.628,269,SSR.PR.
18:30:24,1,43.128,11.646,271,SSR.PR.
18:30:29,1,43.119,11.653,273,SSR.PR.
18:30:34,1,43.113,11.671,275,SSR.PR.
18:30:40,1,43.106,11.686,277,SSR.PR.
18:30:46,1,43.098,11.692,278,SSR.PR.
18:30:51,1,43.092,11.715,280,SSR.PR.
18:30:56,1,43.083,11.721,281,SSR.PR.
18:31:03,1,43.074,11.731,283,SSR.
18:31:08,1,43.067,11.742,284,SSR.PR.
18:31:13,1,43.056,11.741,285,SSR.PR.
18:31:19,1,43.050,11.758,286,SSR.PR.
18:31:25,1,43.044,11.779,287,SSR.PR.
18:31:30,1,43.035,11.785,288,SSR.PR.
18:31:36,1,43.027,11.799,289,SSR.
18:31:41,1,43.018,11.808,289,SSR.PR.
18:31:47,1,43.009,11.816,289,SSR.PR.
18:31:53,1,43.000,11.822,290,SSR.PR.
18:31:58,1,42.993,11.843,290,SSR.PR.
18:32:03,1,42.982,11.846,290,SSR.PR.
18:32:09,1,42.974,11.862,290,SSR.
18:32:15,1,42.964,11.865,290,SSR.
18:32:20,1,42.956,11.882,290,SSR.
18:32:25,1,42.948,11.895,290,SSR.
18:32:32,1,42.940,11.912,290,SSR.
18:32:37,1,42.929,11.920,290,SSR.
18:32:42,1,42.920,11.927,290,SSR.PR.
18:32:48,1,42.909,11.928,290,SSR.PR.
18:32:54,1,42.900,11.949,290,SSR.
18:32:59,1,42.892,11.968,290,SSR.
18:33:05,1,42.883,11.984,290,SSR.
18:33:10,1,42.872,11.986,290,SSR.
18:33:16,1,42.862,11.993,290,SSR.
18:33:22,1,42.851,11.997,290,SSR.
18:33:27,1,42.842,12.013,290,SSR.
18:33:32,1,42.831,12.026,290,SSR.PR.
18:33:38,1,42.820,12.028,290,SSR.PR.
18:33:44,1,42.809,12.043,290,SSR.PR.
18:33:49,1,42.798,12.053,290,SSR.PR.
18:33:56,1,42.788,12.064,290,SSR.PR.
18:34:01,1,42.775,12.064,290,SSR.PR.
18:34:06,1,42.765,12.083,290,SSR.
18:34:11,1,42.754,12.083,290,SSR.
18:34:18,1,42.743,12.097,290,SSR.PR.
18:34:23,1,42.732,12.112,290,SSR.PR.
18:34:29,1,42.720,12.117,290,SSR.PR.
18:34:34,1,42.710,12.126,290,SSR.PR.
18:34:40,1,42.698,12.121,290,SSR.PR.
18:34:46,1,42.686,12.132,290,SSR.PR.
18:35:08,1,42.647,12.180,290,SSR.PR.
18:35:13,1,42.638,12.191,290,SSR.PR.
18:35:18,1,42.630,12.214,290,SSR.PR.
18:35:25,1,42.620,12.231,290,SSR.PR.
18:35:30,1,42.612,12.244,290,SSR.PR.
18:35:35,1,42.603,12.261,290,SSR.PR.
18:35:41,1,42.594,12.274,290,SSR.PR.
18:35:47,1,42.585,12.284,290,SSR.PR.
18:35:52,1,42.575,12.308,290,SSR.PR.
18:35:58,1,42.566,12.320,290,SSR.PR.
18:36:03,1,42.557,12.325,290,SSR.PR.
18:36:09,1,42.546,12.342,290,SSR.PR.
18:36:15,1,42.537,12.353,290,SSR.PR.
18:36:20,1,42.526,12.373,290,SSR.PR.
18:36:25,1,42.518,12.380,290,SSR.PR.
18:36:32,1,42.507,12.399,290,SSR.PR.
18:36:37,1,42.498,12.407,290,SSR.PR.
18:36:42,1,42.487,12.422,290,SSR.PR.
18:36:49,1,42.479,12.433,290,SSR.PR.
18:36:54,1,42.470,12.443,290,SSR.
18:36:59,1,42.459,12.460,290,SSR.PR.
18:37:05,1,42.450,12.471,290,SSR.PR.
18:37:11,1,42.439,12.492,290,SSR.PR.
18:37:16,1,42.430,12.498,290,SSR.PR.
18:37:22,1,42.420,12.515,290,SSR.PR.
18:37:27,1,42.411,12.525,290,SSR.PR.
18:37:33,1,42.403,12.533,290,SSR.
18:37:39,1,42.392,12.552,290,SSR.PR.
18:37:44,1,42.383,12.562,290,SSR.PR.
18:37:49,1,42.372,12.577,290,SSR.PR.
18:37:55,1,42.363,12.588,290,SSR.
18:38:01,1,42.350,12.610,290,SSR.PR.
18:38:06,1,42.343,12.618,290,SSR.PR.
18:38:11,1,42.332,12.631,290,SSR.PR.
18:38:18,1,42.321,12.646,290,SSR.PR.
18:38:23,1,42.311,12.654,290,SSR.PR.
18:38:28,1,42.300,12.667,290,SSR.PR.
18:38:34,1,42.287,12.682,290,SSR.PR.
18:38:40,1,42.279,12.690,290,SSR.PR.
18:38:45,1,42.268,12.703,290,SSR.PR.
18:38:51,1,42.259,12.712,290,SSR.PR.
18:38:56,1,42.247,12.724,290,SSR.PR.
18:39:03,1,42.237,12.736,290,SSR.PR.
18:39:08,1,42.226,12.745,290,SSR.PR.
18:39:13,1,42.215,12.759,290,SSR.PR.
18:39:18,1,42.206,12.767,290,SSR.PR.
18:39:25,1,42.190,12.786,290,SSR.PR.
18:39:30,1,42.183,12.793,290,SSR.PR.
18:39:35,1,42.175,12.802,290,SSR.
18:39:42,1,42.163,12.813,290,SSR.
18:39:47,1,42.153,12.825,290,SSR.
18:39:52,1,42.145,12.834,290,SSR.
18:39:58,1,42.133,12.846,0,SSR.
18:40:04,1,42.122,12.858,290,SSR.
18:40:09,1,42.110,12.870,290,SSR.
18:40:15,1,42.099,12.883,290,SSR.PR.
18:40:20,1,42.084,12.898,290,SSR.PR.
18:40:27,1,42.074,12.908,290,SSR.PR.
18:40:32,1,42.061,12.921,290,SSR.PR.
18:40:37,1,42.055,12.929,290,SSR.PR.
18:40:43,1,42.045,12.940,290,SSR.PR.
18:40:49,1,42.036,12.950,290,SSR.PR.
18:40:54,1,42.022,12.962,290,SSR.PR.
18:41:00,1,42.009,12.972,289,SSR.PR.
18:41:05,1,42.000,12.979,289,SSR.PR.
18:41:11,1,41.991,12.985,289,SSR.
18:41:16,1,41.977,12.991,289,SSR.
18:41:22,1,41.965,12.995,289,SSR.
18:41:27,1,41.956,12.999,290,SSR.
18:41:33,1,41.942,13.003,290,SSR.
18:41:39,1,41.931,13.007,290,SSR.
18:41:44,1,41.918,13.010,290,SSR.
18:41:49,1,41.909,13.013,290,SSR.
18:41:56,1,41.897,13.017,290,SSR.
18:42:01,1,41.881,13.020,290,SSR.PR.
18:42:06,1,41.872,13.023,290,SSR.PR.
18:42:13,1,41.858,13.026,290,SSR.PR.
18:42:18,1,41.848,13.029,290,SSR.PR.
18:42:24,1,41.838,13.031,290,SSR.PR.
18:42:29,1,41.817,13.034,290,SSR.PR.
18:42:35,1,41.815,13.037,290,SSR.PR.
18:42:40,1,41.797,13.040,290,SSR.PR.
18:42:46,1,41.784,13.042,290,SSR.PR.
18:42:51,1,41.774,13.044,290,SSR.PR.
18:42:57,1,41.764,13.047,0,SSR.PR.
18:43:03,1,41.751,13.048,290,SSR.PR.
18:43:08,1,41.742,13.051,290,SSR.PR.
18:43:13,1,41.725,13.053,290,SSR.PR.
18:43:20,1,41.715,13.056,290,SSR.PR.
18:43:25,1,41.705,13.058,290,SSR.PR.
18:43:30,1,41.693,13.059,290,SSR.PR.
18:43:36,1,41.683,13.061,290,SSR.PR.
18:43:42,1,41.669,13.063,290,SSR.PR.
18:43:47,1,41.656,13.064,290,SSR.PR.
18:43:52,1,41.648,13.067,290,SSR.PR.
18:43:58,1,41.637,13.067,290,SSR.PR.
18:44:04,1,41.632,13.071,290,SSR.PR.
18:44:09,1,41.621,13.073,290,SSR.PR.
18:44:15,1,41.613,13.076,289,SSR.PR.
18:44:20,1,41.601,13.077,289,SSR.PR.
18:44:27,1,41.586,13.076,289,SSR.PR.
18:44:32,1,41.565,13.072,289,SSR.PR.
18:44:37,1,41.556,13.074,0,SSR.PR.
18:44:44,1,41.540,13.073,290,SSR.PR.
18:44:49,1,41.537,13.079,290,SSR.PR.
18:44:54,1,41.523,13.076,290,SSR.PR.
18:44:59,1,41.513,13.078,290,SSR.PR.
18:45:06,1,41.503,13.078,290,SSR.PR.
18:45:11,1,41.487,13.076,290,SSR.PR.
18:45:16,1,41.481,13.080,290,SSR.PR.
18:45:22,1,41.467,13.078,290,SSR.PR.
18:45:28,1,41.457,13.079,290,SSR.PR.
18:45:33,1,41.442,13.078,290,SSR.PR.
18:45:39,1,41.436,13.081,290,SSR.PR.
18:45:44,1,41.423,13.078,290,SSR.PR.
18:45:50,1,41.411,13.074,289,SSR.PR.
18:45:56,1,41.401,13.072,289,SSR.PR.
18:46:01,1,41.395,13.072,289,SSR.PR.
18:46:06,1,41.380,13.064,289,SSR.PR.
18:46:13,1,41.369,13.059,289,SSR.PR.
18:46:18,1,41.357,13.054,290,SSR.PR.
18:46:23,1,41.352,13.053,290,SSR.PR.
18:46:29,1,41.345,13.054,290,SSR.PR.
18:46:35,1,41.332,13.046,290,SSR.PR.
18:46:40,1,41.322,13.043,290,SSR.PR.
18:46:45,1,41.311,13.036,290,SSR.
18:46:51,1,41.300,13.032,290,SSR.PR.
18:46:57,1,41.292,13.031,290,SSR.PR.
18:47:03,1,41.280,13.024,289,SSR.PR.
18:47:08,1,41.272,13.022,288,SSR.PR.
18:47:13,1,41.263,13.018,287,SSR.PR.
18:47:20,1,41.252,13.013,286,SSR.PR.
18:47:25,1,41.242,13.008,286,SSR.PR.
18:47:30,1,41.230,13.002,285,SSR.PR.
18:47:36,1,41.219,12.996,284,SSR.PR.
18:47:42,1,41.216,13.002,283,SSR.PR.
18:47:47,1,41.205,12.997,282,SSR.PR.
18:47:52,1,41.190,12.986,282,SSR.PR.
18:47:59,1,41.180,12.982,281,SSR.PR.
18:48:04,1,41.168,12.977,280,SSR.PR.
18:48:09,1,41.161,12.977,279,SSR.PR.
18:48:15,1,41.150,12.973,278,SSR.PR.
18:48:21,1,41.139,12.968,277,SSR.PR.
18:48:26,1,41.129,12.965,276,SSR.PR.
18:48:32,1,41.118,12.963,276,SSR.PR.
18:48:37,1,41.110,12.962,275,SSR.PR.
18:48:43,1,41.096,12.953,274,SSR.PR.
18:48:49,1,41.084,12.948,273,SSR.PR.
18:48:54,1,41.075,12.949,273,SSR.PR.
18:48:59,1,41.068,12.950,272,SSR.PR.
18:49:06,1,41.057,12.946,271,SSR.PR.
18:49:11,1,41.041,12.934,270,SSR.PR.
18:49:16,1,41.030,12.926,269,SSR.PR.
18:49:22,1,41.019,12.922,269,SSR.PR.
18:49:28,1,41.013,12.929,268,SSR.PR.
18:49:33,1,40.999,12.918,267,SSR.PR.
18:49:38,1,40.991,12.921,266,SSR.PR.
18:49:44,1,40.976,12.909,265,SSR.PR.
18:49:50,1,40.969,12.914,264,SSR.PR.
18:49:55,1,40.954,12.904,264,SSR.
18:50:01,1,40.948,12.912,263,SSR.PR.
18:50:07,1,40.934,12.902,262,SSR.PR.
18:50:12,1,40.927,12.907,261,SSR.PR.
18:50:18,1,40.914,12.900,260,SSR.PR.
18:50:23,1,40.901,12.893,259,SSR.PR.
18:50:29,1,40.894,12.899,258,SSR.
18:50:35,1,40.880,12.892,257,SSR.PR.
18:50:40,1,40.870,12.892,256,SSR.PR.
18:50:45,1,40.857,12.891,256,SSR.PR.
18:50:52,1,40.843,12.881,255,SSR.PR.
18:50:57,1,40.833,12.885,255,SSR.PR.
18:51:02,1,40.820,12.882,255,SSR.PR.
18:51:08,1,40.805,12.874,254,SSR.
18:51:14,1,40.796,12.878,254,SSR.
18:51:19,1,40.786,12.882,253,SSR.PR.
18:51:25,1,40.775,12.883,253,SSR.
18:51:30,1,40.762,12.879,252,SSR.PR.
18:51:36,1,40.753,12.885,252,SSR.PR.
18:51:42,1,40.742,12.886,251,SSR.PR.
18:51:47,1,40.727,12.877,250,SSR.PR.
18:51:52,1,40.719,12.887,250,SSR.PR.
18:51:58,1,40.705,12.882,250,SSR.PR.
18:52:04,1,40.695,12.885,250,SSR.PR.
18:52:09,1,40.686,12.893,250,SSR.PR.
18:52:14,1,40.669,12.874,250,SSR.
18:52:21,1,40.658,12.875,250,SSR.PR.
18:52:26,1,40.649,12.882,250,SSR.PR.
18:52:31,1,40.638,12.883,250,SSR.PR.
18:52:38,1,40.623,12.872,251,SSR.PR.
18:52:43,1,40.616,12.887,251,SSR.PR.
18:52:48,1,40.640,12.990,251,SSR.PR.
18:52:54,1,40.589,12.876,251,SSR.PR.
18:53:00,1,40.576,12.869,251,SSR.PR.
18:53:05,1,40.564,12.872,250,SSR.
18:53:10,1,40.557,12.884,250,SSR.PR.
18:53:16,1,40.546,12.890,250,SSR.PR.
18:53:22,1,40.534,12.888,250,SSR.PR.
18:53:27,1,40.521,12.880,250,SSR.PR.
18:53:33,1,40.508,12.880,250,SSR.PR.
18:53:38,1,40.499,12.887,250,SSR.PR.
18:53:44,1,40.486,12.882,250,SSR.PR.
18:53:50,1,40.474,12.879,250,SSR.
18:53:55,1,40.461,12.876,250,SSR.PR.
18:54:00,1,40.450,12.878,251,SSR.
18:54:07,1,40.444,12.900,251,SSR.PR.
18:54:12,1,40.430,12.891,251,SSR.PR.
18:54:17,1,40.416,12.882,250,SSR.PR.
18:54:22,1,40.404,12.881,250,SSR.PR.
18:54:29,1,40.392,12.881,250,SSR.PR.
18:54:34,1,40.385,12.896,250,SSR.PR.
18:54:39,1,40.372,12.890,250,SSR.PR.
18:54:45,1,40.359,12.886,250,SSR.PR.
18:54:51,1,40.350,12.893,250,SSR.PR.
18:54:56,1,40.338,12.892,250,SSR.PR.
18:55:02,1,40.332,12.911,250,SSR.PR.
18:55:07,1,40.314,12.890,250,SSR.PR.
18:55:13,1,40.303,12.888,250,SSR.PR.
18:55:19,1,40.290,12.887,250,SSR.PR.
18:55:24,1,40.279,12.885,250,SSR.PR.
18:55:29,1,40.268,12.890,250,SSR.PR.
18:55:36,1,40.256,12.887,250,SSR.PR.
18:55:41,1,40.251,12.914,250,SSR.PR.
18:55:46,1,40.235,12.896,250,SSR.PR.
18:55:53,1,40.221,12.888,250,SSR.PR.
18:55:58,1,40.210,12.890,250,SSR.PR.
18:56:03,1,40.203,12.910,250,SSR.PR.
18:56:08,1,40.193,12.921,250,SSR.PR.
18:56:15,1,40.178,12.903,250,SSR.PR.
18:56:20,1,40.165,12.905,250,SSR.PR.
18:56:25,1,40.151,12.896,250,SSR.PR.
18:56:31,1,40.144,12.917,250,SSR.PR.
18:56:37,1,40.134,12.924,250,SSR.PR.
18:56:42,1,40.118,12.913,250,SSR.
18:56:48,1,40.111,12.934,250,SSR.
18:56:53,1,40.095,12.918,250,SSR.PR.
18:56:59,1,40.082,12.916,250,SSR.PR.
18:57:04,1,40.073,12.927,250,SSR.PR.
18:57:10,1,40.058,12.918,250,SSR.PR.
18:57:15,1,40.046,12.923,250,SSR.PR.
18:57:21,1,40.035,12.927,250,SSR.PR.
18:57:27,1,40.026,12.942,250,SSR.PR.
18:57:32,1,40.018,12.961,250,SSR.PR.
18:57:37,1,40.004,12.955,250,SSR.PR.
18:57:44,1,39.988,12.937,250,SSR.PR.
18:57:49,1,39.978,12.953,250,SSR.PR.
18:57:54,1,39.969,12.964,250,SSR.PR.
18:58:00,1,39.955,12.962,250,SSR.PR.
18:58:06,1,39.943,12.959,250,SSR.PR.
18:58:11,1,39.936,12.982,250,SSR.PR.
18:58:17,1,39.921,12.972,250,SSR.PR.
18:58:22,1,39.910,12.976,250,SSR.PR.
18:58:28,1,39.894,12.966,250,SSR.PR.
18:58:33,1,39.888,12.992,250,SSR.PR.
18:58:39,1,39.880,13.012,250,SSR.PR.
18:58:45,1,39.857,12.967,250,SSR.
18:58:50,1,39.856,13.018,250,SSR.PR.
18:58:56,1,39.843,13.019,250,SSR.PR.
18:59:01,1,39.825,12.992,250,SSR.PR.
18:59:07,1,39.815,13.000,250,SSR.PR.
18:59:13,1,39.806,13.016,250,SSR.PR.
18:59:18,1,39.791,13.009,250,SSR.PR.
18:59:23,1,39.777,13.001,250,SSR.PR.
18:59:30,1,39.772,13.029,250,SSR.PR.
18:59:35,1,39.756,13.018,250,SSR.PR.
18:59:40,1,39.746,13.026,250,SSR.PR.
18:59:45,1,39.732,13.022,250,SSR.PR.
null,nullll,null,null
18:24:32,3,43.736,11.195,190,SSR.
18:24:38,3,43.725,11.196,190,SSR.
18:24:44,3,43.720,11.213,190,SSR.
18:24:49,3,43.711,11.217,190,SSR.
18:25:06,3,43.682,11.225,0,SSR.
18:25:18,3,43.661,11.222,195,SSR.
18:25:23,3,43.650,11.224,196,SSR.
18:25:28,3,43.644,11.240,197,SSR.
18:25:33,3,43.640,11.260,199,SSR.
18:25:45,3,43.614,11.248,201,SSR.
18:25:50,3,43.606,11.257,202,SSR.
18:25:56,3,43.597,11.266,203,SSR.
18:26:02,3,43.586,11.264,205,SSR.
18:26:07,3,43.566,11.235,206,SSR.        SPI.
18:26:13,3,43.573,11.296,207,SSR.        SPI.
18:26:18,3,43.552,11.265,208,SSR.PR.     SPI.
18:26:24,3,43.555,11.314,210,SSR.        SPI.
18:26:30,3,43.546,11.320,211,SSR.
18:26:35,3,43.535,11.321,212,SSR.
18:26:40,3,43.525,11.330,213,SSR.
18:26:46,3,43.511,11.318,215,SSR.
18:26:52,3,43.504,11.333,216,SSR.PR.
18:26:57,3,43.498,11.353,217,SSR.PR.
18:27:02,3,43.485,11.352,218,SSR.
18:27:09,3,43.479,11.367,220,SSR.PR.
18:27:14,3,43.464,11.359,221,SSR.PR.
18:27:19,3,43.458,11.378,222,SSR.PR.
18:27:25,3,43.447,11.380,223,SSR.PR.
18:27:31,3,43.441,11.399,225,SSR.PR.
18:27:36,3,43.429,11.401,226,SSR.PR.
18:27:42,3,43.417,11.399,227,SSR.PR.
18:27:47,3,43.409,11.415,227,SSR.PR.
18:27:53,3,43.399,11.421,229,SSR.PR.
18:27:58,3,43.384,11.413,229,SSR.PR.
18:28:04,3,43.376,11.428,230,SSR.PR.
18:28:09,3,43.372,11.453,231,SSR.PR.
18:28:15,3,43.360,11.459,231,SSR.PR.
18:28:26,3,43.338,11.467,231,SSR.PR.
18:28:32,3,43.329,11.478,231,SSR.PR.
18:28:38,3,43.320,11.493,231,SSR.PR.
18:28:43,3,43.308,11.496,230,SSR.PR.
18:28:49,3,43.301,11.520,230,SSR.PR.
18:28:55,3,43.282,11.495,231,SSR.
18:29:00,3,43.275,11.519,233,SSR.
18:29:05,3,43.258,11.499,236,SSR.
18:29:11,3,43.219,11.413,239,SSR.PR.
18:29:17,3,43.243,11.538,242,SSR.
18:29:22,3,43.227,11.525,245,SSR.PR.
18:29:27,3,43.221,11.549,248,SSR.PR.
18:29:33,3,43.211,11.560,251,SSR.PR.
18:29:39,3,43.201,11.565,254,SSR.PR.
18:29:44,3,43.192,11.576,256,SSR.PR.
18:29:50,3,43.182,11.587,258,SSR.PR.
18:29:55,3,43.173,11.598,260,SSR.PR.
18:30:02,3,43.166,11.614,263,SSR.PR.
18:30:07,3,43.156,11.624,265,SSR.PR.
18:30:12,3,43.148,11.637,267,SSR.PR.
18:30:17,3,43.136,11.630,269,SSR.PR.
18:30:24,3,43.129,11.649,271,SSR.PR.
18:30:29,3,43.121,11.655,273,SSR.PR.
18:30:34,3,43.114,11.673,275,SSR.PR.
18:30:40,3,43.107,11.692,277,SSR.PR.
18:30:46,3,43.098,11.695,278,SSR.PR.
18:30:51,3,43.092,11.715,280,SSR.PR.
18:30:56,3,43.083,11.719,281,SSR.PR.
18:31:03,3,43.073,11.731,283,SSR.
18:31:08,3,43.068,11.745,284,SSR.PR.
18:31:13,3,43.061,11.759,285,SSR.PR.
18:31:19,3,43.051,11.763,286,SSR.PR.
18:31:25,3,43.044,11.785,287,SSR.PR.
18:31:30,3,43.035,11.788,288,SSR.PR.
18:31:36,3,43.028,11.805,289,SSR.
18:31:41,3,43.019,11.810,289,SSR.PR.
18:31:47,3,43.010,11.818,289,SSR.PR.
18:31:53,3,43.000,11.827,290,SSR.PR.
18:31:58,3,42.993,11.846,290,SSR.PR.
18:32:03,3,42.984,11.853,290,SSR.PR.
18:32:09,3,42.975,11.864,290,SSR.
18:32:15,3,42.965,11.867,290,SSR.
18:32:20,3,42.957,11.885,290,SSR.
18:32:25,3,42.948,11.898,290,SSR.
18:32:32,3,42.939,11.912,290,SSR.
18:32:37,3,42.929,11.917,290,SSR.
18:32:42,3,42.920,11.927,290,SSR.PR.
18:32:48,3,42.910,11.932,290,SSR.PR.
18:32:54,3,42.901,11.954,290,SSR.
18:32:59,3,42.893,11.970,290,SSR.
18:33:05,3,42.883,11.986,290,SSR.
18:33:10,3,42.872,11.980,290,SSR.PR.
18:33:16,3,42.862,12.000,290,SSR.
18:33:22,3,42.854,12.026,0,SSR.
18:33:27,3,42.842,12.020,290,SSR.
18:33:32,3,42.830,12.026,290,SSR.PR.
18:33:38,3,42.819,12.031,290,SSR.PR.
18:33:44,3,42.809,12.048,290,SSR.PR.
18:33:49,3,42.799,12.058,290,SSR.PR.
18:33:56,3,42.787,12.053,290,SSR.PR.
18:34:01,3,42.777,12.078,290,SSR.PR.
18:34:06,3,42.766,12.089,290,SSR.
18:34:11,3,42.754,12.087,290,SSR.
18:34:18,3,42.743,12.097,290,SSR.PR.
18:34:23,3,42.732,12.114,290,SSR.PR.
18:34:29,3,42.721,12.123,290,SSR.PR.
18:34:34,3,42.709,12.118,290,SSR.PR.
18:34:40,3,42.698,12.133,290,SSR.PR.
18:34:46,3,42.686,12.139,290,SSR.PR.
18:35:08,3,42.647,12.193,290,SSR.PR.
18:35:13,3,42.638,12.195,290,SSR.PR.
18:35:18,3,42.630,12.215,290,SSR.PR.
18:35:25,3,42.620,12.233,290,SSR.PR.
18:35:30,3,42.612,12.244,290,SSR.PR.
18:35:35,3,42.603,12.263,290,SSR.PR.
18:35:41,3,42.594,12.275,290,SSR.PR.
18:35:47,3,42.585,12.283,290,SSR.PR.
18:35:52,3,42.575,12.305,290,SSR.PR.
18:35:58,3,42.566,12.316,290,SSR.PR.
18:36:03,3,42.556,12.326,290,SSR.PR.
18:36:09,3,42.546,12.344,290,SSR.PR.
18:36:15,3,42.537,12.355,290,SSR.PR.
18:36:20,3,42.526,12.371,290,SSR.PR.
18:36:25,3,42.517,12.383,290,SSR.PR.
18:36:32,3,42.507,12.399,290,SSR.PR.
18:36:37,3,42.498,12.410,290,SSR.PR.
18:36:42,3,42.488,12.424,290,SSR.PR.
18:36:49,3,42.479,12.436,290,SSR.PR.
18:36:54,3,42.470,12.440,290,SSR.
18:36:59,3,42.459,12.463,290,SSR.PR.
18:37:05,3,42.450,12.473,290,SSR.PR.
18:37:11,3,42.438,12.495,290,SSR.PR.
18:37:16,3,42.430,12.497,290,SSR.PR.
18:37:22,3,42.420,12.515,290,SSR.PR.
18:37:27,3,42.411,12.525,290,SSR.PR.
18:37:33,3,42.403,12.534,290,SSR.
18:37:39,3,42.391,12.553,290,SSR.PR.
18:37:44,3,42.382,12.563,290,SSR.PR.
18:37:49,3,42.372,12.576,290,SSR.PR.
18:37:55,3,42.363,12.588,290,SSR.
18:38:01,3,42.350,12.612,290,SSR.PR.
18:38:06,3,42.342,12.620,290,SSR.PR.
18:38:11,3,42.333,12.630,290,SSR.PR.
18:38:18,3,42.321,12.646,290,SSR.PR.
18:38:23,3,42.310,12.655,290,SSR.PR.
18:38:28,3,42.300,12.667,290,SSR.PR.
18:38:34,3,42.288,12.682,290,SSR.PR.
18:38:40,3,42.279,12.691,290,SSR.PR.
18:38:45,3,42.269,12.701,290,SSR.PR.
18:38:51,3,42.257,12.714,290,SSR.PR.
18:38:56,3,42.246,12.726,290,SSR.PR.
18:39:03,3,42.236,12.737,290,SSR.PR.
18:39:08,3,42.225,12.746,290,SSR.PR.
18:39:13,3,42.216,12.758,290,SSR.PR.
18:39:18,3,42.203,12.771,290,SSR.PR.
18:39:25,3,42.189,12.787,290,SSR.PR.
18:39:30,3,42.183,12.793,290,SSR.PR.
18:39:35,3,42.175,12.802,290,SSR.
18:39:42,3,42.162,12.814,290,SSR.
18:39:47,3,42.153,12.825,290,SSR.
18:39:52,3,42.143,12.837,290,SSR.
18:39:58,3,42.141,12.840,290,SSR.PR.
18:40:04,3,42.121,12.859,290,SSR.
18:40:09,3,42.109,12.871,290,SSR.
18:40:15,3,42.100,12.882,290,SSR.PR.
18:40:20,3,42.089,12.894,290,SSR.
18:40:27,3,42.074,12.908,290,SSR.PR.
18:40:32,3,42.060,12.921,290,SSR.PR.
18:40:37,3,42.052,12.931,290,SSR.PR.
18:40:43,3,42.043,12.941,290,SSR.PR.
18:40:49,3,42.036,12.950,290,SSR.PR.
18:40:54,3,42.022,12.962,290,SSR.PR.
18:41:00,3,42.010,12.971,289,SSR.PR.
18:41:05,3,41.998,12.980,289,SSR.PR.
18:41:11,3,41.990,12.985,289,SSR.
18:41:16,3,41.976,12.991,289,SSR.
18:41:22,3,41.963,12.996,289,SSR.
18:41:27,3,41.956,12.999,290,SSR.
18:41:33,3,41.942,13.003,290,SSR.
18:41:39,3,41.930,13.007,290,SSR.
18:41:44,3,41.918,13.010,290,SSR.
18:41:49,3,41.908,13.013,290,SSR.
18:41:56,3,41.896,13.017,290,SSR.
18:42:01,3,41.879,13.020,290,SSR.PR.
18:42:06,3,41.871,13.023,290,SSR.PR.
18:42:13,3,41.858,13.025,290,SSR.PR.
18:42:18,3,41.848,13.028,290,SSR.PR.
18:42:24,3,41.835,13.031,290,SSR.PR.
18:42:29,3,41.816,13.034,290,SSR.PR.
18:42:35,3,41.813,13.037,290,SSR.PR.
18:42:40,3,41.797,13.040,290,SSR.PR.
18:42:46,3,41.785,13.042,290,SSR.PR.
18:42:51,3,41.774,13.044,290,SSR.PR.
18:42:57,3,41.765,13.047,0,SSR.PR.
18:43:03,3,41.752,13.048,0,SSR.PR.
18:43:08,3,41.742,13.051,290,SSR.PR.
18:43:13,3,41.726,13.053,290,SSR.PR.
18:43:20,3,41.714,13.055,290,SSR.PR.
18:43:25,3,41.707,13.058,290,SSR.PR.
18:43:30,3,41.693,13.059,290,SSR.PR.
18:43:36,3,41.683,13.061,290,SSR.PR.
18:43:42,3,41.670,13.063,290,SSR.PR.
18:43:47,3,41.657,13.064,290,SSR.PR.
18:43:52,3,41.647,13.066,290,SSR.PR.
18:43:58,3,41.637,13.069,290,SSR.PR.
18:44:04,3,41.628,13.070,290,SSR.PR.
18:44:09,3,41.620,13.073,290,SSR.PR.
18:44:15,3,41.613,13.076,289,SSR.PR.
18:44:20,3,41.599,13.076,289,SSR.PR.
18:44:27,3,41.584,13.075,289,SSR.PR.
18:44:32,3,41.563,13.071,289,SSR.PR.
18:44:37,3,41.555,13.073,289,SSR.PR.
18:44:44,3,41.541,13.073,290,SSR.PR.
18:44:49,3,41.536,13.076,290,SSR.PR.
18:44:54,3,41.521,13.075,290,SSR.PR.
18:44:59,3,41.510,13.075,290,SSR.PR.
18:45:06,3,41.502,13.078,290,SSR.PR.
18:45:11,3,41.487,13.076,290,SSR.PR.
18:45:16,3,41.480,13.079,290,SSR.PR.
18:45:22,3,41.467,13.078,290,SSR.PR.
18:45:28,3,41.457,13.079,290,SSR.PR.
18:45:33,3,41.442,13.078,290,SSR.PR.
18:45:39,3,41.434,13.079,290,SSR.PR.
18:45:44,3,41.423,13.079,290,SSR.PR.
18:45:50,3,41.412,13.075,289,SSR.PR.
18:45:56,3,41.400,13.072,289,SSR.PR.
18:46:01,3,41.393,13.071,289,SSR.PR.
18:46:06,3,41.379,13.063,289,SSR.PR.
18:46:13,3,41.371,13.061,289,SSR.PR.
18:46:18,3,41.359,13.055,290,SSR.PR.
18:46:23,3,41.352,13.053,290,SSR.PR.
18:46:29,3,41.343,13.052,290,SSR.PR.
18:46:35,3,41.331,13.045,290,SSR.PR.
18:46:40,3,41.321,13.042,290,SSR.PR.
18:46:45,3,41.310,13.035,290,SSR.
18:46:51,3,41.301,13.033,290,SSR.PR.
18:46:57,3,41.290,13.028,290,SSR.PR.
18:47:03,3,41.281,13.023,289,SSR.PR.
18:47:08,3,41.273,13.021,288,SSR.PR.
18:47:13,3,41.262,13.017,287,SSR.PR.
18:47:20,3,41.251,13.011,286,SSR.PR.
18:47:25,3,41.242,13.008,286,SSR.PR.
18:47:30,3,41.229,13.001,285,SSR.PR.
18:47:36,3,41.220,12.997,284,SSR.PR.
18:47:42,3,41.207,12.990,283,SSR.PR.
18:47:47,3,41.204,12.996,282,SSR.PR.
18:47:52,3,41.188,12.983,282,SSR.PR.
18:47:59,3,41.180,12.982,281,SSR.PR.
18:48:04,3,41.168,12.977,280,SSR.PR.
18:48:09,3,41.159,12.974,279,SSR.PR.
18:48:15,3,41.149,12.970,278,SSR.PR.
18:48:21,3,41.138,12.966,277,SSR.PR.
18:48:26,3,41.128,12.963,276,SSR.PR.
18:48:32,3,41.119,12.964,276,SSR.PR.
18:48:37,3,41.109,12.961,275,SSR.PR.
18:48:43,3,41.095,12.950,274,SSR.PR.
18:48:49,3,41.085,12.950,273,SSR.PR.
18:48:54,3,41.076,12.948,273,SSR.PR.
18:48:59,3,41.068,12.950,272,SSR.PR.
18:49:06,3,41.054,12.940,271,SSR.PR.
18:49:11,3,41.040,12.932,270,SSR.PR.
18:49:16,3,41.030,12.928,269,SSR.PR.
18:49:22,3,41.019,12.922,269,SSR.PR.
18:49:28,3,41.012,12.926,268,SSR.PR.
18:49:33,3,40.999,12.918,267,SSR.PR.
18:49:38,3,40.990,12.919,266,SSR.PR.
18:49:44,3,40.976,12.909,265,SSR.PR.
18:49:50,3,40.967,12.910,264,SSR.PR.
18:49:55,3,40.954,12.902,264,SSR.
18:50:01,3,40.946,12.908,263,SSR.PR.
18:50:07,3,40.933,12.900,262,SSR.PR.
18:50:12,3,40.923,12.898,261,SSR.PR.
18:50:18,3,40.912,12.897,260,SSR.PR.
18:50:23,3,40.901,12.893,259,SSR.PR.
18:50:30,3,40.887,12.882,258,SSR.
18:50:35,3,40.880,12.890,257,SSR.PR.
18:50:40,3,40.867,12.886,256,SSR.PR.
18:50:45,3,40.859,12.892,256,SSR.PR.
18:50:52,3,40.842,12.879,255,SSR.PR.
18:50:57,3,40.831,12.880,255,SSR.PR.
18:51:02,3,40.818,12.878,255,SSR.PR.
18:51:08,3,40.805,12.872,254,SSR.
18:51:14,3,40.794,12.876,254,SSR.
18:51:19,3,40.787,12.884,253,SSR.PR.
18:51:25,3,40.775,12.883,253,SSR.
18:51:30,3,40.760,12.875,252,SSR.PR.
18:51:36,3,40.752,12.883,252,SSR.PR.
18:51:42,3,40.736,12.871,251,SSR.PR.
18:51:47,3,40.727,12.879,250,SSR.PR.
18:51:52,3,40.717,12.883,250,SSR.PR.
18:51:58,3,40.703,12.875,250,SSR.PR.
18:52:04,3,40.692,12.874,250,SSR.PR.
18:52:09,3,40.682,12.880,250,SSR.PR.
18:52:14,3,40.668,12.872,250,SSR.
18:52:21,3,40.657,12.873,250,SSR.PR.
18:52:26,3,40.646,12.875,250,SSR.PR.
18:52:31,3,40.636,12.878,250,SSR.PR.
18:52:38,3,40.623,12.872,251,SSR.PR.
18:52:43,3,40.611,12.870,251,SSR.PR.
18:52:48,3,40.639,12.988,251,SSR.PR.
18:52:54,3,40.588,12.874,251,SSR.PR.
18:53:00,3,40.579,12.879,251,SSR.PR.
18:53:05,3,40.564,12.872,250,SSR.
18:53:10,3,40.557,12.884,250,SSR.PR.
18:53:16,3,40.545,12.882,250,SSR.PR.
18:53:22,3,40.533,12.882,250,SSR.PR.
18:53:27,3,40.520,12.877,250,SSR.PR.
18:53:33,3,40.508,12.877,250,SSR.PR.
18:53:38,3,40.499,12.885,250,SSR.PR.
18:53:44,3,40.485,12.880,250,SSR.PR.
18:53:50,3,40.472,12.874,250,SSR.
18:53:55,3,40.461,12.876,250,SSR.PR.
18:54:00,3,40.449,12.876,251,SSR.
18:54:07,3,40.442,12.894,251,SSR.PR.
18:54:12,3,40.429,12.886,251,SSR.PR.
18:54:17,3,40.417,12.882,250,SSR.PR.
18:54:22,3,40.404,12.881,250,SSR.PR.
18:54:29,3,40.392,12.881,250,SSR.PR.
18:54:34,3,40.385,12.896,250,SSR.PR.
18:54:39,3,40.371,12.884,250,SSR.PR.
18:54:45,3,40.359,12.886,250,SSR.PR.
18:54:51,3,40.349,12.890,250,SSR.PR.
18:54:56,3,40.332,12.872,250,SSR.PR.
18:55:02,3,40.324,12.882,250,SSR.PR.
18:55:07,3,40.314,12.890,250,SSR.PR.
18:55:13,3,40.305,12.897,250,SSR.PR.
18:55:19,3,40.291,12.890,250,SSR.PR.
18:55:24,3,40.279,12.888,250,SSR.PR.
18:55:29,3,40.268,12.890,250,SSR.PR.
18:55:36,3,40.256,12.887,250,SSR.PR.
18:55:41,3,40.249,12.905,250,SSR.PR.
18:55:46,3,40.235,12.896,250,SSR.PR.
18:55:53,3,40.221,12.885,250,SSR.PR.
18:55:58,3,40.208,12.884,250,SSR.PR.
18:56:03,3,40.204,12.910,250,SSR.PR.
18:56:08,3,40.193,12.914,250,SSR.PR.
18:56:15,3,40.180,12.910,250,SSR.PR.
18:56:20,3,40.171,12.928,250,SSR.PR.
18:56:25,3,40.150,12.892,250,SSR.PR.
18:56:31,3,40.143,12.910,250,SSR.PR.
18:56:37,3,40.135,12.928,250,SSR.PR.
18:56:42,3,40.117,12.910,250,SSR.
18:56:48,3,40.108,12.920,250,SSR.
18:56:53,3,40.095,12.914,250,SSR.PR.
18:56:59,3,40.082,12.916,250,SSR.PR.
18:57:04,3,40.074,12.934,250,SSR.PR.
18:57:10,3,40.057,12.914,250,SSR.PR.
18:57:15,3,40.047,12.926,250,SSR.PR.
18:57:21,3,40.034,12.923,250,SSR.PR.
18:57:27,3,40.026,12.942,250,SSR.PR.
18:57:32,3,40.017,12.957,250,SSR.PR.
18:57:37,3,40.005,12.958,250,SSR.PR.
18:57:44,3,39.988,12.941,250,SSR.PR.
18:57:49,3,39.978,12.953,250,SSR.PR.
18:57:54,3,39.968,12.961,250,SSR.PR.
18:58:00,3,39.954,12.954,250,SSR.PR.
18:58:06,3,39.944,12.963,250,SSR.PR.
18:58:11,3,39.934,12.974,250,SSR.PR.
18:58:17,3,39.921,12.972,250,SSR.PR.
18:58:22,3,39.908,12.968,250,SSR.PR.
18:58:28,3,39.892,12.958,250,SSR.PR.
18:58:33,3,39.887,12.989,250,SSR.PR.
18:58:39,3,39.879,13.008,250,SSR.PR.
18:58:45,3,39.857,12.967,250,SSR.
18:58:50,3,39.856,13.018,250,SSR.PR.
18:58:56,3,39.842,13.010,250,SSR.PR.
18:59:01,3,39.826,12.996,250,SSR.PR.
18:59:07,3,39.815,13.000,250,SSR.PR.
18:59:13,3,39.806,13.016,250,SSR.PR.
18:59:18,3,39.789,12.996,250,SSR.PR.
18:59:23,3,39.778,13.005,250,SSR.PR.
18:59:30,3,39.771,13.025,250,SSR.PR.
18:59:35,3,39.755,13.013,250,SSR.PR.
18:59:40,3,39.745,13.022,250,SSR.PR.
18:59:45,3,39.732,13.018,250,SSR.PR.
null,nullll,null,null
18:24:29,2,43.738,11.190,0,SSR.
18:24:36,2,43.734,11.212,0,SSR.
18:24:47,2,43.713,11.218,190,SSR.
18:24:53,2,43.705,11.228,190,SSR.
18:24:59,2,43.699,11.245,191,SSR.
18:25:05,2,43.689,11.246,0,SSR.
18:25:41,2,43.623,11.255,200,SSR.
18:25:46,2,43.615,11.265,205,SSR.
18:25:58,2,43.596,11.283,0,SSR.
18:26:04,2,43.585,11.281,205,SSR.
18:26:10,2,43.571,11.276,206,SSR.PR.     SPI.
18:26:21,2,43.550,11.288,209,SSR.PR.     SPI.
18:26:28,2,43.540,11.294,165,SSR.PR.     SPI.
18:26:33,2,43.533,11.311,212,SSR.PR.
18:26:39,2,43.522,11.317,213,SSR.PR.
18:26:45,2,43.531,11.387,241,SSR.PR.
18:26:51,2,43.495,11.306,216,SSR.
18:26:57,2,43.502,11.373,217,SSR.
18:27:02,2,43.487,11.361,77,SSR.PR.
18:27:09,2,43.473,11.356,220,SSR.
18:27:15,2,43.463,11.366,221,SSR.PR.
18:27:20,2,43.456,11.386,222,SSR.PR.
18:27:27,2,43.443,11.384,224,SSR.PR.
18:27:32,2,43.432,11.390,225,SSR.PR.
18:27:38,2,43.424,11.403,226,SSR.PR.
18:27:44,2,43.415,11.415,227,SSR.PR.
18:27:50,2,43.406,11.432,228,SSR.PR.
18:27:56,2,43.393,11.431,229,SSR.PR.
18:28:02,2,43.384,11.443,230,SSR.PR.
18:28:07,2,43.372,11.446,231,SSR.PR.
18:28:14,2,43.362,11.459,0,SSR.PR.
18:28:20,2,43.355,11.481,231,SSR.PR.
18:28:25,2,43.341,11.477,231,SSR.PR.
18:28:32,2,43.332,11.493,231,SSR.PR.
18:28:38,2,43.320,11.499,231,SSR.PR.
18:28:43,2,43.308,11.505,230,SSR.PR.
18:28:49,2,43.295,11.508,230,SSR.PR.
18:28:55,2,43.285,11.523,231,SSR.PR.
18:29:01,2,43.274,11.529,234,SSR.PR.
18:29:07,2,43.201,11.337,237,SSR.PR.
18:29:19,2,43.235,11.539,243,SSR.PR.
18:29:24,2,43.224,11.544,246,SSR.PR.
18:29:30,2,43.213,11.550,249,SSR.PR.
18:29:42,2,43.193,11.573,255,SSR.PR.
18:29:48,2,43.181,11.576,258,SSR.PR.
18:29:54,2,43.172,11.590,260,SSR.PR.
18:30:00,2,43.164,11.604,262,SSR.PR.
18:30:06,2,43.153,11.612,264,SSR.PR.
18:30:12,2,43.144,11.623,267,SSR.PR.
18:30:17,2,43.135,11.633,269,SSR.PR.
18:30:24,2,43.127,11.650,271,SSR.PR.
18:30:29,2,43.120,11.668,273,SSR.PR.
18:30:35,2,43.110,11.673,275,SSR.PR.
18:30:42,2,43.102,11.688,277,SSR.PR.
18:30:47,2,43.094,11.698,279,SSR.PR.
18:30:53,2,43.087,11.716,281,SSR.PR.
18:30:59,2,43.077,11.722,282,SSR.PR.
18:31:05,2,43.070,11.740,283,SSR.PR.
18:31:11,2,43.061,11.749,284,SSR.PR.
18:31:17,2,43.052,11.759,285,SSR.PR.
18:31:22,2,43.045,11.776,286,SSR.PR.
18:31:29,2,43.036,11.787,287,SSR.PR.
18:31:34,2,43.028,11.799,288,SSR.PR.
18:31:40,2,43.017,11.806,289,SSR.PR.
18:31:47,2,43.009,11.817,289,SSR.PR.
18:31:52,2,43.001,11.838,290,SSR.PR.
18:31:58,2,42.992,11.847,290,SSR.PR.
18:32:03,2,42.982,11.858,290,SSR.PR.
18:32:10,2,42.974,11.879,290,SSR.PR.
18:32:16,2,42.963,11.880,290,SSR.PR.
18:32:21,2,42.954,11.895,290,SSR.PR.
18:32:27,2,42.943,11.901,290,SSR.PR.
18:32:34,2,42.935,11.919,290,SSR.PR.
18:32:39,2,42.925,11.931,290,SSR.PR.
18:32:45,2,42.914,11.939,290,SSR.PR.
18:32:52,2,42.904,11.947,290,SSR.PR.
18:32:57,2,42.895,11.968,290,SSR.PR.
18:33:03,2,42.884,11.978,290,SSR.PR.
18:33:09,2,42.872,11.977,290,SSR.
18:33:15,2,42.863,11.995,290,SSR.PR.
18:33:21,2,42.852,12.011,290,SSR.PR.
18:33:26,2,42.842,12.022,290,SSR.PR.
18:33:32,2,42.830,12.030,290,SSR.PR.
18:33:39,2,42.818,12.036,290,SSR.PR.
18:33:44,2,42.807,12.050,290,SSR.PR.
18:33:50,2,42.796,12.058,290,SSR.PR.
18:33:57,2,42.784,12.065,290,SSR.PR.
18:34:02,2,42.772,12.075,0,SSR.PR.
18:34:08,2,42.760,12.085,290,SSR.PR.
18:34:13,2,42.748,12.091,290,SSR.PR.
18:34:20,2,42.736,12.103,290,SSR.PR.
18:34:26,2,42.724,12.115,290,SSR.PR.
18:34:31,2,42.712,12.117,290,SSR.PR.
18:34:37,2,42.700,12.124,0,SSR.PR.
18:34:44,2,42.688,12.139,290,SSR.PR.
18:34:50,2,42.676,12.133,290,SSR.
18:34:55,2,42.667,12.158,290,SSR.
18:35:13,2,42.637,12.204,290,SSR.PR.
18:35:19,2,42.628,12.224,290,SSR.PR.
18:35:25,2,42.618,12.236,290,SSR.PR.
18:35:31,2,42.609,12.249,290,SSR.PR.
18:35:37,2,42.599,12.265,290,SSR.
18:35:42,2,42.590,12.280,0,SSR.PR.
18:35:49,2,42.580,12.294,290,SSR.PR.
18:35:55,2,42.570,12.304,290,SSR.
18:36:00,2,42.560,12.323,290,SSR.PR.
18:36:07,2,42.550,12.337,290,SSR.PR.
18:36:12,2,42.539,12.348,290,SSR.
18:36:18,2,42.529,12.366,290,SSR.PR.
18:36:24,2,42.519,12.383,290,SSR.PR.
18:36:30,2,42.509,12.394,290,SSR.PR.
18:36:36,2,42.499,12.409,290,SSR.PR.
18:36:42,2,42.488,12.421,290,SSR.PR.
18:36:47,2,42.478,12.438,290,SSR.PR.
18:36:54,2,42.467,12.450,290,SSR.PR.
18:37:00,2,42.457,12.463,290,SSR.PR.
18:37:05,2,42.448,12.470,290,SSR.
18:37:12,2,42.436,12.494,290,SSR.PR.
18:37:18,2,42.427,12.501,290,SSR.
18:37:23,2,42.416,12.521,290,SSR.PR.
18:37:29,2,42.405,12.537,290,SSR.PR.
18:37:36,2,42.395,12.548,290,SSR.
18:37:41,2,42.384,12.562,290,SSR.
18:37:47,2,42.373,12.580,290,SSR.PR.
18:37:54,2,42.365,12.589,290,SSR.
18:37:59,2,42.354,12.606,290,SSR.PR.
18:38:05,2,42.343,12.620,290,SSR.PR.
18:38:10,2,42.334,12.628,290,SSR.
18:38:17,2,42.321,12.644,290,SSR.PR.
18:38:23,2,42.310,12.659,290,SSR.PR.
18:38:28,2,42.298,12.672,290,SSR.PR.
18:38:35,2,42.288,12.682,290,SSR.PR.
18:38:40,2,42.278,12.690,290,SSR.
18:38:46,2,42.264,12.707,290,SSR.PR.
18:38:52,2,42.257,12.714,290,SSR.
18:38:59,2,42.242,12.732,290,SSR.PR.
18:39:04,2,42.229,12.745,290,SSR.PR.
18:39:10,2,42.218,12.757,290,SSR.PR.
18:39:16,2,42.207,12.770,290,SSR.PR.
18:39:22,2,42.195,12.781,290,SSR.PR.
18:39:28,2,42.183,12.795,290,SSR.PR.
18:39:34,2,42.172,12.807,290,SSR.PR.
18:39:39,2,42.158,12.820,290,SSR.PR.
18:39:46,2,42.150,12.829,290,SSR.
18:39:51,2,42.139,12.840,290,SSR.
18:39:57,2,42.130,12.851,290,SSR.PR.
18:40:04,2,42.118,12.864,290,SSR.
18:40:09,2,42.103,12.878,290,SSR.PR.
18:40:15,2,42.091,12.890,290,SSR.PR.
18:40:21,2,42.082,12.901,290,SSR.PR.
18:40:28,2,42.071,12.911,290,SSR.PR.
18:40:33,2,42.068,12.918,290,SSR.
18:40:39,2,42.048,12.936,290,SSR.PR.
18:40:46,2,42.034,12.949,290,SSR.PR.
18:40:51,2,42.023,12.960,290,SSR.
18:40:57,2,42.013,12.969,289,SSR.PR.
18:41:02,2,41.999,12.979,289,SSR.PR.
18:41:09,2,41.986,12.987,289,SSR.PR.
18:41:15,2,41.977,12.992,289,SSR.
18:41:20,2,41.970,12.995,289,SSR.
18:41:26,2,41.962,12.998,290,SSR.
18:41:33,2,41.994,12.985,290,SSR.
18:41:38,2,41.991,12.986,290,SSR.
18:41:44,2,41.973,12.994,290,SSR.
18:41:49,2,41.900,13.017,290,SSR.PR.
18:41:56,2,41.887,13.020,290,SSR.PR.
18:42:02,2,41.879,13.022,290,SSR.
18:42:08,2,41.863,13.026,290,SSR.PR.
18:42:14,2,41.851,13.029,290,SSR.PR.
18:42:20,2,41.837,13.031,290,SSR.PR.
18:42:26,2,41.824,13.035,290,SSR.PR.
18:42:31,2,41.813,13.038,290,SSR.PR.
18:42:38,2,41.799,13.039,0,SSR.PR.
18:42:44,2,41.785,13.043,290,SSR.PR.
18:42:49,2,41.776,13.045,290,SSR.PR.
18:42:56,2,41.766,13.047,290,SSR.
18:43:01,2,41.749,13.049,0,SSR.PR.
18:43:07,2,41.740,13.052,290,SSR.PR.
18:43:13,2,41.725,13.054,290,SSR.PR.
18:43:19,2,41.711,13.057,290,SSR.PR.
18:43:25,2,41.701,13.059,290,SSR.PR.
18:43:31,2,41.689,13.061,290,SSR.PR.
18:43:36,2,41.677,13.062,290,SSR.PR.
18:43:43,2,41.666,13.064,290,SSR.PR.
18:43:48,2,41.652,13.066,290,SSR.PR.
18:43:54,2,41.639,13.067,290,SSR.PR.
18:44:01,2,41.629,13.068,290,SSR.PR.
18:44:07,2,41.617,13.071,290,SSR.PR.
18:44:12,2,41.602,13.070,290,SSR.PR.
18:44:18,2,41.591,13.071,289,SSR.PR.
18:44:25,2,41.584,13.075,289,SSR.
18:44:30,2,41.567,13.074,289,SSR.PR.
18:44:36,2,41.554,13.073,289,SSR.PR.
18:44:43,2,41.543,13.074,289,SSR.PR.
18:44:48,2,41.531,13.075,290,SSR.PR.
18:44:54,2,41.520,13.076,290,SSR.PR.
18:44:59,2,41.510,13.077,290,SSR.PR.
18:45:06,2,41.495,13.077,290,SSR.PR.
18:45:11,2,41.488,13.080,290,SSR.
18:45:17,2,41.469,13.076,290,SSR.PR.
18:45:23,2,41.458,13.075,290,SSR.PR.
18:45:29,2,41.450,13.079,290,SSR.PR.
18:45:35,2,41.438,13.079,290,SSR.PR.
18:45:41,2,41.425,13.078,290,SSR.PR.
18:45:46,2,41.414,13.077,289,SSR.PR.
18:45:53,2,41.405,13.074,289,SSR.PR.
18:45:59,2,41.390,13.067,289,SSR.PR.
18:46:04,2,41.380,13.064,289,SSR.PR.
18:46:11,2,41.371,13.062,289,SSR.PR.
18:46:17,2,41.362,13.058,290,SSR.PR.
18:46:22,2,41.348,13.052,290,SSR.PR.
18:46:28,2,41.340,13.050,0,SSR.PR.
18:46:34,2,41.330,13.047,290,SSR.PR.
18:46:40,2,41.315,13.037,290,SSR.PR.
18:46:46,2,41.306,13.035,290,SSR.PR.
18:46:53,2,41.296,13.030,290,SSR.PR.
18:46:58,2,41.286,13.026,289,SSR.PR.
18:47:04,2,41.276,13.023,289,SSR.PR.
18:47:10,2,41.266,13.018,288,SSR.PR.
18:47:16,2,41.254,13.013,287,SSR.PR.
18:47:22,2,41.243,13.009,286,SSR.PR.
18:47:28,2,41.235,13.007,285,SSR.PR.
18:47:33,2,41.223,12.999,284,SSR.PR.
18:47:40,2,41.214,12.998,284,SSR.PR.
18:47:45,2,41.201,12.989,283,SSR.PR.
18:47:51,2,41.192,12.987,282,SSR.PR.
18:47:58,2,41.180,12.981,281,SSR.PR.
18:48:03,2,41.172,12.981,280,SSR.PR.
18:48:09,2,41.158,12.974,279,SSR.PR.
18:48:14,2,41.146,12.969,278,SSR.PR.
18:48:21,2,41.136,12.967,277,SSR.PR.
18:48:27,2,41.124,12.961,276,SSR.PR.
18:48:38,2,41.104,12.959,275,SSR.PR.
18:48:45,2,41.090,12.948,274,SSR.PR.
18:48:50,2,41.078,12.944,273,SSR.PR.
18:48:56,2,41.067,12.940,272,SSR.PR.
18:49:03,2,41.054,12.934,271,SSR.PR.
18:49:08,2,41.046,12.935,270,SSR.PR.
18:49:14,2,41.033,12.927,270,SSR.PR.
18:49:19,2,41.024,12.929,269,SSR.PR.
18:49:26,2,41.011,12.922,268,SSR.PR.
18:49:32,2,41.002,12.921,267,SSR.PR.
18:49:37,2,40.988,12.912,266,SSR.PR.
18:49:43,2,40.977,12.909,265,SSR.PR.
18:49:50,2,40.966,12.909,265,SSR.PR.
18:49:55,2,40.954,12.904,264,SSR.PR.
18:50:01,2,40.941,12.900,263,SSR.PR.
18:50:07,2,40.931,12.898,0,SSR.PR.
18:50:13,2,40.920,12.897,261,SSR.PR.
18:50:19,2,40.908,12.894,0,SSR.PR.
18:50:25,2,40.895,12.889,259,SSR.PR.
18:50:31,2,40.882,12.883,258,SSR.PR.
18:50:37,2,40.872,12.885,257,SSR.PR.
18:50:43,2,40.859,12.880,256,SSR.PR.
18:50:48,2,40.847,12.880,255,SSR.PR.
18:50:55,2,40.835,12.882,255,SSR.PR.
18:51:00,2,40.823,12.881,255,SSR.PR.
18:51:06,2,40.811,12.881,254,SSR.PR.
18:51:13,2,40.798,12.877,254,SSR.PR.
18:51:18,2,40.794,12.902,0,SSR.
18:51:24,2,40.773,12.876,253,SSR.PR.
18:51:30,2,40.759,12.870,252,SSR.PR.
18:51:36,2,40.750,12.880,252,SSR.PR.
18:51:42,2,40.736,12.873,251,SSR.PR.
18:51:47,2,40.723,12.873,250,SSR.PR.
18:51:53,2,40.710,12.872,250,SSR.PR.
18:52:00,2,40.699,12.872,250,SSR.PR.
18:52:05,2,40.687,12.874,250,SSR.PR.
18:52:11,2,40.675,12.875,250,SSR.PR.
18:52:18,2,40.664,12.876,250,SSR.PR.
18:52:23,2,40.652,12.877,250,SSR.PR.
18:52:29,2,40.641,12.880,250,SSR.PR.
18:52:35,2,40.627,12.876,251,SSR.PR.
18:52:41,2,40.616,12.880,251,SSR.PR.
18:52:52,2,40.594,12.885,251,SSR.PR.
18:52:58,2,40.579,12.879,251,SSR.PR.
18:53:05,2,40.567,12.879,250,SSR.PR.
18:53:10,2,40.553,12.874,0,SSR.PR.
18:53:16,2,40.542,12.880,250,SSR.PR.
18:53:23,2,40.529,12.877,250,SSR.PR.
18:53:28,2,40.517,12.877,250,SSR.PR.
18:53:34,2,40.505,12.877,250,SSR.PR.
18:53:39,2,40.493,12.880,250,SSR.PR.
18:53:46,2,40.480,12.877,250,SSR.PR.
18:53:52,2,40.469,12.885,250,SSR.
18:53:57,2,40.457,12.885,250,SSR.PR.
18:54:03,2,40.446,12.887,251,SSR.PR.
18:54:10,2,40.432,12.880,251,SSR.PR.
18:54:15,2,40.421,12.885,0,SSR.PR.
18:54:21,2,40.408,12.882,250,SSR.PR.
18:54:27,2,40.395,12.881,250,SSR.PR.
18:54:33,2,40.384,12.886,250,SSR.PR.
18:54:39,2,40.372,12.885,250,SSR.PR.
18:54:44,2,40.358,12.881,250,SSR.PR.
18:54:51,2,40.345,12.877,250,SSR.PR.
18:54:57,2,40.336,12.887,250,SSR.PR.
18:55:02,2,40.324,12.889,250,SSR.PR.
18:55:09,2,40.311,12.888,250,SSR.PR.
18:55:14,2,40.298,12.884,250,SSR.PR.
18:55:20,2,40.288,12.891,250,SSR.PR.
18:55:26,2,40.275,12.890,250,SSR.PR.
18:55:32,2,40.262,12.885,0,SSR.PR.
18:55:38,2,40.249,12.886,250,SSR.PR.
18:55:44,2,40.239,12.894,250,SSR.PR.
18:55:49,2,40.224,12.882,250,SSR.PR.
18:55:56,2,40.214,12.890,0,SSR.PR.
18:56:01,2,40.199,12.882,250,SSR.PR.
18:56:07,2,40.188,12.886,250,SSR.PR.
18:56:14,2,40.177,12.894,250,SSR.PR.
18:56:19,2,40.164,12.896,250,SSR.PR.
18:56:25,2,40.154,12.910,250,SSR.PR.
18:56:31,2,40.140,12.905,250,SSR.PR.
18:56:37,2,40.128,12.909,0,SSR.PR.
18:56:43,2,40.115,12.907,250,SSR.PR.
18:56:48,2,40.103,12.915,250,SSR.PR.
18:56:54,2,40.089,12.909,250,SSR.PR.
18:57:01,2,40.078,12.917,250,SSR.PR.
18:57:06,2,40.065,12.918,250,SSR.PR.
18:57:12,2,40.057,12.940,0,SSR.
18:57:19,2,40.039,12.917,250,SSR.
18:57:24,2,40.027,12.928,250,SSR.PR.
18:57:30,2,40.017,12.936,250,SSR.
18:57:35,2,40.005,12.945,250,SSR.
18:57:42,2,39.992,12.945,250,SSR.
18:57:48,2,39.977,12.935,250,SSR.PR.
18:57:53,2,39.970,12.962,250,SSR.
18:57:59,2,39.958,12.966,250,SSR.
18:58:06,2,39.942,12.960,250,SSR.
18:58:11,2,39.928,12.957,250,SSR.PR.
18:58:17,2,39.916,12.962,250,SSR.
18:58:24,2,39.901,12.951,250,SSR.
18:58:29,2,39.890,12.959,250,SSR.
18:58:35,2,39.878,12.967,250,SSR.
18:58:40,2,39.866,12.975,250,SSR.
18:58:47,2,39.855,12.984,250,SSR.
18:58:53,2,39.844,12.992,250,SSR.
18:58:58,2,39.831,12.993,250,SSR.
18:59:04,2,39.818,12.993,250,SSR.
18:59:10,2,39.806,13.002,250,SSR.PR.
18:59:16,2,39.792,12.998,250,SSR.PR.
18:59:22,2,39.779,12.999,250,SSR.PR.
18:59:27,2,39.769,13.011,250,SSR.
18:59:34,2,39.754,13.003,250,SSR.PR.
18:59:40,2,39.742,13.008,250,SSR.PR.
18:59:45,2,39.731,13.020,250,SSR.
null,nullll,null,null
18:24:29,4,43.740,11.198,0,SSR.
18:24:36,4,43.734,11.212,0,SSR.
18:24:53,4,43.705,11.228,190,SSR.
18:24:59,4,43.700,11.249,191,SSR.
18:25:05,4,43.689,11.250,0,SSR.
18:25:41,4,43.624,11.259,200,SSR.
18:25:46,4,43.616,11.268,205,SSR.
18:25:58,4,43.595,11.280,0,SSR.
18:26:04,4,43.587,11.289,205,SSR.
18:26:10,4,43.572,11.280,206,SSR.PR.     SPI.
18:26:21,4,43.554,11.299,209,SSR.PR.     SPI.
18:26:28,4,43.541,11.297,210,SSR.PR.     SPI.
18:26:33,4,43.534,11.314,212,SSR.PR.
18:26:39,4,43.523,11.320,213,SSR.PR.
18:26:45,4,43.514,11.329,241,SSR.PR.
18:26:51,4,43.496,11.314,216,SSR.
18:26:57,4,43.502,11.373,217,SSR.
18:27:02,4,43.488,11.365,218,SSR.PR.
18:27:09,4,43.475,11.363,220,SSR.
18:27:15,4,43.463,11.366,221,SSR.PR.
18:27:20,4,43.456,11.386,0,SSR.PR.
18:27:27,4,43.444,11.388,224,SSR.PR.
18:27:32,4,43.434,11.397,225,SSR.PR.
18:27:50,4,43.405,11.428,228,SSR.PR.
18:27:56,4,43.383,11.394,229,SSR.
18:28:02,4,43.385,11.447,230,SSR.PR.
18:28:07,4,43.372,11.449,231,SSR.PR.
18:28:14,4,43.363,11.462,231,SSR.PR.
18:28:20,4,43.356,11.484,231,SSR.PR.
18:28:25,4,43.341,11.480,231,SSR.PR.
18:28:32,4,43.332,11.493,231,SSR.PR.
18:28:38,4,43.320,11.499,231,SSR.PR.
18:28:43,4,43.309,11.508,230,SSR.PR.
18:28:49,4,43.295,11.511,230,SSR.PR.
18:28:55,4,43.287,11.529,231,SSR.PR.
18:29:01,4,43.274,11.529,234,SSR.PR.
18:29:19,4,43.236,11.541,243,SSR.PR.
18:29:24,4,43.225,11.547,246,SSR.PR.
18:29:30,4,43.214,11.556,249,SSR.PR.
18:29:42,4,43.194,11.576,255,SSR.PR.
18:29:48,4,43.182,11.582,258,SSR.PR.
18:29:54,4,43.173,11.593,260,SSR.PR.
18:30:00,4,43.164,11.606,262,SSR.PR.
18:30:06,4,43.154,11.618,264,SSR.PR.
18:30:12,4,43.144,11.626,267,SSR.PR.
18:30:17,4,43.136,11.639,269,SSR.PR.
18:30:24,4,43.127,11.650,271,SSR.PR.
18:30:29,4,43.121,11.670,273,SSR.PR.
18:30:35,4,43.110,11.673,275,SSR.PR.
18:30:42,4,43.102,11.688,277,SSR.PR.
18:30:47,4,43.095,11.703,279,SSR.PR.
18:30:53,4,43.087,11.716,281,SSR.PR.
18:30:59,4,43.077,11.722,282,SSR.PR.
18:31:05,4,43.071,11.742,283,SSR.PR.
18:31:11,4,43.061,11.749,284,SSR.PR.
18:31:17,4,43.053,11.764,285,SSR.PR.
18:31:22,4,43.045,11.776,286,SSR.PR.
18:31:29,4,43.036,11.785,0,SSR.PR.
18:31:34,4,43.028,11.801,288,SSR.PR.
18:31:40,4,43.018,11.810,289,SSR.PR.
18:31:47,4,43.009,11.819,289,SSR.PR.
18:31:52,4,43.001,11.838,290,SSR.PR.
18:31:58,4,42.993,11.852,290,SSR.PR.
18:32:03,4,42.982,11.860,290,SSR.PR.
18:32:10,4,42.974,11.879,290,SSR.PR.
18:32:16,4,42.964,11.882,290,SSR.PR.
18:32:21,4,42.955,11.898,290,SSR.PR.
18:32:27,4,42.939,11.875,290,SSR.
18:32:34,4,42.935,11.924,290,SSR.PR.
18:32:39,4,42.925,11.931,290,SSR.PR.
18:32:45,4,42.915,11.944,290,SSR.PR.
18:32:52,4,42.903,11.947,290,SSR.PR.
18:32:57,4,42.895,11.971,290,SSR.PR.
18:33:03,4,42.884,11.980,290,SSR.PR.
18:33:09,4,42.872,11.979,290,SSR.
18:33:15,4,42.863,11.997,290,SSR.PR.
18:33:21,4,42.852,12.011,290,SSR.PR.
18:33:26,4,42.843,12.027,290,SSR.PR.
18:33:32,4,42.831,12.034,290,SSR.PR.
18:33:39,4,42.819,12.039,290,SSR.PR.
18:33:44,4,42.807,12.051,290,SSR.PR.
18:33:50,4,42.796,12.062,290,SSR.PR.
18:33:57,4,42.784,12.069,290,SSR.PR.
18:34:02,4,42.772,12.077,290,SSR.PR.
18:34:08,4,42.761,12.087,290,SSR.PR.
18:34:13,4,42.749,12.097,290,SSR.PR.
18:34:20,4,42.737,12.107,290,SSR.PR.
18:34:26,4,42.724,12.117,290,SSR.PR.
18:34:32,4,42.712,12.120,290,SSR.PR.
18:34:37,4,42.700,12.128,0,SSR.PR.
18:34:44,4,42.689,12.144,290,SSR.PR.
18:34:50,4,42.676,12.135,290,SSR.
18:34:55,4,42.667,12.159,290,SSR.
18:35:13,4,42.637,12.208,290,SSR.PR.
18:35:19,4,42.628,12.225,290,SSR.PR.
18:35:25,4,42.618,12.234,290,SSR.PR.
18:35:31,4,42.609,12.251,290,SSR.PR.
18:35:37,4,42.599,12.269,290,SSR.
18:35:42,4,42.590,12.280,290,SSR.PR.
18:35:49,4,42.580,12.294,290,SSR.PR.
18:35:55,4,42.570,12.308,290,SSR.
18:36:00,4,42.560,12.326,290,SSR.PR.
18:36:07,4,42.550,12.339,290,SSR.PR.
18:36:12,4,42.539,12.350,290,SSR.
18:36:18,4,42.530,12.367,290,SSR.PR.
18:36:24,4,42.519,12.383,290,SSR.PR.
18:36:30,4,42.509,12.396,290,SSR.PR.
18:36:36,4,42.498,12.411,290,SSR.PR.
18:36:42,4,42.487,12.423,290,SSR.PR.
18:36:47,4,42.477,12.440,290,SSR.PR.
18:36:54,4,42.466,12.454,290,SSR.PR.
18:37:00,4,42.457,12.466,290,SSR.PR.
18:37:05,4,42.448,12.472,290,SSR.
18:37:12,4,42.436,12.496,290,SSR.PR.
18:37:18,4,42.427,12.502,290,SSR.
18:37:23,4,42.415,12.522,290,SSR.PR.
18:37:29,4,42.405,12.538,290,SSR.PR.
18:37:36,4,42.395,12.549,290,SSR.
18:37:41,4,42.384,12.562,290,SSR.
18:37:47,4,42.373,12.581,290,SSR.PR.
18:37:54,4,42.365,12.589,290,SSR.
18:37:59,4,42.353,12.606,290,SSR.PR.
18:38:05,4,42.342,12.623,290,SSR.PR.
18:38:10,4,42.334,12.628,290,SSR.
18:38:17,4,42.320,12.646,290,SSR.PR.
18:38:23,4,42.308,12.662,290,SSR.PR.
18:38:28,4,42.297,12.673,290,SSR.PR.
18:38:35,4,42.287,12.683,290,SSR.PR.
18:38:40,4,42.278,12.691,290,SSR.
18:38:46,4,42.263,12.709,290,SSR.PR.
18:38:52,4,42.256,12.715,290,SSR.
18:38:59,4,42.240,12.734,290,SSR.PR.
18:39:04,4,42.228,12.747,290,SSR.PR.
18:39:10,4,42.218,12.757,290,SSR.PR.
18:39:16,4,42.206,12.771,290,SSR.PR.
18:39:22,4,42.194,12.782,290,SSR.PR.
18:39:28,4,42.183,12.795,290,SSR.PR.
18:39:34,4,42.171,12.807,290,SSR.PR.
18:39:39,4,42.158,12.821,290,SSR.PR.
18:39:46,4,42.150,12.829,290,SSR.
18:39:51,4,42.139,12.841,290,SSR.
18:39:57,4,42.130,12.851,290,SSR.PR.
18:40:04,4,42.116,12.865,290,SSR.
18:40:09,4,42.102,12.879,290,SSR.PR.
18:40:15,4,42.091,12.891,290,SSR.PR.
18:40:21,4,42.080,12.902,290,SSR.PR.
18:40:28,4,42.069,12.913,290,SSR.PR.
18:40:33,4,42.058,12.925,290,SSR.PR.
18:40:39,4,42.046,12.937,290,SSR.PR.
18:40:46,4,42.032,12.950,290,SSR.PR.
18:40:51,4,42.022,12.960,290,SSR.
18:40:57,4,42.013,12.970,289,SSR.PR.
18:41:02,4,41.998,12.980,289,SSR.PR.
18:41:09,4,41.985,12.987,289,SSR.PR.
18:41:15,4,41.976,12.992,289,SSR.
18:41:20,4,41.968,12.995,289,SSR.
18:41:26,4,41.961,12.998,290,SSR.
18:41:33,4,41.992,12.986,290,SSR.
18:41:38,4,41.990,12.987,290,SSR.
18:41:44,4,41.975,12.994,290,SSR.
18:41:49,4,41.898,13.017,290,SSR.PR.
18:41:56,4,41.886,13.020,290,SSR.PR.
18:42:02,4,41.878,13.023,290,SSR.
18:42:08,4,41.860,13.026,290,SSR.PR.
18:42:14,4,41.850,13.029,290,SSR.PR.
18:42:20,4,41.836,13.031,290,SSR.PR.
18:42:26,4,41.822,13.035,290,SSR.PR.
18:42:31,4,41.811,13.036,290,SSR.PR.
18:42:38,4,41.799,13.039,290,SSR.PR.
18:42:44,4,41.786,13.043,290,SSR.PR.
18:42:49,4,41.775,13.045,290,SSR.PR.
18:42:56,4,41.764,13.048,290,SSR.
18:43:01,4,41.747,13.049,290,SSR.PR.
18:43:07,4,41.739,13.052,290,SSR.PR.
18:43:13,4,41.724,13.053,290,SSR.PR.
18:43:19,4,41.710,13.056,290,SSR.PR.
18:43:25,4,41.700,13.058,290,SSR.PR.
18:43:31,4,41.689,13.061,290,SSR.PR.
18:43:36,4,41.676,13.062,290,SSR.PR.
18:43:43,4,41.665,13.064,290,SSR.PR.
18:43:48,4,41.649,13.064,290,SSR.PR.
18:43:54,4,41.638,13.066,290,SSR.PR.
18:44:01,4,41.628,13.068,290,SSR.PR.
18:44:07,4,41.616,13.071,290,SSR.PR.
18:44:12,4,41.602,13.070,290,SSR.PR.
18:44:18,4,41.592,13.072,289,SSR.PR.
18:44:25,4,41.584,13.075,289,SSR.
18:44:30,4,41.566,13.072,289,SSR.PR.
18:44:36,4,41.553,13.073,289,SSR.PR.
18:44:43,4,41.543,13.075,289,SSR.PR.
18:44:48,4,41.531,13.075,290,SSR.PR.
18:44:54,4,41.518,13.075,290,SSR.PR.
18:44:59,4,41.508,13.076,290,SSR.PR.
18:45:06,4,41.495,13.077,290,SSR.PR.
18:45:11,4,41.488,13.080,290,SSR.
18:45:17,4,41.469,13.076,290,SSR.PR.
18:45:23,4,41.458,13.075,290,SSR.PR.
18:45:29,4,41.448,13.077,290,SSR.PR.
18:45:35,4,41.436,13.078,290,SSR.PR.
18:45:41,4,41.423,13.076,290,SSR.PR.
18:45:46,4,41.415,13.076,289,SSR.PR.
18:45:53,4,41.404,13.074,289,SSR.PR.
18:45:59,4,41.389,13.066,289,SSR.PR.
18:46:04,4,41.380,13.064,289,SSR.PR.
18:46:11,4,41.370,13.061,289,SSR.PR.
18:46:17,4,41.361,13.057,290,SSR.PR.
18:46:22,4,41.348,13.052,290,SSR.PR.
18:46:28,4,41.339,13.048,290,SSR.PR.
18:46:34,4,41.329,13.045,290,SSR.PR.
18:46:40,4,41.316,13.036,290,SSR.PR.
18:46:46,4,41.305,13.033,290,SSR.PR.
18:46:53,4,41.296,13.030,290,SSR.PR.
18:46:58,4,41.285,13.025,289,SSR.PR.
18:47:04,4,41.274,13.020,289,SSR.PR.
18:47:10,4,41.265,13.017,288,SSR.PR.
18:47:16,4,41.253,13.012,287,SSR.PR.
18:47:22,4,41.243,13.009,286,SSR.PR.
18:47:28,4,41.234,13.004,285,SSR.PR.
18:47:33,4,41.222,13.000,284,SSR.PR.
18:47:40,4,41.212,12.996,284,SSR.PR.
18:47:45,4,41.199,12.987,283,SSR.PR.
18:47:51,4,41.191,12.986,282,SSR.PR.
18:47:58,4,41.180,12.981,281,SSR.PR.
18:48:03,4,41.172,12.981,280,SSR.PR.
18:48:09,4,41.158,12.974,279,SSR.PR.
18:48:14,4,41.145,12.966,278,SSR.PR.
18:48:21,4,41.135,12.965,277,SSR.PR.
18:48:27,4,41.122,12.958,0,SSR.PR.
18:48:38,4,41.104,12.957,275,SSR.PR.
18:48:45,4,41.089,12.947,274,SSR.PR.
18:48:50,4,41.078,12.944,273,SSR.PR.
18:48:56,4,41.066,12.937,272,SSR.PR.
18:49:03,4,41.055,12.936,271,SSR.PR.
18:49:08,4,41.046,12.935,270,SSR.PR.
18:49:14,4,41.032,12.925,270,SSR.PR.
18:49:19,4,41.023,12.928,269,SSR.PR.
18:49:26,4,41.009,12.919,268,SSR.PR.
18:49:32,4,41.001,12.920,267,SSR.PR.
18:49:37,4,40.987,12.910,266,SSR.PR.
18:49:43,4,40.976,12.910,265,SSR.PR.
18:49:50,4,40.964,12.905,265,SSR.PR.
18:49:55,4,40.954,12.904,264,SSR.PR.
18:50:01,4,40.940,12.898,263,SSR.PR.
18:50:07,4,40.930,12.896,262,SSR.PR.
18:50:13,4,40.918,12.893,261,SSR.PR.
18:50:19,4,40.907,12.892,0,SSR.PR.
18:50:25,4,40.894,12.882,259,SSR.PR.
18:50:31,4,40.882,12.883,258,SSR.PR.
18:50:37,4,40.871,12.881,257,SSR.PR.
18:50:43,4,40.858,12.877,256,SSR.PR.
18:50:48,4,40.847,12.880,255,SSR.PR.
18:50:55,4,40.835,12.881,255,SSR.PR.
18:51:00,4,40.822,12.881,255,SSR.PR.
18:51:06,4,40.809,12.877,254,SSR.PR.
18:51:13,4,40.795,12.871,254,SSR.PR.
18:51:18,4,40.784,12.873,253,SSR.PR.
18:51:24,4,40.773,12.874,253,SSR.PR.
18:51:30,4,40.759,12.870,252,SSR.PR.
18:51:36,4,40.750,12.880,252,SSR.PR.
18:51:42,4,40.735,12.871,251,SSR.PR.
18:51:47,4,40.722,12.870,250,SSR.PR.
18:51:53,4,40.710,12.872,250,SSR.PR.
18:52:00,4,40.699,12.872,250,SSR.PR.
18:52:05,4,40.687,12.872,250,SSR.PR.
18:52:11,4,40.674,12.871,250,SSR.PR.
18:52:18,4,40.664,12.874,250,SSR.PR.
18:52:23,4,40.652,12.877,250,SSR.PR.
18:52:29,4,40.640,12.878,250,SSR.PR.
18:52:35,4,40.628,12.874,251,SSR.PR.
18:52:41,4,40.616,12.876,251,SSR.PR.
18:52:52,4,40.593,12.883,251,SSR.PR.
18:52:58,4,40.579,12.879,251,SSR.PR.
18:53:05,4,40.566,12.877,250,SSR.PR.
18:53:10,4,40.552,12.872,0,SSR.PR.
18:53:16,4,40.541,12.875,250,SSR.PR.
18:53:23,4,40.529,12.877,250,SSR.PR.
18:53:28,4,40.517,12.877,250,SSR.PR.
18:53:34,4,40.505,12.877,250,SSR.PR.
18:53:39,4,40.493,12.880,250,SSR.PR.
18:53:46,4,40.480,12.877,250,SSR.PR.
18:53:52,4,40.468,12.880,250,SSR.
18:53:57,4,40.457,12.882,250,SSR.PR.
18:54:03,4,40.444,12.881,251,SSR.PR.
18:54:10,4,40.431,12.878,251,SSR.PR.
18:54:15,4,40.420,12.880,0,SSR.PR.
18:54:21,4,40.407,12.879,250,SSR.PR.
18:54:27,4,40.395,12.881,250,SSR.PR.
18:54:33,4,40.382,12.881,250,SSR.PR.
18:54:39,4,40.372,12.885,250,SSR.PR.
18:54:44,4,40.358,12.881,250,SSR.PR.
18:54:51,4,40.345,12.874,250,SSR.PR.
18:54:57,4,40.335,12.885,250,SSR.PR.
18:55:02,4,40.324,12.886,250,SSR.PR.
18:55:14,4,40.298,12.884,250,SSR.PR.
18:55:20,4,40.288,12.891,250,SSR.PR.
18:55:26,4,40.274,12.886,250,SSR.PR.
18:55:32,4,40.261,12.881,250,SSR.PR.
18:55:38,4,40.249,12.886,250,SSR.PR.
18:55:44,4,40.239,12.894,250,SSR.PR.
18:55:49,4,40.224,12.882,250,SSR.PR.
18:55:56,4,40.212,12.881,250,SSR.PR.
18:56:01,4,40.199,12.882,250,SSR.PR.
18:56:07,4,40.187,12.883,250,SSR.PR.
18:56:14,4,40.176,12.891,250,SSR.PR.
18:56:19,4,40.165,12.899,250,SSR.PR.
18:56:25,4,40.153,12.903,250,SSR.PR.
18:56:31,4,40.140,12.905,250,SSR.PR.
18:56:37,4,40.128,12.909,0,SSR.PR.
18:56:43,4,40.115,12.907,250,SSR.PR.
18:56:48,4,40.102,12.908,250,SSR.PR.
18:56:54,4,40.089,12.909,250,SSR.PR.
18:57:01,4,40.077,12.913,250,SSR.PR.
18:57:06,4,40.064,12.915,250,SSR.PR.
18:57:12,4,40.057,12.940,250,SSR.
18:57:19,4,40.039,12.917,250,SSR.
18:57:24,4,40.026,12.925,250,SSR.PR.
18:57:30,4,40.014,12.929,250,SSR.
18:57:35,4,40.005,12.945,250,SSR.
18:57:42,4,39.991,12.942,250,SSR.
18:57:48,4,39.976,12.932,250,SSR.PR.
18:57:53,4,39.970,12.962,250,SSR.
18:57:59,4,39.956,12.959,250,SSR.
18:58:06,4,39.942,12.960,250,SSR.
18:58:11,4,39.928,12.957,250,SSR.PR.
18:58:17,4,39.915,12.954,250,SSR.
18:58:24,4,39.900,12.947,250,SSR.
18:58:29,4,39.889,12.955,250,SSR.
18:58:35,4,39.886,13.002,0,SSR.
18:58:40,4,39.865,12.972,250,SSR.
18:58:47,4,39.854,12.980,250,SSR.
18:58:53,4,39.842,12.984,250,SSR.
18:58:58,4,39.830,12.988,250,SSR.
18:59:04,4,39.816,12.985,250,SSR.
18:59:10,4,39.804,12.994,250,SSR.PR.
18:59:16,4,39.792,12.998,250,SSR.PR.
18:59:22,4,39.778,12.995,0,SSR.PR.
18:59:27,4,39.768,13.007,250,SSR.
18:59:34,4,39.753,12.999,250,SSR.PR.
18:59:40,4,39.741,13.003,250,SSR.PR.
18:59:45,4,39.731,13.016,250,SSR.