t,UTC,lon,lat,ias,tas,alt,hdgT,ws,wd
0,18:00:40,11.303,44.5303,0.0,0.0,0,-0.8,0.0,0.0
3,18:00:43,11.303,44.5303,0.0,0.0,252,186.9,0.0,0.0
6,18:00:46,11.303,44.5303,0.0,0.0,252,187.1,0.0,0.0
9,18:00:49,11.303,44.5303,0.0,0.0,252,187.1,0.0,0.0
12,18:00:52,11.303,44.5303,0.0,0.0,252,187.3,0.0,0.0
15,18:00:55,11.303,44.5303,0.0,0.0,252,187.4,0.0,0.0
18,18:00:58,11.303,44.5303,0.0,0.0,252,187.4,0.0,0.0
21,18:01:01,11.303,44.5303,0.0,0.0,238,186.3,0.0,0.0
24,18:01:04,11.303,44.5303,0.0,0.0,245,185.6,0.0,0.0
27,18:01:07,11.303,44.5303,0.0,0.0,252,183.6,0.0,0.0
30,18:01:10,11.303,44.5303,0.0,0.0,252,179.7,0.0,0.0
33,18:01:13,11.303,44.5303,0.0,0.0,252,177.8,0.0,0.0
36,18:01:16,11.303,44.5303,0.0,0.0,252,170.4,0.0,0.0
39,18:01:19,11.303,44.5303,0.0,0.0,252,162.3,0.0,0.0
42,18:01:22,11.303,44.5303,0.0,0.0,252,152.5,0.0,0.0
45,18:01:25,11.303,44.5303,0.0,0.0,252,144.2,0.0,0.0
48,18:01:28,11.303,44.5303,0.0,0.0,252,135.6,0.0,0.0
51,18:01:31,11.303,44.5303,0.0,0.0,252,124.1,0.0,0.0
54,18:01:34,11.303,44.5303,0.0,0.0,260,118.6,0.0,0.0
57,18:01:37,11.303,44.5303,0.0,0.0,245,113.9,0.0,0.0
60,18:01:40,11.303,44.5303,0.0,0.0,252,113.1,0.0,0.0
63,18:01:43,11.303,44.5303,0.0,0.0,252,112.8,0.0,0.0
66,18:01:46,11.303,44.5303,0.0,0.0,252,112.8,0.0,0.0
69,18:01:49,11.303,44.5303,0.0,0.0,252,112.8,0.0,0.0
72,18:01:52,11.303,44.5303,0.0,0.0,252,112.8,0.0,0.0
75,18:01:55,11.303,44.5303,0.0,0.0,252,112.8,0.0,0.0
78,18:01:58,11.303,44.5303,0.0,0.0,252,113.0,0.0,0.0
81,18:02:01,11.303,44.5303,0.0,0.0,252,113.1,0.0,0.0
84,18:02:04,11.303,44.5303,0.0,0.0,252,112.7,0.0,0.0
87,18:02:07,11.303,44.5303,0.0,0.0,252,112.8,0.0,0.0
90,18:02:10,11.303,44.5303,0.0,0.0,238,112.8,0.0,0.0
93,18:02:13,11.303,44.5303,0.0,0.0,252,113.0,0.0,0.0
96,18:02:16,11.303,44.5303,0.0,0.0,252,112.8,0.0,0.0
99,18:02:19,11.303,44.5303,0.0,0.0,252,112.8,0.0,0.0
102,18:02:22,11.303,44.5303,0.0,0.0,252,113.1,0.0,0.0
105,18:02:25,11.303,44.5303,0.0,0.0,252,114.4,0.0,0.0
108,18:02:28,11.303,44.5303,0.0,0.0,238,116.5,0.0,0.0
111,18:02:31,11.303,44.5303,0.0,0.0,238,115.6,0.0,0.0
114,18:02:34,11.303,44.5303,0.0,0.0,252,113.4,0.0,0.0
117,18:02:37,11.303,44.5303,0.0,0.0,252,107.5,0.0,0.0
120,18:02:40,11.303,44.5303,0.0,0.0,252,102.5,0.0,0.0
123,18:02:43,11.303,44.5303,0.0,0.0,252,95.1,0.0,0.0
126,18:02:46,11.303,44.5303,0.0,0.0,252,81.4,0.0,0.0
129,18:02:49,11.303,44.5303,0.0,0.0,252,78.3,0.0,0.0
132,18:02:52,11.303,44.5303,0.0,0.0,252,73.3,0.0,0.0
135,18:02:55,11.303,44.5303,0.0,0.0,252,68.0,0.0,0.0
138,18:02:58,11.303,44.5303,0.0,0.0,245,59.3,0.0,0.0
141,18:03:01,11.303,44.5303,0.0,0.0,238,55.0,0.0,0.0
144,18:03:04,11.303,44.5303,0.0,0.0,238,51.2,0.0,0.0
147,18:03:07,11.303,44.5303,0.0,0.0,238,48.2,0.0,0.0
150,18:03:10,11.303,44.5303,0.0,0.0,252,43.9,0.0,0.0
153,18:03:13,11.303,44.5303,0.0,0.0,252,40.6,0.0,0.0
156,18:03:16,11.303,44.5303,0.0,0.0,252,40.5,0.0,0.0
159,18:03:19,11.303,44.5303,0.0,0.0,252,40.3,0.0,0.0
162,18:03:22,11.303,44.5303,0.0,0.0,238,39.1,0.0,0.0
165,18:03:25,11.303,44.5303,0.0,0.0,238,37.6,0.0,0.0
168,18:03:28,11.303,44.5303,0.0,0.0,238,37.2,0.0,0.0
171,18:03:31,11.303,44.5303,0.0,0.0,223,36.2,0.0,0.0
174,18:03:34,11.303,44.5303,0.0,0.0,223,35.5,0.0,0.0
177,18:03:37,11.303,44.5303,0.0,0.0,223,35.1,0.0,0.0
180,18:03:40,11.303,44.5303,0.0,0.0,200,36.4,0.0,0.0
183,18:03:43,11.303,44.5303,0.0,0.0,193,38.5,0.0,0.0
186,18:03:46,11.303,44.5303,0.0,0.0,193,43.3,0.0,0.0
189,18:03:49,11.303,44.5303,0.0,0.0,193,45.6,0.0,0.0
192,18:03:52,11.303,44.5303,0.0,0.0,193,51.3,0.0,0.0
195,18:03:55,11.303,44.5303,0.0,0.0,193,53.2,0.0,0.0
198,18:03:58,11.303,44.5303,0.0,0.0,193,56.9,0.0,0.0
201,18:04:01,11.303,44.5303,0.0,0.0,200,57.7,0.0,0.0
204,18:04:04,11.303,44.5303,0.0,0.0,193,58.3,0.0,0.0
207,18:04:07,11.303,44.5303,0.0,0.0,178,57.4,0.0,0.0
210,18:04:10,11.303,44.5303,0.0,0.0,178,57.1,0.0,0.0
213,18:04:13,11.303,44.5303,0.0,0.0,178,56.1,0.0,0.0
216,18:04:16,11.303,44.5303,0.0,0.0,178,61.5,0.0,0.0
219,18:04:19,11.303,44.5303,0.0,0.0,178,62.8,0.0,0.0
222,18:04:22,11.303,44.5303,0.0,0.0,178,69.9,0.0,0.0
225,18:04:25,11.303,44.5303,0.0,0.0,178,78.5,0.0,0.0
228,18:04:28,11.303,44.5303,0.0,0.0,178,86.9,0.0,0.0
231,18:04:31,11.303,44.5303,0.0,0.0,186,98.3,0.0,0.0
234,18:04:34,11.303,44.5303,0.0,0.0,193,109.2,0.0,0.0
237,18:04:37,11.303,44.5303,0.0,0.0,193,115.1,0.0,0.0
240,18:04:40,11.303,44.5303,0.0,0.0,193,116.0,0.0,0.0
243,18:04:43,11.303,44.5303,0.0,0.0,193,116.7,0.0,0.0
246,18:04:46,11.303,44.5303,0.0,0.0,193,116.9,0.0,0.0
249,18:04:49,11.303,44.5303,0.0,0.0,193,117.2,0.0,0.0
252,18:04:52,11.303,44.5303,0.0,0.0,200,118.1,0.0,0.0
255,18:04:55,11.303,44.5303,0.0,0.0,208,123.9,0.0,0.0
258,18:04:58,11.303,44.5303,0.0,0.0,208,126.4,0.0,0.0
261,18:05:01,11.303,44.5303,0.0,0.0,208,133.0,0.0,0.0
264,18:05:04,11.303,44.5303,0.0,0.0,193,132.5,0.0,0.0
267,18:05:07,11.303,44.5303,0.0,0.0,193,128.5,0.0,0.0
270,18:05:10,11.303,44.5303,0.0,0.0,193,109.8,0.0,0.0
273,18:05:13,11.303,44.5303,0.0,0.0,200,90.6,0.0,0.0
276,18:05:16,11.303,44.5303,0.0,0.0,200,162.5,0.0,0.0
279,18:05:19,11.303,44.5303,0.0,0.0,193,198.0,0.0,0.0
282,18:05:22,11.303,44.5303,0.0,0.0,193,177.1,0.0,0.0
285,18:05:25,11.303,44.5303,0.0,0.0,193,145.5,0.0,0.0
288,18:05:28,11.303,44.5303,0.0,0.0,193,68.6,0.0,0.0
291,18:05:31,11.303,44.5303,0.0,0.0,208,187.0,0.0,0.0
294,18:05:34,11.303,44.5303,0.0,0.0,200,300.1,0.0,0.0
297,18:05:37,11.303,44.5303,0.0,0.0,193,300.0,0.0,0.0
300,18:05:40,11.303,44.5303,0.0,0.0,193,299.6,0.0,0.0
303,18:05:43,11.303,44.5303,0.0,0.0,200,299.6,0.0,0.0
306,18:05:46,11.303,44.5303,0.0,0.0,208,299.5,0.0,0.0
309,18:05:49,11.303,44.5303,0.0,0.0,208,299.7,0.0,0.0
312,18:05:52,11.303,44.5303,0.0,0.0,208,299.7,0.0,0.0
315,18:05:55,11.303,44.5303,0.0,0.0,193,299.7,0.0,0.0
318,18:05:58,11.303,44.5303,0.0,0.0,193,299.9,0.0,0.0
321,18:06:01,11.303,44.5303,0.0,0.0,193,300.0,0.0,0.0
324,18:06:04,11.303,44.5303,0.0,0.0,193,300.3,0.0,0.0
327,18:06:07,11.303,44.5303,0.0,0.0,193,300.4,0.0,0.0
330,18:06:10,11.303,44.5303,0.0,0.0,193,300.5,0.0,0.0
333,18:06:13,11.303,44.5303,0.0,0.0,208,300.6,0.0,0.0
336,18:06:16,11.303,44.5303,0.0,0.0,200,300.9,0.0,0.0
339,18:06:19,11.303,44.5303,0.0,0.0,193,300.5,0.0,0.0
342,18:06:22,11.303,44.5303,0.0,0.0,178,300.6,0.0,0.0
345,18:06:25,11.303,44.5303,0.0,0.0,178,300.3,0.0,0.0
348,18:06:28,11.303,44.5303,0.0,0.0,178,300.6,0.0,0.0
351,18:06:31,11.303,44.5303,0.0,0.0,178,300.5,0.0,0.0
354,18:06:34,11.303,44.5303,0.0,0.0,178,300.3,0.0,0.0
357,18:06:37,11.303,44.5303,0.0,0.0,178,299.7,0.0,0.0
360,18:06:40,11.3029,44.5303,3.9,4.0,178,299.0,0.0,0.0
363,18:06:43,11.3027,44.5304,10.7,10.8,178,298.7,0.0,0.0
366,18:06:46,11.3022,44.5306,32.6,32.9,141,298.0,0.0,0.0
369,18:06:49,11.3013,44.531,52.0,52.5,89,298.5,0.0,0.0
372,18:06:52,11.3,44.5315,74.2,75.0,89,299.0,0.0,0.0
375,18:06:55,11.2984,44.5321,93.0,94.0,104,299.5,0.0,0.0
378,18:06:58,11.2967,44.5328,100.9,102.0,104,299.8,0.0,0.0
381,18:07:01,11.2946,44.5337,121.0,122.3,89,299.9,0.0,0.0
384,18:07:04,11.2924,44.5346,133.7,135.2,89,300.1,0.0,0.0
387,18:07:07,11.29,44.5356,139.3,140.8,126,300.6,0.0,0.0
390,18:07:10,11.2875,44.5367,148.0,149.9,215,300.5,0.0,0.0
393,18:07:13,11.2849,44.5378,155.0,157.6,510,300.7,0.0,0.0
396,18:07:16,11.2821,44.5389,162.7,165.6,527,300.6,0.0,0.0
399,18:07:19,11.2792,44.54,162.5,165.9,757,297.1,0.0,0.0
402,18:07:22,11.2764,44.541,158.0,161.7,943,296.1,0.0,0.0
405,18:07:25,11.2737,44.5419,151.6,155.1,936,295.5,0.0,0.0
408,18:07:28,11.271,44.5428,153.2,157.1,1114,295.4,4.7,323.6
411,18:07:31,11.2683,44.5437,154.4,158.7,1240,295.2,4.9,324.2
414,18:07:34,11.2654,44.5446,161.6,166.4,1396,294.9,5.1,324.9
417,18:07:37,11.2624,44.5456,170.5,175.6,1411,294.9,5.1,325.0
420,18:07:40,11.2592,44.5466,177.6,183.3,1552,295.7,5.3,325.6
423,18:07:43,11.2561,44.5477,180.4,186.5,1663,297.5,5.5,326.1
426,18:07:46,11.2528,44.549,186.4,192.7,1693,299.0,5.5,326.3
429,18:07:49,11.2499,44.5505,188.0,194.7,1834,306.4,5.7,326.9
432,18:07:52,11.247,44.5523,194.0,201.3,1938,311.4,5.9,327.4
435,18:07:55,11.2444,44.5544,197.2,204.7,1990,319.0,6.0,327.6
438,18:07:58,11.2423,44.5568,204.5,212.5,2064,326.9,6.1,327.6
441,18:08:01,11.2403,44.5593,207.2,215.6,2153,331.7,6.2,327.2
444,18:08:04,11.2387,44.5621,213.1,221.9,2198,337.4,6.3,327.0
447,18:08:07,11.2373,44.5649,214.0,223.1,2295,339.9,6.4,326.3
450,18:08:10,11.2363,44.5679,220.3,230.1,2406,345.4,6.5,325.3
453,18:08:13,11.2353,44.571,222.6,232.7,2450,347.1,6.6,324.9
456,18:08:16,11.2348,44.5742,222.9,233.4,2577,352.3,6.7,323.5
459,18:08:19,11.2344,44.5773,224.4,235.3,2681,354.3,6.9,322.3
462,18:08:22,11.2345,44.5804,218.5,229.4,2748,0.3,6.9,321.5
465,18:08:25,11.2348,44.5835,216.6,227.8,2859,2.2,7.0,320.1
468,18:08:28,11.2354,44.5866,215.0,226.2,2918,7.2,7.1,319.3
471,18:08:31,11.2362,44.5896,213.9,225.4,3000,9.3,7.2,318.2
474,18:08:34,11.2375,44.5926,217.0,228.9,3067,14.9,7.3,317.3
477,18:08:37,11.2388,44.5956,217.4,229.6,3149,16.3,7.4,316.2
480,18:08:40,11.2406,44.5985,220.8,233.4,3238,22.0,7.5,315.0
483,18:08:43,11.2428,44.6013,218.4,231.2,3312,26.8,7.6,314.1
486,18:08:46,11.2452,44.6039,216.7,229.5,3386,32.0,7.7,312.8
489,18:08:49,11.2483,44.6063,217.2,230.3,3446,40.7,7.7,312.2
492,18:08:52,11.2517,44.6084,219.7,233.1,3505,46.4,7.8,311.8
495,18:08:55,11.2555,44.6102,220.4,234.0,3535,55.7,7.9,311.4
498,18:08:58,11.2598,44.6117,225.9,240.0,3564,61.4,7.9,311.1
501,18:09:01,11.2642,44.6129,226.2,240.6,3668,68.2,8.1,310.1
504,18:09:04,11.2689,44.6138,227.8,242.4,3668,73.9,8.1,310.1
507,18:09:07,11.2736,44.6142,227.2,242.2,3817,81.7,8.3,308.8
510,18:09:10,11.2784,44.6145,224.8,240.1,3943,83.7,8.4,308.0
513,18:09:13,11.2832,44.6144,221.7,236.9,3995,89.2,8.5,307.8
516,18:09:16,11.2879,44.6143,222.5,238.3,4144,91.6,8.7,307.8
519,18:09:19,11.2927,44.6137,223.7,239.9,4240,99.2,8.9,308.2
522,18:09:22,11.2974,44.6128,226.8,243.5,4344,103.3,9.0,308.7
525,18:09:25,11.3021,44.6117,228.7,245.9,4441,107.9,9.2,309.2
528,18:09:28,11.3068,44.6105,229.0,246.6,4530,108.7,9.3,309.6
531,18:09:31,11.3113,44.6091,229.0,246.9,4619,112.7,9.4,310.0
534,18:09:34,11.3161,44.6077,234.7,253.4,4738,111.4,9.6,310.9
537,18:09:37,11.3209,44.6064,236.4,255.8,4849,110.3,9.8,311.4
540,18:09:40,11.3259,44.6051,243.3,263.3,4894,108.7,9.9,311.6
543,18:09:43,11.3309,44.6039,246.2,267.0,5005,108.5,10.1,312.1
546,18:09:46,11.3361,44.6026,248.8,270.2,5116,107.7,10.3,312.8
549,18:09:49,11.3414,44.6015,251.9,274.1,5243,105.5,10.6,313.5
552,18:09:52,11.3467,44.6004,252.0,274.7,5369,105.1,10.8,314.3
555,18:09:55,11.352,44.5994,253.6,276.9,5495,104.2,11.1,315.0
558,18:09:58,11.3574,44.5984,251.0,274.7,5658,103.1,11.4,315.9
561,18:10:01,11.3627,44.5974,247.8,271.9,5859,102.6,11.8,316.9
564,18:10:04,11.368,44.5965,246.7,270.8,5866,102.1,11.9,316.9
567,18:10:07,11.3734,44.5956,250.5,275.5,6030,101.5,12.2,317.7
570,18:10:10,11.3789,44.5948,253.5,279.4,6163,100.5,12.5,318.4
573,18:10:13,11.3846,44.5941,257.3,284.2,6319,97.6,12.8,319.1
576,18:10:16,11.3902,44.5935,258.6,285.8,6342,97.7,12.9,319.2
579,18:10:19,11.396,44.593,260.8,288.5,6423,94.7,13.0,319.5
582,18:10:22,11.4018,44.5928,263.9,292.6,6587,90.7,13.4,320.2
585,18:10:25,11.4077,44.593,265.0,293.9,6624,85.5,13.5,320.4
588,18:10:28,11.4136,44.5935,265.9,295.5,6735,81.1,13.7,320.8
591,18:10:31,11.4193,44.5943,267.0,297.1,6839,75.7,14.0,321.3
594,18:10:34,11.425,44.5954,267.8,299.3,7144,72.3,14.6,322.8
597,18:10:37,11.4305,44.5971,268.8,300.2,7114,64.8,14.6,322.7
600,18:10:40,11.4358,44.5989,270.4,301.9,7074,61.9,14.5,322.5
603,18:10:43,11.4409,44.601,270.8,303.6,7351,56.6,15.1,323.8
606,18:10:46,11.4458,44.6034,270.8,304.7,7604,52.2,15.6,324.9
609,18:10:49,11.4504,44.6061,270.9,305.5,7767,47.9,16.0,325.5
612,18:10:52,11.4548,44.6089,271.5,306.9,7931,45.4,16.3,326.1
615,18:10:55,11.4588,44.612,271.7,308.2,8176,40.1,16.9,326.8
618,18:10:58,11.4627,44.6152,272.0,309.3,8332,38.3,17.3,327.2
621,18:11:01,11.4665,44.6184,270.5,308.1,8458,37.2,17.6,327.5
624,18:11:04,11.4704,44.6216,270.5,309.2,8688,37.3,18.2,328.1
627,18:11:07,11.4743,44.6248,273.4,313.1,8807,38.0,18.4,328.3
630,18:11:10,11.4784,44.628,274.7,315.5,9000,38.9,18.9,328.6
633,18:11:13,11.4825,44.6311,275.0,316.6,9149,39.4,19.2,328.9
636,18:11:16,11.4866,44.6343,274.1,316.2,9283,39.8,19.5,329.1
639,18:11:19,11.4907,44.6374,272.6,315.2,9423,39.9,19.8,329.2
642,18:11:22,11.4949,44.6405,272.5,316.0,9601,40.2,20.1,329.4
645,18:11:25,11.4991,44.6436,272.7,316.6,9691,40.7,20.3,329.4
648,18:11:28,11.5034,44.6467,273.0,317.4,9772,41.5,20.5,329.5
651,18:11:31,11.5078,44.6497,274.2,319.3,9884,42.9,20.6,329.5
654,18:11:34,11.5124,44.6527,278.4,324.8,10002,43.2,20.7,329.4
657,18:11:37,11.5169,44.6558,278.4,325.5,10158,42.7,20.9,329.2
660,18:11:40,11.5214,44.6589,280.1,328.3,10312,42.2,21.1,328.9
663,18:11:43,11.5259,44.662,280.3,329.6,10520,42.7,21.4,328.5
666,18:11:46,11.5305,44.6651,279.2,328.9,10628,42.3,21.5,328.2
669,18:11:49,11.535,44.6682,277.0,327.4,10856,42.0,21.9,327.7
672,18:11:52,11.5394,44.6714,276.2,327.2,10990,41.8,22.1,327.3
675,18:11:55,11.5439,44.6745,276.1,328.6,11307,41.4,22.5,326.4
678,18:11:58,11.5483,44.6777,275.5,328.4,11413,41.1,22.7,326.1
681,18:12:01,11.5528,44.6809,272.4,326.0,11658,40.9,23.1,325.7
684,18:12:04,11.5572,44.6841,273.7,328.4,11822,40.7,23.3,325.5
687,18:12:07,11.5617,44.6871,271.5,326.5,11985,42.3,23.5,325.3
690,18:12:10,11.5667,44.6899,268.6,324.0,12178,47.9,23.8,325.0
693,18:12:13,11.5718,44.6924,267.4,323.3,12342,51.4,24.1,324.8
696,18:12:16,11.5774,44.6946,266.9,323.8,12550,57.4,24.4,324.6
699,18:12:19,11.5832,44.6965,265.7,323.3,12750,61.2,24.7,324.3
702,18:12:22,11.5893,44.6978,263.9,321.6,12851,68.6,24.8,324.1
705,18:12:25,11.5956,44.6987,261.5,320.2,13136,74.5,25.3,323.7
708,18:12:28,11.6021,44.6991,262.6,322.0,13248,81.5,25.4,323.6
711,18:12:31,11.6087,44.699,260.3,319.7,13337,87.5,25.6,323.4
714,18:12:34,11.6151,44.6988,257.4,317.7,13653,89.1,26.1,323.0
717,18:12:37,11.6216,44.6981,256.8,317.5,13767,95.4,26.3,322.8
720,18:12:40,11.628,44.6968,255.4,316.8,13960,102.4,26.6,322.5
723,18:12:43,11.6339,44.6948,254.4,316.4,14131,113.0,26.8,322.2
726,18:12:46,11.6395,44.6923,253.6,316.1,14265,120.9,27.1,322.0
729,18:12:49,11.6449,44.6894,252.8,315.6,14376,125.9,27.2,321.8
732,18:12:52,11.6499,44.6863,252.2,315.5,14502,129.8,27.5,321.6
735,18:12:55,11.6544,44.6828,250.3,313.6,14592,136.7,27.6,321.4
738,18:12:58,11.6587,44.6792,248.2,311.9,14755,139.4,27.9,321.1
741,18:13:01,11.6623,44.6753,248.3,312.6,14874,147.4,28.1,320.9
744,18:13:04,11.6656,44.6712,248.1,313.0,15000,151.6,28.3,320.7
747,18:13:07,11.6685,44.6669,248.5,313.7,15052,155.5,28.4,320.6
750,18:13:10,11.6708,44.6624,249.8,316.3,15215,161.8,28.7,320.3
753,18:13:13,11.6728,44.6578,251.9,319.3,15297,163.8,28.8,320.1
756,18:13:16,11.6743,44.6532,251.7,319.4,15356,170.0,28.9,320.0
759,18:13:19,11.6755,44.6484,253.5,322.1,15446,172.3,29.1,319.8
762,18:13:22,11.6761,44.6436,254.0,323.4,15564,177.9,29.3,319.6
765,18:13:25,11.6764,44.6388,253.8,324.0,15713,180.4,29.5,319.3
768,18:13:28,11.6761,44.634,254.1,324.6,15750,186.4,29.6,319.2
771,18:13:31,11.6746,44.6294,254.5,325.7,15876,196.9,29.8,318.9
774,18:13:34,11.6731,44.6248,254.7,326.9,16047,198.0,30.1,318.6
777,18:13:37,11.6707,44.6203,254.8,327.6,16134,205.5,30.3,318.4
780,18:13:40,11.6682,44.616,255.2,329.1,16322,207.2,30.6,318.1
783,18:13:43,11.6651,44.6118,255.9,330.8,16441,212.9,30.8,317.9
786,18:13:46,11.6618,44.6076,257.1,333.3,16634,214.6,31.1,317.5
789,18:13:49,11.6582,44.6037,258.2,335.5,16745,218.5,31.3,317.3
792,18:13:52,11.6545,44.5997,258.8,336.7,16827,218.9,31.5,317.1
795,18:13:55,11.6507,44.5958,260.8,339.8,16916,219.7,31.7,316.9
798,18:13:58,11.6469,44.5918,263.2,343.4,16983,219.5,31.8,316.8
801,18:14:01,11.6431,44.5877,264.1,345.0,17057,218.8,31.9,316.6
804,18:14:04,11.6393,44.5836,267.5,349.9,17124,218.4,32.1,316.5
807,18:14:07,11.6356,44.5794,269.4,352.9,17235,217.6,32.3,316.2
810,18:14:10,11.6319,44.5751,270.0,354.3,17332,216.8,32.5,316.1
813,18:14:13,11.6283,44.5708,270.0,355.3,17495,216.1,32.8,315.7
816,18:14:16,11.6247,44.5665,268.8,354.6,17634,215.5,33.1,315.5
819,18:14:19,11.6212,44.5621,266.7,352.5,17740,215.4,33.3,315.3
822,18:14:22,11.6176,44.5578,266.7,353.5,17926,215.7,33.6,314.9
825,18:14:25,11.614,44.5535,267.1,354.8,18067,216.5,33.9,314.6
828,18:14:28,11.6103,44.5492,268.8,357.7,18163,217.3,34.1,314.4
831,18:14:31,11.6065,44.5449,271.0,361.0,18223,217.7,34.3,314.2
834,18:14:34,11.6026,44.5406,272.9,364.1,18327,217.6,34.5,313.6
837,18:14:37,11.5988,44.5362,273.6,366.0,18475,217.5,34.9,312.7
840,18:14:40,11.595,44.5319,274.3,366.9,18475,217.7,34.9,312.7
843,18:14:43,11.591,44.5275,274.4,367.8,18587,218.3,35.2,312.0
846,18:14:46,11.587,44.5232,274.8,368.8,18683,219.1,35.5,311.4
849,18:14:49,11.5829,44.519,274.1,368.0,18713,220.3,35.6,311.2
852,18:14:52,11.5787,44.5149,273.9,368.3,18802,221.3,35.8,310.6
855,18:14:55,11.5744,44.5108,273.2,367.6,18832,222.8,35.9,310.3
858,18:14:58,11.57,44.5068,274.6,369.8,18891,224.1,36.1,309.9
861,18:15:01,11.5654,44.5028,275.6,371.3,18921,225.5,36.2,309.6
864,18:15:04,11.5606,44.499,275.4,371.0,18921,227.6,36.2,309.6
867,18:15:07,11.5558,44.4953,275.8,371.6,18921,227.9,36.3,309.5
870,18:15:10,11.5509,44.4916,275.8,371.6,18921,228.9,36.3,309.5
873,18:15:13,11.5459,44.4879,276.6,372.8,18950,229.6,36.4,309.3
876,18:15:16,11.541,44.4842,277.2,373.9,18995,229.8,36.6,308.9
879,18:15:19,11.5359,44.4805,277.9,374.9,19010,229.8,36.6,308.8
882,18:15:22,11.5309,44.4769,277.4,374.4,19025,230.0,36.7,308.6
885,18:15:25,11.526,44.4732,276.8,373.7,19040,229.8,36.8,308.5
888,18:15:28,11.521,44.4695,276.8,373.8,19054,229.4,36.8,308.3
891,18:15:31,11.5161,44.4658,276.9,373.9,19054,229.3,36.9,308.3
894,18:15:34,11.5112,44.4621,277.3,374.5,19062,229.0,36.9,308.2
897,18:15:37,11.5062,44.4583,277.7,375.2,19084,229.0,37.0,308.0
900,18:15:40,11.5013,44.4546,277.9,375.4,19084,228.5,37.1,308.0
903,18:15:43,11.4965,44.4508,278.0,375.6,19092,228.4,37.1,307.9
906,18:15:46,11.4917,44.4469,277.9,375.5,19114,227.1,37.2,307.7
909,18:15:49,11.4869,44.443,280.1,378.5,19099,226.8,37.2,307.7
912,18:15:52,11.4822,44.4391,280.1,378.4,19084,226.4,37.2,307.8
915,18:15:55,11.4774,44.4351,282.2,381.1,19069,226.1,37.2,307.8
918,18:15:58,11.4727,44.4311,282.0,380.8,19054,226.2,37.2,307.9
921,18:16:01,11.4679,44.4271,281.6,380.3,19054,226.2,37.2,307.8
924,18:16:04,11.4632,44.4232,281.3,379.9,19062,226.2,37.3,307.7
927,18:16:07,11.4584,44.4192,280.8,379.3,19077,226.4,37.3,307.6
930,18:16:10,11.4537,44.4153,279.7,377.7,19069,226.0,37.4,307.6
933,18:16:13,11.4491,44.4113,278.1,375.7,19077,225.9,37.4,307.5
936,18:16:16,11.4444,44.4074,278.0,375.7,19099,225.9,37.5,307.3
939,18:16:19,11.4398,44.4034,277.6,375.1,19099,226.2,37.5,307.2
942,18:16:22,11.4351,44.3995,276.7,373.9,19099,226.2,37.6,307.2
945,18:16:25,11.4305,44.3956,276.5,373.7,19114,226.0,37.7,307.0
948,18:16:28,11.4259,44.3917,275.6,372.5,19099,225.9,37.7,307.1
951,18:16:31,11.4213,44.3878,275.4,372.1,19099,226.2,37.7,307.0
954,18:16:34,11.4167,44.3839,274.2,370.6,19121,225.9,37.8,306.8
957,18:16:37,11.4121,44.38,273.9,370.3,19129,225.8,37.8,306.7
960,18:16:40,11.4076,44.3761,273.3,369.5,19129,225.8,37.9,306.7
963,18:16:43,11.4031,44.3722,271.9,367.7,19129,225.8,37.9,306.6
966,18:16:46,11.3986,44.3684,271.2,366.5,19106,225.9,37.9,306.7
969,18:16:49,11.3941,44.3645,271.1,366.3,19099,226.0,37.9,306.7
972,18:16:52,11.3896,44.3607,270.0,364.7,19084,225.9,37.9,306.8
975,18:16:55,11.3851,44.3569,269.4,364.0,19077,226.0,37.9,306.8
978,18:16:58,11.3806,44.3531,268.6,362.7,19054,226.0,37.9,306.9
981,18:17:01,11.3762,44.3492,268.2,362.3,19069,225.8,38.0,306.7
984,18:17:04,11.3717,44.3454,267.4,361.2,19069,226.1,38.0,306.7
987,18:17:07,11.3673,44.3417,266.3,359.8,19069,226.4,38.0,306.6
990,18:17:10,11.3629,44.3379,266.0,359.3,19069,226.2,38.1,306.6
993,18:17:13,11.3584,44.3342,265.4,358.4,19054,226.3,38.1,306.6
996,18:17:16,11.3541,44.3304,265.3,358.4,19069,225.8,38.1,306.5
999,18:17:19,11.3497,44.3266,265.8,359.0,19054,225.8,38.1,306.5
1002,18:17:22,11.3453,44.3228,266.7,360.2,19054,226.0,38.2,306.5
1005,18:17:25,11.3408,44.319,268.2,362.2,19069,226.1,38.2,306.3
1008,18:17:28,11.3364,44.3152,268.1,362.1,19069,225.8,38.3,306.3
1011,18:17:31,11.3319,44.3113,269.5,364.1,19069,225.6,38.3,306.2
1014,18:17:34,11.3275,44.3074,270.8,365.8,19069,225.5,38.4,306.2
1017,18:17:37,11.323,44.3036,272.0,367.6,19084,225.6,38.4,306.0
1020,18:17:40,11.3185,44.2997,272.8,368.6,19084,225.6,38.5,306.0
1023,18:17:43,11.314,44.2958,273.2,369.2,19084,225.8,38.5,305.9
1026,18:17:46,11.3095,44.2919,273.9,370.3,19106,225.6,38.6,305.7
1029,18:17:49,11.3049,44.288,274.1,370.4,19092,225.8,38.6,305.8
1032,18:17:52,11.3004,44.2841,274.3,370.9,19114,225.8,38.7,305.6
1035,18:17:55,11.2959,44.2802,274.3,370.9,19129,226.0,38.8,305.5
1038,18:17:58,11.2913,44.2763,275.0,371.9,19129,226.0,38.8,305.4
1041,18:18:01,11.2867,44.2724,275.5,372.4,19114,226.1,38.8,305.4
1044,18:18:04,11.2822,44.2685,275.5,372.4,19114,226.0,38.9,305.4
1047,18:18:07,11.2776,44.2646,275.9,373.0,19114,226.0,38.9,305.3
1050,18:18:10,11.2731,44.2606,275.6,372.6,19099,225.8,38.9,305.4
1053,18:18:13,11.2685,44.2567,275.8,372.7,19084,225.6,38.9,305.4
1056,18:18:16,11.264,44.2528,275.3,372.0,19069,225.8,38.9,305.5
1059,18:18:19,11.2595,44.2489,274.2,370.4,19069,225.8,38.9,305.4
1062,18:18:22,11.2549,44.245,273.2,369.1,19069,226.1,39.0,305.3
1065,18:18:25,11.2505,44.2411,272.7,368.4,19069,225.7,39.0,305.3
1068,18:18:28,11.246,44.2373,272.3,367.9,19069,225.8,39.0,305.2
1071,18:18:31,11.2415,44.2334,271.8,367.3,19069,225.6,39.1,305.2
1074,18:18:34,11.237,44.2295,272.2,367.7,19069,226.0,39.1,305.1
1077,18:18:37,11.2325,44.2256,272.2,367.8,19069,226.0,39.1,305.1
1080,18:18:40,11.2281,44.2218,271.8,367.3,19069,226.0,39.2,305.0
1083,18:18:43,11.2236,44.2179,271.2,366.4,19069,225.9,39.2,305.0
1086,18:18:46,11.2191,44.2141,270.8,365.8,19054,226.0,39.2,305.0
1089,18:18:49,11.2147,44.2102,270.2,365.0,19054,225.6,39.3,305.0
1092,18:18:52,11.2103,44.2064,269.6,364.2,19054,225.5,39.3,304.9
1095,18:18:55,11.206,44.2025,269.1,363.6,19069,225.1,39.4,304.8
1098,18:18:58,11.2016,44.1986,268.8,363.2,19084,225.4,39.5,304.6
1101,18:19:01,11.1972,44.1948,268.3,362.7,19092,225.6,39.5,304.6
1104,18:19:04,11.1929,44.191,267.4,361.4,19084,225.6,39.5,304.5
1107,18:19:07,11.1886,44.1872,267.0,360.8,19069,225.4,39.5,304.6
1110,18:19:10,11.1842,44.1833,266.0,359.5,19077,225.6,39.6,304.5
1113,18:19:13,11.1799,44.1796,264.4,357.4,19099,225.6,39.7,304.3
1116,18:19:16,11.1756,44.1758,264.6,357.6,19084,225.6,39.7,304.3
1119,18:19:19,11.1713,44.172,263.4,356.2,19106,226.0,39.8,304.2
1122,18:19:22,11.167,44.1683,263.4,356.0,19084,225.9,39.8,304.2
1125,18:19:25,11.1627,44.1645,263.6,356.2,19069,225.8,39.8,304.3
1128,18:19:28,11.1584,44.1608,263.8,356.5,19077,225.9,39.8,304.2
1131,18:19:31,11.1541,44.157,263.9,356.6,19062,225.8,39.8,304.2
1134,18:19:34,11.1499,44.1532,263.9,356.5,19047,225.1,39.8,304.2
1137,18:19:37,11.1457,44.1493,263.9,356.5,19040,224.5,39.8,304.2
1140,18:19:40,11.1416,44.1455,263.8,356.3,19054,224.2,39.9,304.1
1143,18:19:43,11.1375,44.1416,263.8,356.1,19010,223.4,39.8,304.3
1146,18:19:46,11.1336,44.1375,263.8,356.1,19010,221.0,39.8,304.2
1149,18:19:49,11.1299,44.1334,263.4,355.7,19017,219.5,39.9,304.1
1152,18:19:52,11.1262,44.1293,262.9,354.9,19002,218.8,39.9,304.2
1155,18:19:55,11.1226,44.1251,262.6,354.4,19002,218.5,39.9,304.1
1158,18:19:58,11.1191,44.1209,262.7,354.7,19010,217.9,40.0,304.0
1161,18:20:01,11.1155,44.1167,262.8,355.0,19040,217.7,40.1,303.8
1164,18:20:04,11.112,44.1125,261.9,353.9,19069,217.4,40.3,303.6
1167,18:20:07,11.1085,44.1083,260.7,352.2,19054,217.5,40.3,303.6
1170,18:20:10,11.1051,44.1041,260.8,352.3,19054,217.4,40.3,303.6
1173,18:20:13,11.1016,44.0999,260.4,351.9,19069,217.4,40.4,303.4
1176,18:20:16,11.0981,44.0957,259.6,350.9,19069,217.4,40.5,303.4
1179,18:20:19,11.0947,44.0915,259.7,351.2,19099,217.7,40.6,303.1
1182,18:20:22,11.0912,44.0874,258.6,349.7,19114,217.7,40.7,303.0
1185,18:20:25,11.0877,44.0832,259.5,350.9,19114,217.8,40.7,303.0
1188,18:20:28,11.0844,44.079,259.5,350.8,19099,215.7,40.7,303.0
1191,18:20:31,11.0815,44.0745,259.6,350.9,19099,212.4,40.8,302.9
1194,18:20:34,11.0787,44.07,259.6,350.9,19062,210.4,40.7,303.1
1197,18:20:37,11.0763,44.0654,259.8,351.0,19054,206.4,40.7,303.1
1200,18:20:40,11.0745,44.0605,260.0,351.3,19054,201.8,40.8,303.0
1203,18:20:43,11.0732,44.0555,259.6,350.7,19040,196.5,40.8,303.0
1206,18:20:46,11.0722,44.0505,260.2,351.4,19040,194.1,40.8,302.9
1209,18:20:49,11.0717,44.0453,261.6,353.3,19025,189.9,40.9,303.0
1212,18:20:52,11.0717,44.0402,261.9,353.7,19025,185.5,40.9,302.9
1215,18:20:55,11.0724,44.0349,263.1,355.4,19032,179.7,41.0,302.8
1218,18:20:58,11.0735,44.0297,263.8,356.3,19040,176.7,41.1,302.7
1221,18:21:01,11.0751,44.0245,263.0,355.3,19040,172.3,41.1,302.6
1224,18:21:04,11.0772,44.0193,262.7,354.9,19040,168.1,41.2,302.6
1227,18:21:07,11.0798,44.0143,262.3,354.4,19040,163.0,41.3,302.5
1230,18:21:10,11.0828,44.0094,262.0,354.0,19040,160.2,41.3,302.5
1233,18:21:13,11.0857,44.0044,261.7,353.7,19054,161.3,41.4,302.3
1236,18:21:16,11.0887,43.9995,261.7,353.5,19032,159.3,41.4,302.4
1239,18:21:19,11.0918,43.9946,261.6,353.5,19040,159.7,41.5,302.3
1242,18:21:22,11.0948,43.9897,261.5,353.5,19062,160.0,41.6,302.1
1245,18:21:25,11.0978,43.9848,261.5,353.6,19084,160.0,41.8,301.9
1248,18:21:28,11.1008,43.9798,261.5,353.7,19099,159.8,41.9,301.8
1251,18:21:31,11.1038,43.9749,261.5,353.7,19099,159.9,41.9,301.8
1254,18:21:34,11.1069,43.97,261.5,353.9,19129,160.0,42.1,301.5
1257,18:21:37,11.1098,43.9651,261.5,353.9,19129,160.3,42.2,301.5
1260,18:21:40,11.1128,43.9601,261.5,353.9,19129,160.6,42.2,301.4
1263,18:21:43,11.1157,43.9552,261.4,353.7,19129,161.0,42.3,301.4
1266,18:21:46,11.1186,43.9502,261.2,353.3,19114,161.5,42.3,301.4
1269,18:21:49,11.1214,43.9452,261.4,353.6,19099,162.0,42.3,301.4
1272,18:21:52,11.1241,43.9402,261.6,353.8,19084,162.2,42.3,301.4
1275,18:21:55,11.1269,43.9353,261.7,353.8,19069,162.4,42.4,301.5
1278,18:21:58,11.1296,43.9303,261.3,353.2,19069,162.4,42.4,301.4
1281,18:22:01,11.1324,43.9253,261.0,352.8,19054,162.4,42.4,301.4
1284,18:22:04,11.1351,43.9203,261.0,352.8,19054,162.7,42.5,301.3
1287,18:22:07,11.1377,43.9153,261.8,353.9,19062,163.5,42.6,301.3
1290,18:22:10,11.1403,43.9103,261.4,353.4,19069,163.6,42.7,301.2
1293,18:22:13,11.1429,43.9052,262.7,355.2,19069,164.2,42.7,301.1
1296,18:22:16,11.1454,43.9002,262.7,355.2,19062,164.5,42.8,301.1
1299,18:22:19,11.1479,43.8951,263.4,356.2,19069,164.7,42.9,301.0
1302,18:22:22,11.1504,43.89,263.9,356.9,19069,164.7,42.9,300.9
1305,18:22:25,11.153,43.8849,265.4,358.9,19084,164.7,43.1,300.8
1308,18:22:28,11.1555,43.8798,265.5,359.1,19092,164.7,43.2,300.7
1311,18:22:31,11.1581,43.8746,266.0,359.8,19099,164.3,43.3,300.6
1314,18:22:34,11.1607,43.8695,266.3,360.4,19114,164.3,43.4,300.4
1317,18:22:37,11.1633,43.8644,266.5,360.6,19114,164.2,43.4,300.4
1320,18:22:40,11.1659,43.8593,266.5,360.5,19099,164.3,43.5,300.4
1323,18:22:43,11.1684,43.8541,266.5,360.6,19114,164.6,43.6,300.2
1326,18:22:46,11.171,43.849,266.8,361.0,19114,164.7,43.7,300.2
1329,18:22:49,11.1735,43.8438,267.2,361.4,19084,164.7,43.6,300.3
1332,18:22:52,11.1761,43.8387,267.0,361.1,19069,164.5,43.6,300.3
1335,18:22:55,11.1787,43.8336,266.3,360.1,19062,164.4,43.7,300.2
1338,18:22:58,11.1813,43.8285,265.8,359.4,19062,164.0,43.8,300.2
1341,18:23:01,11.184,43.8234,265.7,359.1,19047,164.0,43.8,300.2
1344,18:23:04,11.1866,43.8183,266.2,359.8,19040,164.1,43.8,300.2
1347,18:23:07,11.1892,43.8131,266.1,359.7,19047,164.4,43.9,300.1
1350,18:23:10,11.1918,43.808,265.8,359.2,19025,164.4,43.9,300.1
1353,18:23:13,11.1944,43.8029,265.4,358.7,19040,164.3,44.0,300.0
1356,18:23:16,11.197,43.7978,265.4,358.8,19040,164.2,44.1,299.9
1359,18:23:19,11.1996,43.7927,265.1,358.5,19047,164.0,44.2,299.8
1362,18:23:22,11.2022,43.7877,265.0,358.2,19040,164.1,44.3,299.8
1365,18:23:25,11.2048,43.7826,264.5,357.6,19040,164.2,44.3,299.7
1368,18:23:28,11.2075,43.7775,263.9,357.0,19069,163.8,44.5,299.5
1371,18:23:31,11.2101,43.7724,263.8,356.7,19069,164.3,44.6,299.4
1374,18:23:34,11.2127,43.7674,263.6,356.5,19069,164.0,44.7,299.3
1377,18:23:37,11.2153,43.7623,263.5,356.4,19069,164.2,44.7,299.3
1380,18:23:40,11.2179,43.7572,263.3,356.1,19069,164.4,44.8,299.2
1383,18:23:43,11.2205,43.7522,263.7,356.6,19069,164.2,44.9,299.1
1386,18:23:46,11.2231,43.7471,263.9,357.1,19099,164.0,45.1,298.9
1389,18:23:49,11.2258,43.742,264.1,357.4,19092,164.0,45.1,298.9
1392,18:23:52,11.2284,43.7369,264.3,357.6,19084,164.0,45.1,298.9
1395,18:23:55,11.2311,43.7319,264.5,357.8,19084,164.2,45.2,298.8
1398,18:23:58,11.2337,43.7268,264.8,358.2,19069,164.0,45.2,298.8
1401,18:24:01,11.2363,43.7217,265.0,358.4,19069,164.2,45.3,298.7
1404,18:24:04,11.239,43.7166,265.0,358.4,19069,163.9,45.4,298.7
1407,18:24:07,11.2416,43.7115,264.8,358.2,19069,164.4,45.5,298.6
1410,18:24:10,11.2442,43.7064,264.6,358.0,19069,164.4,45.6,298.5
1413,18:24:13,11.2469,43.7013,264.5,357.7,19069,164.1,45.6,298.5
1416,18:24:16,11.2496,43.6963,264.0,357.2,19069,163.5,45.7,298.4
1419,18:24:19,11.2524,43.6912,263.8,356.9,19084,162.8,45.8,298.2
1422,18:24:22,11.2552,43.6862,263.3,356.2,19074,162.7,45.9,298.2
1425,18:24:25,11.258,43.6812,262.6,355.2,19069,162.6,45.9,298.2
1428,18:24:28,11.2608,43.6762,262.4,355.0,19077,162.6,46.0,298.1
1431,18:24:31,11.2636,43.6712,262.4,354.9,19062,162.8,46.1,298.1
1434,18:24:34,11.2664,43.6662,263.0,355.7,19054,162.8,46.1,298.0
1437,18:24:37,11.2692,43.6611,263.9,357.0,19054,162.4,46.2,298.0
1440,18:24:40,11.272,43.6561,263.9,357.0,19059,162.8,46.3,297.9
1443,18:24:43,11.2748,43.651,264.0,357.2,19069,162.9,46.4,297.8
1446,18:24:46,11.2777,43.646,263.3,356.4,19114,162.8,46.7,297.5
1449,18:24:49,11.2805,43.641,262.7,355.9,19144,162.6,46.9,297.2
1452,18:24:52,11.2833,43.636,262.9,356.4,19196,162.7,47.2,296.9
1455,18:24:55,11.2861,43.6309,263.3,357.3,19262,163.0,47.5,296.5
1458,18:24:58,11.289,43.6259,264.5,359.1,19292,163.0,47.7,296.3
1461,18:25:01,11.2918,43.6208,266.1,361.9,19389,162.9,48.2,295.7
1464,18:25:04,11.2948,43.6157,267.3,363.8,19441,162.6,48.5,295.4
1467,18:25:07,11.2977,43.6105,269.6,367.4,19500,162.2,48.8,295.0
1470,18:25:10,11.3008,43.6054,270.5,369.1,19597,161.4,49.3,294.4
1473,18:25:13,11.3041,43.6003,271.5,371.0,19678,160.0,49.7,293.9
1476,18:25:16,11.3077,43.5952,271.8,371.9,19752,157.7,50.1,293.4
1479,18:25:19,11.3116,43.5902,272.6,373.4,19819,155.1,50.4,293.0
1482,18:25:22,11.3157,43.5853,274.3,376.0,19871,153.7,50.7,292.6
1485,18:25:25,11.3198,43.5803,274.1,376.0,19916,153.1,51.0,292.3
1488,18:25:28,11.3241,43.5754,274.7,377.3,19983,152.1,51.3,291.9
1491,18:25:31,11.3285,43.5706,275.1,378.4,20079,151.7,51.8,291.3
1494,18:25:34,11.3329,43.5657,275.3,379.1,20139,151.4,52.2,290.9
1497,18:25:37,11.3373,43.5608,276.1,380.8,20220,151.1,52.6,290.4
1500,18:25:40,11.3418,43.5559,276.0,380.9,20287,151.0,53.0,289.9
1503,18:25:43,11.3463,43.551,277.9,383.9,20346,151.0,53.4,289.5
1506,18:25:46,11.3509,43.5461,278.9,385.8,20421,151.0,53.8,289.0
1509,18:25:49,11.3554,43.5411,280.5,388.6,20502,150.9,54.2,288.5
1512,18:25:52,11.3601,43.5361,282.8,392.4,20584,151.0,54.7,288.0
1515,18:25:55,11.3647,43.5311,283.5,393.6,20651,150.9,55.1,287.5
1518,18:25:58,11.3694,43.5261,285.1,396.4,20725,150.9,55.5,287.1
1521,18:26:01,11.3741,43.521,285.8,397.8,20792,151.0,55.9,286.6
1524,18:26:04,11.3788,43.5159,286.1,398.8,20866,151.0,56.3,286.1
1527,18:26:07,11.3836,43.5109,286.5,399.8,20948,151.0,56.8,285.6
1530,18:26:10,11.3883,43.5058,286.5,400.1,20985,151.2,57.1,285.3
1533,18:26:13,11.3931,43.5007,286.9,401.3,21082,151.0,57.6,284.7
1536,18:26:16,11.3979,43.4956,287.5,402.8,21178,151.1,58.1,284.2
1539,18:26:19,11.4027,43.4905,287.7,403.2,21208,150.6,58.4,283.9
1542,18:26:22,11.4076,43.4855,288.4,404.8,21282,150.3,58.8,283.5
1545,18:26:25,11.4126,43.4804,289.0,406.5,21401,150.0,59.5,282.8
1548,18:26:28,11.4178,43.4754,289.7,407.6,21431,148.8,59.7,282.6
1551,18:26:31,11.423,43.4703,290.6,409.4,21512,148.4,60.2,282.1
1554,18:26:34,11.4282,43.4653,290.9,410.6,21609,148.4,60.8,281.5
1557,18:26:37,11.4335,43.4603,291.8,412.1,21654,148.6,61.1,281.2
1560,18:26:40,11.4388,43.4552,292.0,412.9,21743,148.3,61.6,280.7
1563,18:26:43,11.4441,43.4502,292.0,413.5,21817,148.4,62.0,280.3
1566,18:26:46,11.4494,43.4451,292.1,414.0,21861,148.5,62.4,280.0
1569,18:26:49,11.4547,43.4401,292.2,414.8,21958,148.5,62.9,279.5
1572,18:26:52,11.46,43.435,293.0,416.0,21973,148.5,63.1,279.4
1575,18:26:55,11.4654,43.4299,293.3,417.5,22114,148.4,63.9,278.7
1578,18:26:58,11.4708,43.4249,294.0,419.2,22210,148.2,64.4,278.1
1581,18:27:01,11.4762,43.4198,294.7,420.1,22203,148.2,64.5,278.1
1584,18:27:04,11.4817,43.4147,295.1,421.6,22352,148.4,65.3,277.4
1587,18:27:07,11.4871,43.4095,295.7,423.1,22441,148.6,65.9,277.0
1590,18:27:10,11.4926,43.4044,295.7,423.7,22515,148.6,66.3,276.7
1593,18:27:13,11.4981,43.3992,296.8,425.8,22589,148.7,66.8,276.3
1596,18:27:16,11.5036,43.3941,297.7,427.8,22678,148.9,67.3,275.9
1599,18:27:19,11.5091,43.3889,297.7,427.9,22693,148.7,67.5,275.8
1602,18:27:22,11.5147,43.3837,298.8,430.2,22782,148.4,68.1,275.4
1605,18:27:25,11.5203,43.3785,300.2,432.9,22886,148.6,68.7,275.0
1608,18:27:28,11.5259,43.3733,301.1,434.2,22894,148.3,68.8,275.0
1611,18:27:31,11.5316,43.368,301.9,436.2,22990,148.6,69.4,274.6
1614,18:27:34,11.5372,43.3628,302.8,437.6,23005,148.6,69.6,274.5
1617,18:27:37,11.5429,43.3575,303.8,439.6,23072,148.6,70.1,274.3
1620,18:27:40,11.5486,43.3522,304.2,440.4,23124,148.6,70.4,274.1
1623,18:27:43,11.5544,43.3469,304.8,441.5,23146,148.4,70.7,273.9
1626,18:27:46,11.5602,43.3416,305.4,442.9,23213,148.0,71.1,273.7
1629,18:27:49,11.566,43.3363,306.2,444.5,23257,148.0,71.5,273.5
1632,18:27:52,11.5719,43.331,306.9,446.1,23339,148.0,72.0,273.3
1635,18:27:55,11.5778,43.3257,307.8,447.7,23384,148.0,72.3,273.1
1638,18:27:58,11.5837,43.3203,308.1,448.6,23436,148.0,72.7,273.0
1641,18:28:01,11.5896,43.315,309.3,450.3,23436,148.0,72.9,272.9
1644,18:28:04,11.5955,43.3096,310.7,452.6,23473,148.0,73.2,272.8
1647,18:28:07,11.6015,43.3042,311.4,453.7,23480,148.1,73.4,272.8
1650,18:28:10,11.6074,43.2987,312.5,455.3,23480,148.7,73.6,272.7
1653,18:28:13,11.6133,43.2933,313.3,456.4,23465,148.4,73.7,272.7
1656,18:28:16,11.6193,43.2878,314.3,457.7,23443,148.6,73.8,272.7
1659,18:28:19,11.6252,43.2823,315.3,459.0,23421,148.8,73.9,272.7
1662,18:28:22,11.6311,43.2768,316.5,460.7,23406,148.8,74.0,272.7
1665,18:28:25,11.6368,43.2711,317.8,462.6,23413,151.2,74.2,272.6
1668,18:28:28,11.6424,43.2654,319.1,464.3,23391,151.4,74.3,272.6
1671,18:28:31,11.6474,43.2594,320.7,466.5,23376,156.3,74.4,272.6
1674,18:28:34,11.6522,43.2533,323.2,469.9,23346,157.5,74.5,272.6
1677,18:28:37,11.6564,43.2471,323.3,470.2,23354,162.1,74.7,272.6
1680,18:28:40,11.6604,43.2408,323.7,471.2,23406,163.0,75.1,272.4
1683,18:28:43,11.6643,43.2345,322.0,469.3,23480,164.3,75.6,272.2
1686,18:28:46,11.668,43.2281,319.6,466.7,23592,165.6,76.3,272.1
1689,18:28:49,11.6716,43.2219,316.8,463.7,23733,165.5,77.1,272.0
1692,18:28:52,11.6752,43.2157,313.2,458.6,23755,166.1,77.4,271.9
1695,18:28:55,11.6787,43.2095,309.7,454.8,23926,166.3,78.2,271.8
1698,18:28:58,11.6823,43.2034,307.3,452.4,24059,165.9,78.8,271.8
1701,18:29:01,11.6859,43.1973,303.3,447.9,24260,165.4,79.3,271.6
1704,18:29:04,11.6896,43.1913,300.1,443.8,24347,165.0,79.7,271.6
1707,18:29:07,11.6934,43.1854,295.9,438.7,24490,164.3,80.1,271.5
1710,18:29:10,11.6976,43.1797,289.4,430.0,24631,161.2,80.5,271.4
1713,18:29:13,11.702,43.1742,285.4,425.0,24757,158.7,80.8,271.3
1716,18:29:16,11.7069,43.1688,286.4,427.8,24943,155.5,81.2,271.2
1719,18:29:19,11.7121,43.1635,280.7,420.1,25054,153.3,81.6,271.2
1722,18:29:22,11.7173,43.1584,278.5,417.9,25218,152.4,81.9,271.1
1725,18:29:25,11.7228,43.1534,276.4,416.1,25401,149.9,82.3,271.0
1728,18:29:28,11.7287,43.1486,272.4,410.8,25515,146.8,82.5,270.9
1731,18:29:31,11.7346,43.1438,273.4,413.8,25708,146.0,82.9,270.7
1734,18:29:34,11.7406,43.1391,270.6,410.6,25871,145.6,83.2,270.5
1737,18:29:37,11.7466,43.1344,269.7,410.0,25990,145.1,83.5,270.3
1740,18:29:40,11.7528,43.1298,269.1,410.1,26124,144.3,83.7,270.1
1743,18:29:43,11.7589,43.1251,268.8,410.4,26243,144.0,84.0,270.0
1746,18:29:46,11.7652,43.1206,267.8,410.0,26391,143.2,84.3,269.8
1749,18:29:49,11.7715,43.1161,267.0,409.6,26495,142.2,84.5,269.7
1752,18:29:52,11.778,43.1117,265.8,408.5,26606,141.5,84.7,269.5
1755,18:29:55,11.7845,43.1073,265.7,409.2,26733,141.0,84.9,269.4
1758,18:29:58,11.791,43.1029,264.4,407.7,26807,140.4,85.1,269.3
1761,18:30:01,11.7977,43.0987,262.0,405.0,26948,138.9,85.4,269.1
1764,18:30:04,11.8045,43.0945,261.9,405.5,27059,137.9,85.6,269.0
1767,18:30:07,11.8114,43.0905,260.8,405.1,27230,136.5,85.8,268.8
1770,18:30:10,11.8184,43.0865,260.0,403.8,27245,135.3,86.0,268.8
1773,18:30:13,11.8254,43.0826,259.8,404.6,27401,135.2,86.2,268.7
1776,18:30:16,11.8325,43.0786,259.6,405.2,27520,135.1,86.4,268.6
1779,18:30:19,11.8396,43.0747,259.3,404.8,27542,134.9,86.6,268.5
1782,18:30:22,11.8466,43.0707,258.0,403.8,27683,134.7,86.8,268.4
1785,18:30:25,11.8537,43.0668,256.7,402.4,27780,134.9,87.0,268.3
1788,18:30:28,11.8607,43.063,254.2,398.6,27795,134.9,87.2,268.3
1791,18:30:31,11.8676,43.0591,252.5,396.7,27906,135.7,87.4,268.2
1794,18:30:34,11.8745,43.0552,248.6,391.6,28054,135.4,87.7,268.2
1797,18:30:37,11.8812,43.0513,247.8,390.2,28040,136.3,87.8,268.2
1800,18:30:40,11.8879,43.0474,247.3,390.3,28173,137.0,88.0,268.2
1803,18:30:43,11.8946,43.0435,245.8,388.9,28300,137.2,88.3,268.2
1806,18:30:46,11.9012,43.0395,245.0,388.5,28411,138.0,88.5,268.2
1809,18:30:49,11.9078,43.0355,244.9,388.5,28455,138.5,88.7,268.1
1812,18:30:52,11.9143,43.0315,244.7,388.9,28537,138.4,88.9,268.1
1815,18:30:55,11.9209,43.0275,244.4,388.7,28574,138.7,89.1,268.0
1818,18:30:58,11.9274,43.0235,244.0,388.3,28619,138.9,89.3,268.0
1821,18:31:01,11.9339,43.0195,244.0,388.4,28634,139.0,89.4,267.9
1824,18:31:04,11.9404,43.0154,242.7,386.8,28686,139.0,89.6,267.9
1827,18:31:07,11.9469,43.0114,242.1,386.2,28738,139.2,89.8,267.8
1830,18:31:10,11.9533,43.0074,241.8,385.6,28738,139.8,89.9,267.8
1833,18:31:13,11.9597,43.0033,242.1,386.7,28804,140.5,90.2,267.7
1836,18:31:16,11.966,42.9992,242.1,387.1,28871,141.0,90.4,267.7
1839,18:31:19,11.9723,42.995,243.3,389.3,28901,141.6,90.5,267.7
1842,18:31:22,11.9786,42.9907,244.0,390.8,28960,142.1,90.7,267.6
1845,18:31:25,11.9848,42.9865,244.2,391.2,28975,142.4,90.9,267.6
1848,18:31:28,11.991,42.9822,244.7,392.6,29050,143.2,91.1,267.5
1851,18:31:31,11.9971,42.9778,245.4,393.8,29072,143.9,91.3,267.5
1854,18:31:34,12.0032,42.9734,245.2,393.8,29109,144.3,91.5,267.4
1857,18:31:37,12.0092,42.969,245.7,394.8,29124,144.6,91.6,267.4
1860,18:31:40,12.0153,42.9646,247.0,397.1,29161,145.0,91.8,267.3
1863,18:31:43,12.0213,42.9601,247.1,397.1,29146,145.1,91.9,267.3
1866,18:31:46,12.0274,42.9556,248.1,399.1,29183,145.0,92.1,267.2
1869,18:31:49,12.0335,42.9511,249.3,400.9,29168,145.0,92.2,267.2
1872,18:31:52,12.0396,42.9466,249.4,401.4,29213,145.0,92.4,267.1
1875,18:31:55,12.0457,42.9421,251.2,404.4,29228,145.1,92.6,267.1
1878,18:31:58,12.0518,42.9375,252.5,406.6,29243,145.3,92.8,267.0
1881,18:32:01,12.058,42.9329,253.4,408.1,29257,145.1,92.9,267.0
1884,18:32:04,12.0641,42.9283,254.8,410.4,29257,145.5,93.1,266.9
1887,18:32:07,12.0703,42.9236,256.3,412.8,29257,145.4,93.2,266.9
1890,18:32:10,12.0765,42.919,257.3,414.3,29257,145.3,93.4,266.8
1893,18:32:13,12.0828,42.9143,258.4,416.0,29243,145.5,93.5,266.8
1896,18:32:16,12.089,42.9096,260.3,419.0,29228,145.4,93.6,266.7
1899,18:32:19,12.0953,42.9048,262.0,421.7,29213,145.5,93.8,266.7
1902,18:32:22,12.1016,42.9,262.8,422.9,29213,145.7,93.9,266.6
1905,18:32:25,12.1078,42.8952,264.5,425.7,29228,146.1,94.1,266.6
1908,18:32:28,12.1141,42.8903,265.7,427.6,29228,146.6,94.3,266.5
1911,18:32:31,12.1203,42.8854,266.9,429.5,29228,146.6,94.4,266.4
1914,18:32:34,12.1265,42.8805,267.1,429.9,29228,147.0,94.6,266.4
1917,18:32:37,12.1327,42.8755,267.9,431.3,29243,147.4,94.8,266.3
1920,18:32:40,12.1389,42.8706,269.6,434.0,29243,147.3,94.9,266.3
1923,18:32:43,12.1451,42.8656,269.4,433.8,29243,147.3,95.1,266.2
1926,18:32:46,12.1514,42.8605,271.2,436.5,29243,147.3,95.3,266.2
1929,18:32:49,12.1576,42.8555,272.6,439.0,29257,147.5,95.4,266.1
1932,18:32:52,12.1639,42.8504,274.2,441.6,29272,147.5,95.6,266.1
1935,18:32:55,12.1702,42.8453,274.4,442.2,29287,147.5,95.8,266.0
1938,18:32:58,12.1764,42.8402,275.6,444.1,29287,148.2,96.0,265.9
1941,18:33:01,12.1826,42.835,276.6,445.6,29287,148.9,96.1,265.9
1944,18:33:04,12.1885,42.8297,276.7,445.7,29287,150.8,96.3,265.8
1947,18:33:07,12.1943,42.8243,277.3,446.8,29287,151.9,96.5,265.8
1950,18:33:10,12.1999,42.8188,278.3,448.4,29287,153.2,96.7,265.7
1953,18:33:13,12.2055,42.8133,278.4,448.4,29280,153.8,96.8,265.7
1956,18:33:16,12.2107,42.8077,279.6,450.4,29272,156.5,97.0,265.6
1959,18:33:19,12.2158,42.802,280.7,452.3,29287,157.6,97.2,265.5
1962,18:33:22,12.2207,42.7962,281.6,453.7,29287,158.4,97.4,265.5
1965,18:33:25,12.2257,42.7904,282.9,455.8,29287,158.9,97.6,265.4
1968,18:33:28,12.2306,42.7846,283.5,456.8,29287,159.0,97.8,265.4
1971,18:33:31,12.2355,42.7788,285.6,460.0,29272,159.3,98.0,265.3
1974,18:33:34,12.2404,42.7729,287.0,462.2,29272,159.3,98.1,265.2
1977,18:33:37,12.2453,42.7669,287.7,463.2,29257,159.4,98.3,265.2
1980,18:33:40,12.2502,42.761,288.3,464.1,29257,159.7,98.5,265.1
1983,18:33:43,12.2551,42.7551,289.0,465.2,29257,159.7,98.7,265.1
1986,18:33:46,12.26,42.7491,289.2,465.8,29272,159.8,98.9,265.0
1989,18:33:49,12.2648,42.7431,289.4,466.2,29287,160.3,99.1,264.9
1992,18:33:52,12.2696,42.7372,289.5,466.4,29302,160.7,99.3,264.9
1995,18:33:55,12.2742,42.7311,289.7,466.8,29302,161.9,99.5,264.8
1998,18:33:58,12.2787,42.7251,289.6,466.5,29302,162.4,99.7,264.7
2001,18:34:01,12.2831,42.719,288.7,465.0,29287,163.2,99.9,264.7
2004,18:34:04,12.2874,42.7129,287.7,463.6,29302,164.1,100.1,264.6
2007,18:34:07,12.2916,42.7069,287.8,463.7,29292,164.7,100.3,264.6
2010,18:34:10,12.2957,42.7008,287.8,463.6,29287,165.0,100.5,264.5
2013,18:34:13,12.2999,42.6947,287.7,463.4,29295,165.0,100.7,264.4
2016,18:34:16,12.304,42.6886,287.8,463.6,29287,165.3,100.9,264.4
2019,18:34:19,12.3081,42.6825,287.8,463.7,29302,165.0,101.1,264.3
2022,18:34:22,12.3123,42.6764,288.0,464.1,29317,165.0,101.3,264.2
2025,18:34:25,12.3167,42.6704,288.0,464.4,29346,163.2,101.5,264.2
2028,18:34:28,12.3213,42.6644,288.0,464.3,29332,161.7,101.7,264.1
2031,18:34:31,12.3263,42.6585,288.7,465.1,29302,159.5,101.9,264.1
2034,18:34:34,12.3316,42.6527,289.2,465.5,29257,157.5,102.0,264.0
2037,18:34:37,12.3373,42.647,289.7,466.5,29272,154.3,102.2,264.0
2040,18:34:40,12.3437,42.6416,289.6,466.3,29287,149.3,102.4,263.9
2043,18:34:43,12.3505,42.6364,289.0,465.6,29302,145.9,102.6,263.8
2046,18:34:46,12.3579,42.6315,289.0,465.9,29332,141.5,102.8,263.8
2049,18:34:49,12.3654,42.6266,288.7,465.4,29346,140.7,103.0,263.7
2052,18:34:52,12.3731,42.6219,288.4,465.0,29346,138.9,103.1,263.7
2055,18:34:55,12.3809,42.6173,288.0,464.5,29361,137.5,103.3,263.6
2058,18:34:58,12.3888,42.6127,287.7,463.8,29354,137.1,103.5,263.6
2061,18:35:01,12.3967,42.6082,287.6,463.5,29332,136.9,103.6,263.5
2064,18:35:04,12.4046,42.6037,288.2,464.2,29302,136.7,103.8,263.5
2067,18:35:07,12.4125,42.5991,288.7,464.9,29287,136.8,103.9,263.4
2070,18:35:10,12.4205,42.5946,288.9,465.2,29287,136.7,104.1,263.4
2073,18:35:13,12.4284,42.5901,288.5,464.6,29287,136.7,104.2,263.3
2076,18:35:16,12.4363,42.5855,288.4,464.4,29287,136.9,104.4,263.3
2079,18:35:19,12.4443,42.581,288.6,464.8,29287,136.6,104.5,263.2
2082,18:35:22,12.4523,42.5765,289.0,465.6,29302,136.7,104.7,263.2
2085,18:35:25,12.4602,42.5719,289.0,465.4,29287,136.7,104.9,263.1
2088,18:35:28,12.4681,42.5673,289.2,465.8,29302,137.5,105.0,263.1
2091,18:35:31,12.4758,42.5627,289.1,465.7,29302,138.7,105.2,263.0
2094,18:35:34,12.4835,42.5579,289.2,465.8,29302,139.7,105.3,263.0
2097,18:35:37,12.491,42.5531,289.2,466.1,29332,140.6,105.5,262.9
2100,18:35:40,12.4984,42.5482,289.1,465.7,29309,141.7,105.7,262.9
2103,18:35:43,12.5057,42.5433,289.4,466.2,29317,142.2,105.8,262.8
2106,18:35:46,12.5131,42.5383,289.9,466.9,29295,142.2,106.0,262.8
2109,18:35:49,12.5204,42.5334,289.6,466.2,29280,142.4,106.1,262.7
2112,18:35:52,12.5277,42.5284,288.9,465.0,29272,142.6,106.3,262.7
2115,18:35:55,12.535,42.5235,289.0,465.4,29287,142.7,106.5,262.6
2118,18:35:58,12.5422,42.5185,289.5,466.1,29287,142.8,106.6,262.6
2121,18:36:01,12.5495,42.5135,289.7,466.4,29272,142.9,106.8,262.5
2124,18:36:04,12.5568,42.5086,289.6,466.1,29272,142.7,107.0,262.5
2127,18:36:07,12.5641,42.5036,290.2,467.2,29272,142.6,107.1,262.4
2130,18:36:10,12.5714,42.4987,290.1,466.8,29257,142.6,107.3,262.4
2133,18:36:13,12.5787,42.4937,290.4,467.3,29250,142.9,107.4,262.3
2136,18:36:16,12.586,42.4887,290.4,467.3,29257,143.2,107.6,262.3
2139,18:36:19,12.5933,42.4837,290.8,467.9,29257,143.0,107.7,262.3
2142,18:36:22,12.6006,42.4787,291.4,469.1,29272,143.2,107.9,262.2
2145,18:36:25,12.6079,42.4737,291.5,469.4,29287,142.7,108.1,262.1
2148,18:36:28,12.6152,42.4687,291.3,468.8,29272,143.0,108.2,262.1
2151,18:36:31,12.6225,42.4637,291.3,468.9,29280,143.0,108.4,262.1
2154,18:36:34,12.6299,42.4587,291.6,469.6,29302,143.0,108.5,262.0
2157,18:36:37,12.6372,42.4537,291.8,469.9,29302,143.0,108.7,262.0
2160,18:36:40,12.6445,42.4487,292.1,470.4,29295,143.0,108.8,261.9
2163,18:36:43,12.6518,42.4437,292.3,470.6,29287,143.1,109.0,261.9
2166,18:36:46,12.6592,42.4387,292.3,470.6,29287,143.1,109.1,261.8
2169,18:36:49,12.6665,42.4337,292.6,471.1,29287,143.0,109.3,261.8
2172,18:36:52,12.6739,42.4286,293.2,471.8,29272,143.0,109.5,261.7
2175,18:36:55,12.6812,42.4236,293.2,471.9,29287,143.0,109.6,261.7
2178,18:36:58,12.6886,42.4186,292.3,470.6,29287,143.0,109.8,261.6
2181,18:37:01,12.6959,42.4136,291.6,469.5,29287,143.0,109.9,261.6
2184,18:37:04,12.7032,42.4086,291.4,469.2,29287,143.2,110.0,261.6
2187,18:37:07,12.7106,42.4037,291.4,469.0,29287,143.0,110.2,261.5
2190,18:37:10,12.7179,42.3987,291.4,469.2,29287,143.0,110.3,261.5
2193,18:37:13,12.7252,42.3937,291.4,469.1,29280,143.0,110.5,261.4
2196,18:37:16,12.7326,42.3887,291.5,469.0,29257,143.0,110.6,261.4
2199,18:37:19,12.7399,42.3838,291.8,469.5,29257,143.0,110.8,261.4
2202,18:37:22,12.7472,42.3788,292.1,470.0,29257,143.3,110.9,261.3
2205,18:37:25,12.7546,42.3737,292.8,471.1,29257,143.4,111.1,261.3
2208,18:37:28,12.7619,42.3687,293.2,471.7,29257,143.4,111.2,261.3
2211,18:37:31,12.7692,42.3637,293.2,471.7,29257,143.5,111.3,261.2
2214,18:37:34,12.7766,42.3587,293.2,471.8,29257,143.0,111.5,261.2
2217,18:37:37,12.784,42.3537,293.0,471.4,29257,143.0,111.6,261.1
2220,18:37:40,12.7914,42.3487,293.9,472.9,29272,143.0,111.7,261.1
2223,18:37:43,12.7987,42.3436,293.9,472.9,29280,143.5,111.9,261.1
2226,18:37:46,12.806,42.3386,294.5,474.0,29287,143.6,112.0,261.0
2229,18:37:49,12.8133,42.3335,294.5,474.2,29302,144.3,112.1,261.0
2232,18:37:52,12.8204,42.3283,294.9,474.9,29317,145.3,112.3,260.9
2235,18:37:55,12.8273,42.323,295.0,475.0,29317,147.2,112.4,260.9
2238,18:37:58,12.834,42.3176,294.9,474.8,29302,148.9,112.5,260.9
2241,18:38:01,12.8406,42.3122,294.9,474.7,29302,149.3,112.7,260.8
2244,18:38:04,12.847,42.3067,294.8,474.5,29287,150.9,112.8,260.8
2247,18:38:07,12.8533,42.3011,294.9,474.5,29272,151.8,112.9,260.8
2250,18:38:10,12.8596,42.2955,295.4,475.3,29272,152.2,113.1,260.7
2253,18:38:13,12.8657,42.2899,295.2,474.9,29257,152.7,113.2,260.7
2256,18:38:16,12.8718,42.2843,295.1,474.8,29272,153.1,113.3,260.7
2259,18:38:19,12.8779,42.2786,295.2,475.1,29287,153.2,113.5,260.6
2262,18:38:22,12.884,42.273,296.0,476.4,29287,153.2,113.6,260.6
2265,18:38:25,12.8901,42.2673,295.6,475.5,29265,153.4,113.7,260.6
2268,18:38:28,12.8962,42.2617,296.3,476.4,29243,153.4,113.9,260.6
2271,18:38:31,12.9023,42.256,296.4,476.7,29243,153.2,114.0,260.5
2274,18:38:34,12.9084,42.2504,296.0,476.1,29250,153.4,114.1,260.5
2277,18:38:37,12.9145,42.2447,295.2,475.0,29272,153.4,114.2,260.5
2280,18:38:40,12.9205,42.2391,294.7,474.2,29272,153.6,114.3,260.4
2283,18:38:43,12.9266,42.2335,293.6,472.4,29272,153.7,114.4,260.4
2286,18:38:46,12.9326,42.2279,293.3,471.8,29257,153.4,114.6,260.4
2289,18:38:49,12.9387,42.2223,293.9,472.5,29243,153.3,114.7,260.4
2292,18:38:52,12.9448,42.2167,294.4,473.1,29213,153.4,114.8,260.4
2295,18:38:55,12.9509,42.2111,294.7,473.5,29198,153.3,114.9,260.3
2298,18:38:58,12.957,42.2055,294.5,473.5,29228,153.3,115.0,260.3
2301,18:39:01,12.9631,42.1998,294.7,473.9,29243,153.4,115.1,260.3
2304,18:39:04,12.9692,42.1942,294.5,473.7,29257,153.3,115.2,260.2
2307,18:39:07,12.9752,42.1886,294.5,473.7,29257,153.5,115.3,260.2
2310,18:39:10,12.9813,42.183,294.5,473.7,29257,153.8,115.4,260.2
2313,18:39:13,12.9873,42.1774,294.5,473.7,29257,153.6,115.5,260.2
2316,18:39:16,12.9934,42.1717,294.5,473.7,29257,153.4,115.6,260.2
2319,18:39:19,12.9995,42.1661,294.5,473.7,29257,153.3,115.7,260.1
2322,18:39:22,13.0056,42.1605,294.0,473.0,29272,153.3,115.7,260.1
2325,18:39:25,13.0117,42.1549,293.9,472.9,29295,153.3,115.8,260.1
2328,18:39:28,13.0178,42.1494,293.7,472.4,29265,153.3,115.9,260.1
2331,18:39:31,13.0239,42.1438,292.6,470.7,29257,153.3,116.0,260.1
2334,18:39:34,13.03,42.1382,292.7,470.7,29250,153.5,116.1,260.1
2337,18:39:37,13.036,42.1326,293.7,472.4,29272,153.6,116.1,260.1
2340,18:39:40,13.0421,42.127,294.0,472.8,29243,153.6,116.1,260.1
2343,18:39:43,13.0481,42.1214,294.5,473.4,29243,153.6,116.1,260.1
2346,18:39:46,13.0542,42.1158,294.9,474.3,29265,153.8,116.0,260.0
2349,18:39:49,13.0602,42.1101,295.2,474.9,29272,153.8,116.0,260.0
2352,18:39:52,13.0662,42.1045,296.0,476.2,29272,153.9,116.0,260.0
2355,18:39:55,13.0722,42.0988,296.9,477.7,29272,154.2,116.0,260.0
2358,18:39:58,13.0782,42.0931,296.9,477.5,29265,154.5,116.0,260.0
2361,18:40:01,13.0841,42.0873,296.7,477.3,29272,154.7,116.0,260.0
2364,18:40:04,13.0901,42.0816,296.6,477.1,29272,154.6,116.0,260.0
2367,18:40:07,13.096,42.0759,296.3,476.6,29272,154.8,115.9,260.0
2370,18:40:10,13.1019,42.0702,296.0,476.2,29272,154.7,115.9,260.0
2373,18:40:13,13.1078,42.0645,295.2,475.1,29287,154.7,115.9,260.0
2376,18:40:16,13.1137,42.0588,294.5,473.9,29287,154.9,115.9,259.9
2379,18:40:19,13.1196,42.0532,294.1,473.4,29302,154.9,115.9,259.9
2382,18:40:22,13.1254,42.0475,293.4,472.3,29302,154.9,115.8,259.9
2385,18:40:25,13.1312,42.0418,293.2,471.9,29302,155.2,115.8,259.9
2388,18:40:28,13.137,42.0362,292.6,471.0,29302,155.3,115.8,259.9
2391,18:40:31,13.1429,42.0305,292.7,471.0,29287,155.0,115.8,259.9
2394,18:40:34,13.1487,42.0249,293.2,471.9,29302,155.3,115.7,259.9
2397,18:40:37,13.1545,42.0192,293.2,471.7,29287,155.5,115.7,259.8
2400,18:40:40,13.1598,42.0134,293.2,471.8,29295,158.4,115.7,259.8
2403,18:40:43,13.165,42.0075,292.8,471.3,29302,159.8,115.7,259.8
2406,18:40:46,13.1693,42.0014,293.3,472.1,29295,165.3,115.6,259.8
2409,18:40:49,13.1733,41.9953,294.7,474.1,29272,167.9,115.6,259.8
2412,18:40:52,13.1761,41.989,294.8,474.1,29257,175.5,115.6,259.8
2415,18:40:55,13.1785,41.9827,295.4,475.0,29243,178.2,115.6,259.8
2418,18:40:58,13.1805,41.9764,295.4,475.1,29265,180.5,115.6,259.7
2421,18:41:01,13.1826,41.9701,295.5,475.0,29235,180.6,115.6,259.7
2424,18:41:04,13.1844,41.9637,295.7,475.5,29243,182.1,115.5,259.7
2427,18:41:07,13.186,41.9574,295.7,475.5,29257,183.1,115.5,259.7
2430,18:41:10,13.1874,41.9511,295.6,475.2,29243,184.5,115.5,259.7
2433,18:41:13,13.1888,41.9449,294.8,474.1,29265,184.6,115.4,259.7
2436,18:41:16,13.1901,41.9386,293.9,473.0,29302,185.5,115.4,259.6
2439,18:41:19,13.1913,41.9324,293.5,472.7,29339,185.8,115.3,259.6
2442,18:41:22,13.1925,41.9261,292.0,470.4,29346,186.0,115.3,259.6
2445,18:41:25,13.1937,41.92,291.3,469.2,29346,186.3,115.3,259.5
2448,18:41:28,13.1948,41.9138,291.4,469.4,29346,186.4,115.2,259.5
2451,18:41:31,13.1959,41.9076,291.0,468.7,29346,186.9,115.2,259.5
2454,18:41:34,13.1968,41.9014,290.9,468.6,29346,188.1,115.2,259.5
2457,18:41:37,13.1976,41.8953,291.4,469.6,29361,188.5,115.2,259.5
2460,18:41:40,13.1982,41.8891,291.9,470.1,29339,189.6,115.1,259.5
2463,18:41:43,13.1989,41.883,292.0,470.0,29317,189.4,115.1,259.5
2466,18:41:46,13.1997,41.8768,292.0,470.0,29317,188.9,115.1,259.4
2469,18:41:49,13.2003,41.8707,291.9,469.9,29317,189.4,115.0,259.4
2472,18:41:52,13.201,41.8645,292.3,470.4,29302,189.4,115.0,259.4
2475,18:41:55,13.2017,41.8584,292.5,470.6,29287,189.5,115.0,259.4
2478,18:41:58,13.2023,41.8522,293.2,472.0,29302,189.4,115.0,259.4
2481,18:42:01,13.203,41.846,293.1,471.7,29309,189.6,114.9,259.4
2484,18:42:04,13.2036,41.8399,292.8,471.4,29317,189.7,114.9,259.3
2487,18:42:07,13.2043,41.8337,292.4,470.7,29317,189.1,114.8,259.3
2490,18:42:10,13.205,41.8275,292.6,471.1,29317,189.0,114.8,259.3
2493,18:42:13,13.2057,41.8214,292.5,470.8,29317,189.2,114.8,259.3
2496,18:42:16,13.2063,41.8152,292.3,470.4,29302,189.9,114.7,259.3
2499,18:42:19,13.207,41.8091,291.8,469.5,29287,189.4,114.7,259.2
2502,18:42:22,13.2076,41.803,291.3,468.6,29287,189.5,114.7,259.2
2505,18:42:25,13.2084,41.7968,291.1,468.4,29295,188.9,114.6,259.2
2508,18:42:28,13.2091,41.7907,291.6,469.2,29287,189.2,114.6,259.2
2511,18:42:31,13.2097,41.7846,290.9,468.2,29302,189.6,114.6,259.2
2514,18:42:34,13.2103,41.7785,290.8,467.8,29280,189.8,114.5,259.2
2517,18:42:37,13.2109,41.7724,290.9,468.1,29287,190.1,114.5,259.1
2520,18:42:40,13.2114,41.7662,291.9,469.5,29280,190.2,114.4,259.1
2523,18:42:43,13.212,41.7601,292.4,470.4,29287,189.9,114.4,259.1
2526,18:42:46,13.2126,41.754,292.5,470.5,29280,189.6,114.4,259.1
2529,18:42:49,13.2134,41.7478,293.3,471.7,29257,188.9,114.3,259.1
2532,18:42:52,13.2141,41.7416,294.0,473.0,29280,189.0,114.3,259.0
2535,18:42:55,13.2147,41.7354,294.4,473.7,29302,189.8,114.2,259.0
2538,18:42:58,13.2152,41.7292,294.2,473.5,29302,189.9,114.2,259.0
2541,18:43:01,13.2157,41.7231,293.5,472.5,29317,190.6,114.1,258.9
2544,18:43:04,13.2162,41.7169,293.3,472.2,29317,190.1,114.1,258.9
2547,18:43:07,13.2166,41.7108,292.9,471.4,29302,191.0,114.1,258.9
2550,18:43:10,13.217,41.7047,292.8,471.2,29302,191.2,114.0,258.9
2553,18:43:13,13.2175,41.6986,292.8,471.2,29302,190.8,114.0,258.9
2556,18:43:16,13.2179,41.6924,292.8,471.2,29302,190.6,113.9,258.8
2559,18:43:19,13.2184,41.6863,292.9,471.5,29317,190.5,113.9,258.8
2562,18:43:22,13.2188,41.6802,293.2,471.9,29317,190.7,113.8,258.8
2565,18:43:25,13.2193,41.674,292.8,471.5,29339,190.8,113.8,258.7
2568,18:43:28,13.2195,41.668,291.9,470.0,29346,192.3,113.7,258.7
2571,18:43:31,13.2196,41.6619,291.2,468.9,29346,192.7,113.7,258.7
2574,18:43:34,13.2197,41.6559,289.7,466.5,29339,193.3,113.6,258.7
2577,18:43:37,13.2197,41.65,289.2,465.6,29332,194.1,113.6,258.7
2580,18:43:40,13.2196,41.644,289.3,465.8,29332,194.3,113.6,258.6
2583,18:43:43,13.2195,41.638,290.4,467.6,29332,194.3,113.5,258.6
2586,18:43:46,13.2194,41.632,290.8,468.0,29317,194.8,113.5,258.6
2589,18:43:49,13.2192,41.6261,290.9,468.2,29302,195.1,113.4,258.6
2592,18:43:52,13.2189,41.6201,290.9,468.0,29287,195.6,113.4,258.6
2595,18:43:55,13.2185,41.6142,291.1,468.3,29287,196.2,113.3,258.6
2598,18:43:58,13.2181,41.6083,291.0,468.2,29287,196.4,113.3,258.5
2601,18:44:01,13.2177,41.6023,291.3,468.5,29272,196.5,113.3,258.5
2604,18:44:04,13.2173,41.5964,291.4,468.6,29257,196.5,113.2,258.5
2607,18:44:07,13.2169,41.5905,291.2,468.0,29235,196.4,113.2,258.5
2610,18:44:10,13.2166,41.5845,291.7,468.7,29213,196.1,113.1,258.5
2613,18:44:13,13.2162,41.5786,291.4,468.1,29198,196.4,113.1,258.5
2616,18:44:16,13.2158,41.5726,292.4,469.8,29220,196.2,113.0,258.4
2619,18:44:19,13.2154,41.5667,292.8,470.8,29257,196.4,113.0,258.4
2622,18:44:22,13.215,41.5607,292.8,470.7,29243,196.5,112.9,258.4
2625,18:44:25,13.2145,41.5548,293.0,471.2,29267,196.7,112.9,258.3
2628,18:44:28,13.214,41.5488,292.6,470.7,29272,196.7,112.8,258.3
2631,18:44:31,13.2136,41.5429,293.0,471.3,29287,196.3,112.8,258.3
2634,18:44:34,13.2132,41.5369,293.2,471.6,29287,196.7,112.7,258.3
2637,18:44:37,13.2127,41.531,292.0,469.7,29287,196.9,112.7,258.2
2640,18:44:40,13.2121,41.5251,290.5,467.5,29317,197.7,112.6,258.2
2643,18:44:43,13.2115,41.5192,290.6,467.7,29317,197.6,112.6,258.2
2646,18:44:46,13.2109,41.5133,291.4,469.2,29339,197.5,112.5,258.2
2649,18:44:49,13.2104,41.5074,292.9,471.7,29346,197.1,112.4,258.1
2652,18:44:52,13.2098,41.5014,293.5,472.6,29346,197.4,112.4,258.1
2655,18:44:55,13.2092,41.4955,294.7,474.8,29376,197.4,112.3,258.1
2658,18:44:58,13.2087,41.4895,294.5,474.5,29376,197.2,112.3,258.0
2661,18:45:01,13.2081,41.4835,294.2,474.0,29376,197.2,112.2,258.0
2664,18:45:04,13.2075,41.4776,294.1,473.8,29376,197.7,112.2,258.0
2667,18:45:07,13.2068,41.4717,294.0,473.7,29376,198.1,112.1,258.0
2670,18:45:10,13.2061,41.4657,293.9,473.4,29376,198.1,112.1,258.0
2673,18:45:13,13.2055,41.4598,293.9,473.4,29376,197.6,112.0,257.9
2676,18:45:16,13.2049,41.4538,293.9,473.7,29391,197.2,112.0,257.9
2679,18:45:19,13.2042,41.4479,294.2,473.9,29369,198.0,111.9,257.9
2682,18:45:22,13.2035,41.4419,294.5,474.5,29376,198.1,111.9,257.9
2685,18:45:25,13.2024,41.4361,294.5,474.4,29369,201.0,111.8,257.8
2688,18:45:28,13.2012,41.4303,294.4,474.0,29354,201.7,111.8,257.8
2691,18:45:31,13.1995,41.4247,294.0,473.4,29346,205.1,111.7,257.8
2694,18:45:34,13.1975,41.4192,293.5,472.2,29302,207.1,111.7,257.8
2697,18:45:37,13.1948,41.414,293.3,471.7,29272,213.0,111.6,257.8
2700,18:45:40,13.192,41.4089,293.2,471.4,29265,213.6,111.6,257.8
2703,18:45:43,13.189,41.4038,293.8,472.3,29257,214.7,111.5,257.8
2706,18:45:46,13.1861,41.3988,293.7,472.1,29257,214.9,111.5,257.8
2709,18:45:49,13.1831,41.3937,293.3,471.6,29265,214.4,111.4,257.7
2712,18:45:52,13.1802,41.3886,292.8,471.0,29287,214.4,111.4,257.7
2715,18:45:55,13.1773,41.3835,293.6,472.1,29272,214.4,111.4,257.7
2718,18:45:58,13.1744,41.3785,293.2,471.6,29295,214.6,111.3,257.7
2721,18:46:01,13.1715,41.3734,292.8,471.0,29287,214.7,111.3,257.7
2724,18:46:04,13.1684,41.3684,292.6,470.9,29317,215.7,111.2,257.6
2727,18:46:07,13.1653,41.3635,292.5,470.8,29332,216.2,111.2,257.6
2730,18:46:10,13.1624,41.3584,292.1,470.3,29339,214.1,111.1,257.6
2733,18:46:13,13.1594,41.3534,292.0,470.3,29361,215.0,111.0,257.6
2736,18:46:16,13.1566,41.3483,291.5,469.5,29361,213.8,111.0,257.6
2739,18:46:19,13.1538,41.3432,292.0,470.2,29361,213.8,111.0,257.5
2742,18:46:22,13.1508,41.3382,292.3,470.6,29346,215.3,110.9,257.5
2745,18:46:25,13.1477,41.3332,292.6,470.9,29332,215.4,110.9,257.5
2748,18:46:28,13.1448,41.3282,292.3,470.5,29332,215.0,110.8,257.5
2751,18:46:31,13.1418,41.3231,292.1,470.2,29332,214.9,110.8,257.5
2754,18:46:34,13.139,41.3181,290.9,468.3,29332,213.7,110.7,257.5
2757,18:46:37,13.1361,41.313,290.1,467.1,29361,214.6,110.7,257.5
2760,18:46:40,13.1331,41.3081,289.7,466.6,29361,215.9,110.6,257.4
2763,18:46:43,13.13,41.3032,289.9,466.6,29332,216.1,110.6,257.4
2766,18:46:46,13.127,41.2983,289.6,465.8,29287,215.8,110.5,257.4
2769,18:46:49,13.124,41.2933,290.8,467.4,29257,215.0,110.5,257.4
2772,18:46:52,13.121,41.2883,292.5,469.7,29205,214.9,110.5,257.4
2775,18:46:55,13.1181,41.2833,292.5,469.2,29139,214.9,110.5,257.5
2778,18:46:58,13.1151,41.2782,294.9,472.9,29124,214.9,110.4,257.4
2781,18:47:01,13.112,41.2731,296.7,475.8,29116,214.9,110.4,257.4
2784,18:47:04,13.109,41.268,297.9,477.3,29072,214.9,110.3,257.4
2787,18:47:07,13.1059,41.2629,299.2,479.3,29064,215.1,110.3,257.4
2790,18:47:10,13.1028,41.2578,300.2,481.0,29072,214.9,110.2,257.4
2793,18:47:13,13.0997,41.2526,301.6,482.6,28998,214.9,110.2,257.4
2796,18:47:16,13.0966,41.2474,302.4,483.4,28946,215.1,110.2,257.4
2799,18:47:19,13.0934,41.2423,302.9,484.0,28916,215.1,110.2,257.4
2802,18:47:22,13.0903,41.2371,303.6,485.0,28886,215.1,110.1,257.4
2805,18:47:25,13.0872,41.2319,304.3,485.6,28842,214.9,110.1,257.4
2808,18:47:28,13.084,41.2267,304.3,485.3,28782,214.9,110.1,257.4
2811,18:47:31,13.0809,41.2215,304.9,486.0,28767,214.9,110.0,257.4
2814,18:47:34,13.0778,41.2163,305.0,485.9,28723,214.7,110.0,257.4
2817,18:47:37,13.0748,41.2109,305.4,486.1,28686,213.5,110.0,257.4
2820,18:47:40,13.0719,41.2056,305.7,486.4,28648,212.9,110.0,257.4
2823,18:47:43,13.0691,41.2002,306.2,487.1,28634,212.4,109.9,257.4
2826,18:47:46,13.0664,41.1948,306.4,487.1,28611,211.8,109.9,257.4
2829,18:47:49,13.0637,41.1893,307.2,488.1,28574,211.0,109.8,257.4
2832,18:47:52,13.061,41.1838,307.6,488.4,28530,211.1,109.8,257.4
2835,18:47:55,13.0584,41.1784,308.2,488.8,28463,211.0,109.8,257.4
2838,18:47:58,13.0557,41.1728,309.3,490.4,28441,211.0,109.8,257.4
2841,18:48:01,13.053,41.1673,309.8,490.9,28396,211.0,109.7,257.4
2844,18:48:04,13.0504,41.1618,310.4,491.4,28352,211.0,109.7,257.4
2847,18:48:07,13.0477,41.1563,311.3,492.7,28337,211.0,109.7,257.4
2850,18:48:10,13.045,41.1507,311.4,492.6,28314,211.0,109.6,257.3
2853,18:48:13,13.0423,41.1452,311.9,493.1,28277,211.0,109.6,257.3
2856,18:48:16,13.0396,41.1396,312.4,493.6,28233,210.9,109.6,257.3
2859,18:48:19,13.0369,41.1341,312.4,493.5,28218,210.6,109.5,257.3
2862,18:48:22,13.0344,41.1285,312.6,493.5,28188,210.1,109.5,257.3
2865,18:48:25,13.0319,41.1228,312.4,493.0,28158,209.5,109.5,257.3
2868,18:48:28,13.0293,41.1172,313.3,493.9,28106,210.1,109.4,257.3
2871,18:48:31,13.0266,41.1116,314.1,495.2,28092,210.6,109.4,257.3
2874,18:48:34,13.0239,41.1061,314.1,494.9,28054,210.6,109.4,257.3
2877,18:48:37,13.0212,41.1005,315.0,496.0,28025,210.6,109.3,257.3
2880,18:48:40,13.0185,41.0948,316.1,497.4,27980,210.6,109.3,257.3
2883,18:48:43,13.0159,41.0892,316.0,496.9,27936,210.4,109.3,257.3
2886,18:48:46,13.0132,41.0836,316.5,497.2,27876,210.6,109.3,257.3
2889,18:48:49,13.0105,41.078,316.9,497.3,27817,210.4,109.3,257.3
2892,18:48:52,13.0078,41.0724,317.3,497.5,27765,210.6,109.2,257.3
2895,18:48:55,13.0052,41.0667,317.7,497.7,27705,210.4,109.2,257.3
2898,18:48:58,13.0025,41.0611,318.3,498.2,27668,210.5,109.2,257.2
2901,18:49:01,12.9998,41.0555,318.9,498.9,27639,210.6,109.2,257.2
2904,18:49:04,12.9971,41.0498,319.1,498.9,27587,210.3,109.2,257.2
2907,18:49:07,12.9944,41.0442,319.1,498.6,27550,210.5,109.1,257.2
2910,18:49:10,12.9918,41.0385,319.6,499.0,27520,210.2,109.1,257.2
2913,18:49:13,12.9891,41.0329,320.0,499.5,27490,210.0,109.0,257.2
2916,18:49:16,12.9865,41.0272,320.3,499.7,27446,209.6,109.0,257.2
2919,18:49:19,12.9842,41.0214,320.8,499.9,27394,208.2,109.0,257.2
2922,18:49:22,12.9818,41.0156,320.8,499.9,27371,207.7,109.0,257.2
2925,18:49:25,12.9796,41.0097,321.0,499.8,27327,207.5,108.9,257.2
2928,18:49:28,12.9774,41.0039,321.3,499.9,27290,206.7,108.9,257.1
2931,18:49:31,12.9752,40.998,321.7,500.1,27238,206.8,108.9,257.1
2934,18:49:34,12.973,40.9921,321.7,499.6,27178,206.6,108.8,257.1
2937,18:49:37,12.9709,40.9863,321.6,499.2,27141,206.6,108.8,257.1
2940,18:49:40,12.9687,40.9804,321.5,498.5,27067,206.8,108.8,257.1
2943,18:49:43,12.9665,40.9746,321.4,498.2,27059,206.6,108.7,257.1
2946,18:49:46,12.9644,40.9687,321.4,498.1,27052,206.6,108.7,257.1
2949,18:49:49,12.9622,40.9629,321.6,498.0,26985,206.6,108.7,257.1
2952,18:49:52,12.9601,40.957,321.9,497.5,26881,206.5,108.7,257.1
2955,18:49:55,12.958,40.9512,321.5,496.8,26852,206.7,108.6,257.1
2958,18:49:58,12.9558,40.9454,321.7,496.5,26785,206.6,108.6,257.1
2961,18:50:01,12.9537,40.9395,321.7,496.0,26725,206.5,108.6,257.1
2964,18:50:04,12.9516,40.9337,321.5,495.3,26658,206.6,108.5,257.1
2967,18:50:07,12.9495,40.9279,321.7,495.2,26614,206.1,108.5,257.1
2970,18:50:10,12.9476,40.922,321.8,495.1,26584,205.4,108.4,257.1
2973,18:50:13,12.9458,40.9161,321.5,494.0,26502,204.4,108.4,257.1
2976,18:50:16,12.944,40.9101,321.6,493.8,26458,203.8,108.4,257.1
2979,18:50:19,12.9426,40.9041,321.7,493.9,26450,202.1,108.3,257.0
2982,18:50:22,12.9414,40.898,321.9,494.1,26443,200.3,108.2,257.0
2985,18:50:25,12.9404,40.8918,322.0,493.6,26354,198.7,108.2,257.0
2988,18:50:28,12.9396,40.8857,322.2,493.5,26302,197.9,108.1,257.0
2991,18:50:31,12.9387,40.8795,322.4,493.4,26257,197.7,108.1,257.0
2994,18:50:34,12.9381,40.8732,322.6,493.4,26228,196.4,108.0,257.0
2997,18:50:37,12.9376,40.8669,322.9,493.8,26213,195.6,107.9,256.9
3000,18:50:40,12.9371,40.8607,323.2,494.0,26168,195.4,107.8,256.9
3003,18:50:43,12.9367,40.8544,322.9,493.2,26131,195.2,107.8,256.9
3006,18:50:46,12.9363,40.8481,323.2,493.3,26102,195.0,107.7,256.9
3009,18:50:49,12.9358,40.8418,323.4,493.6,26079,195.4,107.6,256.8
3012,18:50:52,12.9353,40.8356,323.2,493.0,26035,195.7,107.6,256.8
3015,18:50:55,12.9348,40.8293,322.9,492.3,26020,195.7,107.5,256.8
3018,18:50:58,12.9342,40.8231,322.7,491.8,25983,195.9,107.4,256.8
3021,18:51:01,12.9336,40.8169,322.6,491.4,25975,195.9,107.3,256.7
3024,18:51:04,12.9332,40.8106,322.6,491.1,25931,195.4,107.2,256.7
3027,18:51:07,12.9327,40.8044,322.6,490.6,25871,195.2,107.2,256.7
3030,18:51:10,12.9323,40.7982,322.2,489.2,25752,195.4,107.1,256.7
3033,18:51:13,12.9318,40.792,321.9,488.7,25752,195.3,107.0,256.7
3036,18:51:16,12.9314,40.7858,321.4,487.8,25745,195.1,106.9,256.7
3039,18:51:19,12.9309,40.7796,320.8,486.1,25649,195.6,106.8,256.7
3042,18:51:22,12.9304,40.7735,321.0,486.2,25604,195.7,106.7,256.7
3045,18:51:25,12.9299,40.7673,320.9,486.0,25589,195.6,106.6,256.6
3048,18:51:28,12.9294,40.7611,320.8,485.7,25574,195.6,106.6,256.6
3051,18:51:31,12.9289,40.755,321.0,485.7,25545,195.7,106.5,256.6
3054,18:51:34,12.9284,40.7488,320.7,485.1,25530,195.3,106.4,256.5
3057,18:51:37,12.928,40.7427,320.8,485.0,25500,195.4,106.3,256.5
3060,18:51:40,12.9276,40.7365,320.5,484.3,25463,194.8,106.2,256.5
3063,18:51:43,12.9272,40.7303,320.3,483.6,25403,194.8,106.1,256.5
3066,18:51:46,12.9269,40.7242,320.2,483.4,25411,194.7,106.0,256.4
3069,18:51:49,12.9266,40.7181,319.3,482.0,25396,194.5,105.9,256.4
3072,18:51:52,12.9262,40.7119,318.9,481.1,25352,194.5,105.8,256.4
3075,18:51:55,12.9259,40.7058,318.8,481.0,25366,194.5,105.8,256.4
3078,18:51:58,12.9256,40.6997,318.4,480.3,25352,194.5,105.7,256.3
3081,18:52:01,12.9252,40.6936,318.1,480.0,25381,194.8,105.6,256.3
3084,18:52:04,12.9249,40.6875,318.1,480.3,25411,194.5,105.5,256.2
3087,18:52:07,12.9246,40.6814,317.7,479.7,25426,194.5,105.5,256.2
3090,18:52:10,12.9243,40.6753,317.2,479.1,25426,194.5,105.4,256.1
3093,18:52:13,12.9239,40.6692,316.9,478.8,25455,194.7,105.3,256.1
3096,18:52:16,12.9236,40.6631,316.7,478.5,25455,194.8,105.2,256.0
3099,18:52:19,12.9232,40.657,317.1,479.3,25470,194.7,105.2,256.0
3102,18:52:22,12.9229,40.6509,317.7,480.1,25463,194.1,105.1,256.0
3105,18:52:25,12.9227,40.6448,318.3,481.0,25470,193.4,105.0,255.9
3108,18:52:28,12.9226,40.6386,318.4,481.4,25485,193.2,104.9,255.9
3111,18:52:31,12.9225,40.6324,318.3,481.2,25500,192.9,104.9,255.8
3114,18:52:34,12.9225,40.6262,318.5,481.7,25515,192.0,104.8,255.8
3117,18:52:37,12.9227,40.62,318.3,481.3,25515,191.1,104.7,255.7
3120,18:52:40,12.9228,40.6138,318.6,481.9,25522,191.4,104.6,255.7
3123,18:52:43,12.9229,40.6076,319.1,482.6,25507,191.1,104.5,255.7
3126,18:52:46,12.9231,40.6014,319.3,482.8,25500,190.7,104.5,255.6
3129,18:52:49,12.9233,40.5951,319.5,482.9,25485,190.9,104.4,255.6
3132,18:52:52,12.9235,40.5889,319.2,482.6,25500,190.7,104.3,255.5
3135,18:52:55,12.9237,40.5827,319.9,483.4,25463,191.1,104.2,255.5
3138,18:52:58,12.9238,40.5765,319.8,483.2,25455,191.3,104.1,255.5
3141,18:53:01,12.9239,40.5702,319.6,483.0,25463,191.1,104.0,255.4
3144,18:53:04,12.924,40.564,319.5,482.7,25455,191.3,104.0,255.4
3147,18:53:07,12.9242,40.5578,319.5,482.6,25448,191.3,103.9,255.4
3150,18:53:10,12.9243,40.5516,319.3,482.4,25455,191.3,103.8,255.3
3153,18:53:13,12.9244,40.5454,319.2,482.3,25463,191.3,103.7,255.3
3156,18:53:16,12.9245,40.5392,319.6,482.8,25441,191.3,103.6,255.3
3159,18:53:19,12.9246,40.533,319.6,482.9,25455,191.1,103.6,255.2
3162,18:53:22,12.9247,40.5267,320.6,484.4,25455,191.3,103.5,255.2
3165,18:53:25,12.9248,40.5205,320.2,483.8,25448,191.0,103.4,255.1
3168,18:53:28,12.925,40.5142,321.4,485.5,25455,191.1,103.3,255.1
3171,18:53:31,12.9251,40.508,321.5,485.8,25455,191.3,103.3,255.1
3174,18:53:34,12.9252,40.5017,321.4,485.7,25455,191.2,103.2,255.0
3177,18:53:37,12.9253,40.4955,321.2,485.3,25455,191.1,103.1,255.0
3180,18:53:40,12.9254,40.4893,321.1,485.1,25455,191.3,103.0,254.9
3183,18:53:43,12.9255,40.483,320.5,484.2,25455,191.2,102.9,254.9
3186,18:53:46,12.9256,40.4768,320.2,484.1,25485,191.1,102.9,254.9
3189,18:53:49,12.9257,40.4706,320.5,484.6,25500,191.1,102.8,254.8
3192,18:53:52,12.9258,40.4643,320.2,484.2,25515,191.2,102.7,254.8
3195,18:53:55,12.9259,40.4581,318.8,482.0,25507,191.3,102.7,254.7
3198,18:53:58,12.926,40.4519,318.8,482.0,25500,191.1,102.6,254.7
3201,18:54:01,12.9261,40.4458,317.9,480.7,25500,191.3,102.5,254.7
3204,18:54:04,12.9261,40.4396,318.3,481.1,25485,191.5,102.4,254.6
3207,18:54:07,12.9262,40.4334,318.4,481.3,25478,191.3,102.4,254.6
3210,18:54:10,12.9263,40.4272,318.6,481.5,25470,191.1,102.3,254.6
3213,18:54:13,12.9264,40.421,319.5,482.5,25441,191.3,102.2,254.5
3216,18:54:16,12.9265,40.4148,320.0,483.1,25411,191.1,102.1,254.5
3219,18:54:19,12.9266,40.4086,320.3,483.4,25381,191.1,102.0,254.5
3222,18:54:22,12.9267,40.4024,320.4,483.5,25381,191.1,101.9,254.4
3225,18:54:25,12.9268,40.3962,320.2,483.2,25381,191.1,101.8,254.4
3228,18:54:28,12.9269,40.39,319.6,482.5,25403,191.1,101.8,254.4
3231,18:54:31,12.9269,40.3838,319.7,482.9,25441,191.3,101.7,254.3
3234,18:54:34,12.927,40.3776,318.5,481.1,25441,191.0,101.7,254.3
3237,18:54:37,12.9271,40.3714,318.1,480.6,25455,191.1,101.6,254.2
3240,18:54:40,12.9272,40.3653,317.7,480.1,25463,191.1,101.5,254.2
3243,18:54:43,12.9273,40.3591,317.3,479.4,25455,191.1,101.4,254.1
3246,18:54:46,12.9274,40.353,317.0,478.9,25463,191.1,101.4,254.1
3249,18:54:49,12.9275,40.3468,317.1,479.1,25470,191.1,101.3,254.1
3252,18:54:52,12.9276,40.3407,317.1,479.1,25470,191.0,101.2,254.0
3255,18:54:55,12.9277,40.3345,317.1,479.1,25470,191.1,101.2,254.0
3258,18:54:58,12.9278,40.3284,317.2,479.4,25470,190.9,101.1,254.0
3261,18:55:01,12.9279,40.3222,317.7,480.1,25485,191.0,101.0,253.9
3264,18:55:04,12.928,40.3161,317.3,479.6,25485,191.1,101.0,253.9
3267,18:55:07,12.9281,40.3099,317.2,479.5,25485,191.1,100.9,253.8
3270,18:55:10,12.9282,40.3038,317.1,479.3,25500,191.3,100.8,253.8
3273,18:55:13,12.9282,40.2976,316.9,479.1,25500,191.3,100.8,253.8
3276,18:55:16,12.9283,40.2915,316.9,479.1,25500,191.3,100.7,253.7
3279,18:55:19,12.9283,40.2853,316.9,479.0,25485,191.2,100.6,253.7
3282,18:55:22,12.9284,40.2792,317.0,479.1,25485,191.1,100.5,253.7
3285,18:55:25,12.9285,40.2731,317.1,479.2,25485,190.9,100.5,253.6
3288,18:55:28,12.9286,40.2669,317.4,479.6,25470,190.7,100.4,253.6
3291,18:55:31,12.9288,40.2607,317.6,479.7,25441,190.7,100.3,253.6
3294,18:55:34,12.9288,40.2546,317.9,480.2,25441,191.1,100.2,253.5
3297,18:55:37,12.9289,40.2484,318.1,480.4,25441,191.3,100.2,253.5
3300,18:55:40,12.9289,40.2423,318.3,480.6,25426,191.3,100.1,253.5
3303,18:55:43,12.9291,40.2361,317.7,479.8,25426,190.6,100.0,253.4
3306,18:55:46,12.9294,40.2299,317.6,479.5,25426,188.9,99.9,253.4
3309,18:55:49,12.9297,40.2238,316.9,478.5,25426,189.9,99.9,253.4
3312,18:55:52,12.9302,40.2176,317.1,478.8,25426,188.2,99.8,253.3
3315,18:55:55,12.9309,40.2114,316.9,478.5,25426,186.8,99.7,253.3
3318,18:55:58,12.9316,40.2052,316.9,478.5,25426,186.4,99.7,253.2
3321,18:56:01,12.9324,40.199,317.0,478.7,25433,186.2,99.6,253.2
3324,18:56:04,12.9333,40.1927,317.1,478.9,25441,185.5,99.5,253.2
3327,18:56:07,12.9343,40.1865,316.7,478.7,25485,184.7,99.5,253.1
3330,18:56:10,12.9355,40.1803,316.4,478.1,25478,183.6,99.4,253.1
3333,18:56:13,12.9368,40.1741,315.9,477.6,25493,182.7,99.4,253.0
3336,18:56:16,12.9382,40.1678,316.2,477.9,25485,182.2,99.3,253.0
3339,18:56:19,12.9397,40.1616,316.2,477.9,25485,181.8,99.2,253.0
3342,18:56:22,12.9411,40.1554,316.2,477.7,25455,181.8,99.1,252.9
3345,18:56:25,12.9426,40.1491,315.9,477.3,25470,181.8,99.1,252.9
3348,18:56:28,12.944,40.1429,315.5,476.6,25455,181.8,99.0,252.9
3351,18:56:31,12.9455,40.1367,315.3,476.4,25470,181.6,99.0,252.8
3354,18:56:34,12.9469,40.1305,314.8,475.6,25455,181.8,98.9,252.8
3357,18:56:37,12.9484,40.1243,315.0,476.0,25470,181.6,98.8,252.7
3360,18:56:40,12.9499,40.1181,315.3,476.3,25470,181.4,98.8,252.7
3363,18:56:43,12.9513,40.1119,315.7,477.0,25470,181.4,98.7,252.7
3366,18:56:46,12.9529,40.1056,316.2,477.8,25470,180.6,98.6,252.6
3369,18:56:49,12.9547,40.0994,317.2,479.3,25470,179.7,98.6,252.6
3372,18:56:52,12.9565,40.0931,317.1,479.2,25470,179.5,98.5,252.6
3375,18:56:55,12.9583,40.0869,318.3,480.9,25470,178.9,98.4,252.5
3378,18:56:58,12.9603,40.0806,319.1,482.4,25500,178.6,98.4,252.5
3381,18:57:01,12.9623,40.0743,319.8,483.7,25537,177.9,98.4,252.4
3384,18:57:04,12.9643,40.0679,320.2,484.8,25604,177.9,98.3,252.4
3387,18:57:07,12.9663,40.0616,320.0,484.4,25589,177.9,98.3,252.3
3390,18:57:10,12.9683,40.0553,319.4,483.4,25582,178.1,98.2,252.3
3393,18:57:13,12.9703,40.049,318.8,482.3,25559,178.1,98.1,252.3
3396,18:57:16,12.9723,40.0428,319.0,482.6,25545,178.1,98.0,252.2
3399,18:57:19,12.9742,40.0365,318.3,481.8,25574,178.4,98.0,252.2
3402,18:57:22,12.9761,40.0302,317.9,481.3,25589,178.2,97.9,252.2
3405,18:57:25,12.9781,40.024,317.6,480.6,25574,178.4,97.9,252.1
3408,18:57:28,12.98,40.0177,317.3,480.1,25559,178.5,97.8,252.1
3411,18:57:31,12.9819,40.0115,317.0,479.6,25559,178.4,97.7,252.1
3414,18:57:34,12.9838,40.0052,317.4,479.9,25507,178.4,97.6,252.0
3417,18:57:37,12.9857,39.999,317.2,479.5,25500,178.2,97.6,252.0
3420,18:57:40,12.9877,39.9927,317.6,480.2,25515,178.2,97.5,252.0
3423,18:57:43,12.9896,39.9865,317.9,480.5,25485,178.4,97.4,251.9
3426,18:57:46,12.9915,39.9802,318.3,481.0,25493,178.3,97.4,251.9
3429,18:57:49,12.9934,39.9739,318.4,481.2,25485,178.4,97.3,251.9
3432,18:57:52,12.9953,39.9677,317.1,479.5,25515,179.0,97.3,251.8
3435,18:57:55,12.9971,39.9614,317.6,479.9,25485,179.1,97.2,251.8
3438,18:57:58,12.9988,39.9552,316.7,478.9,25515,179.3,97.2,251.8
3441,18:58:01,13.0006,39.949,316.5,478.6,25515,179.3,97.1,251.7
3444,18:58:04,13.0024,39.9427,316.4,478.3,25515,179.3,97.0,251.7
3447,18:58:07,13.0041,39.9365,316.4,478.3,25515,179.3,97.0,251.7
3450,18:58:10,13.0059,39.9303,316.4,478.3,25515,179.3,96.9,251.6
3453,18:58:13,13.0077,39.9241,316.5,478.5,25507,179.1,96.9,251.6
3456,18:58:16,13.0095,39.9179,316.5,478.5,25500,179.1,96.8,251.6
3459,18:58:19,13.0113,39.9116,316.4,478.2,25500,179.0,96.7,251.5
3462,18:58:22,13.0132,39.9054,316.4,478.2,25500,178.6,96.7,251.5
3465,18:58:25,13.015,39.8992,316.4,478.3,25507,178.4,96.6,251.5
3468,18:58:28,13.0169,39.893,316.4,478.3,25515,178.4,96.6,251.4
3471,18:58:31,13.0189,39.8868,316.4,478.3,25515,177.7,96.5,251.4
3474,18:58:34,13.0209,39.8805,316.4,478.3,25507,177.9,96.4,251.4
3477,18:58:37,13.0228,39.8743,316.5,478.5,25500,178.5,96.4,251.3
3480,18:58:40,13.0247,39.8681,316.5,478.5,25500,178.2,96.3,251.3
3483,18:58:43,13.0266,39.8619,316.7,478.6,25485,178.3,96.3,251.3
3486,18:58:46,13.0285,39.8557,316.7,478.6,25485,178.1,96.2,251.2
3489,18:58:49,13.0305,39.8495,316.5,478.4,25485,177.7,96.1,251.2
3492,18:58:52,13.0325,39.8432,316.5,478.2,25470,177.7,96.1,251.2
3495,18:58:55,13.0345,39.837,316.4,478.0,25478,177.7,96.0,251.1
3498,18:58:58,13.0364,39.8308,316.5,478.2,25485,178.1,96.0,251.1
3501,18:59:01,13.0383,39.8246,316.2,477.9,25500,178.4,95.9,251.1
3504,18:59:04,13.04,39.8184,316.2,477.9,25500,179.2,95.9,251.0
3507,18:59:07,13.0417,39.8122,315.9,477.5,25500,179.9,95.8,251.0
3510,18:59:10,13.0433,39.806,315.9,477.5,25515,180.0,95.8,251.0
3513,18:59:13,13.0449,39.7998,315.7,477.3,25515,180.3,95.7,250.9
3516,18:59:16,13.0465,39.7936,315.9,477.5,25515,180.2,95.7,250.9
3519,18:59:19,13.048,39.7874,315.3,476.8,25522,180.4,95.6,250.9
3522,18:59:22,13.0496,39.7812,315.5,477.0,25515,180.4,95.6,250.8
3525,18:59:25,13.0512,39.775,315.7,477.3,25522,180.4,95.5,250.8
3528,18:59:28,13.0527,39.7688,315.9,477.3,25485,180.4,95.4,250.8
3531,18:59:31,13.0543,39.7626,316.0,477.7,25500,180.4,95.4,250.7
3534,18:59:34,13.0559,39.7564,316.0,477.7,25507,180.4,95.3,250.7
3537,18:59:37,13.0575,39.7502,315.8,477.5,25530,180.1,95.3,250.7
3540,18:59:40,13.0591,39.744,315.6,476.9,25485,180.0,95.2,250.7
3543,18:59:43,13.0607,39.7378,315.7,477.1,25500,180.0,95.2,250.6
3546,18:59:46,13.0624,39.7316,315.7,477.1,25500,179.3,95.1,250.6
