UTC,lat,lon,GS,GSi,TRK,TRKi
18:40:37,42.739,9.248,565.4,5.18,128.1,1.28
18:40:42,42.720,9.258,556.7,4.98,124.2,1.68
18:40:49,42.722,9.281,567.5,3.37,128.2,1.69
18:40:55,42.709,9.295,562.9,5.37,126.2,1.81
18:41:00,42.704,9.314,565.3,3.83,126.7,1.22
18:41:06,42.699,9.332,570.6,3.05,127.9,1.59
18:41:13,42.690,9.349,571.6,3.56,126.8,1.81
18:41:18,42.675,9.362,567.0,3.78,123.5,2.09
18:41:24,42.656,9.374,561.2,5.40,120.0,1.93
18:41:31,42.651,9.392,566.9,2.06,121.8,3.73
18:41:36,42.649,9.414,567.1,3.94,122.1,2.92
18:41:42,42.631,9.425,565.8,4.18,120.2,4.17
18:41:47,42.619,9.441,570.7,1.68,121.1,6.05
18:41:54,42.624,9.464,566.3,5.98,120.5,2.79
18:42:00,42.606,9.476,572.6,2.70,120.3,5.30
18:42:05,42.601,9.495,571.1,4.38,120.2,4.00
18:42:17,42.584,9.530,574.0,5.49,118.6,4.30
18:42:23,42.582,9.551,572.5,6.35,117.4,3.49
18:42:29,42.564,9.565,579.2,4.34,116.9,5.28
18:42:35,42.562,9.587,577.0,5.68,115.6,4.34
18:42:41,42.563,9.609,574.9,6.99,114.0,3.15
18:42:47,42.560,9.632,576.0,5.85,112.7,2.57
18:42:59,42.537,9.666,583.2,5.58,110.6,4.31
18:43:04,42.547,9.693,580.0,5.62,109.5,1.91
18:43:10,42.535,9.711,583.0,4.25,108.8,2.43
18:43:17,42.536,9.734,583.4,3.68,108.1,1.59
18:43:22,42.530,9.754,586.8,3.21,106.7,1.50
18:43:28,42.516,9.769,589.7,4.08,105.9,2.62
18:43:34,42.510,9.791,588.5,2.16,106.9,2.64
18:43:40,42.505,9.810,591.1,3.43,105.7,2.84
18:43:46,42.511,9.836,590.3,1.80,105.3,1.26
18:43:52,42.510,9.860,590.8,1.49,104.4,1.10
18:43:57,42.507,9.881,589.9,1.64,105.0,1.45
18:44:04,42.496,9.898,589.2,2.20,105.3,1.27
18:44:09,42.496,9.920,589.2,2.22,105.5,1.11
18:44:15,42.498,9.946,589.3,3.17,106.1,2.03
18:44:22,42.487,9.962,589.9,1.77,105.7,0.89
18:44:27,42.482,9.982,589.6,1.29,105.4,1.20
18:44:33,42.468,9.999,588.7,1.16,105.2,1.49
18:44:39,42.480,10.028,590.2,4.23,105.2,2.53
18:44:45,42.470,10.045,587.6,3.28,105.8,1.49
18:44:51,42.476,10.072,590.6,4.13,105.7,3.37
18:44:57,42.463,10.087,587.4,2.32,106.4,1.83
18:45:02,42.464,10.112,587.8,3.87,107.3,2.75
18:45:09,42.451,10.128,585.2,2.67,108.2,1.21
18:45:14,42.450,10.150,586.2,2.56,108.7,1.91
18:45:20,42.432,10.163,584.3,1.69,109.2,0.42
18:45:27,42.439,10.191,584.5,3.35,109.1,2.20
18:45:32,42.435,10.211,583.7,3.21,109.8,2.35
18:45:38,42.424,10.228,581.8,2.75,110.7,1.18
18:45:44,42.419,10.248,581.1,2.64,111.3,1.26
18:45:56,42.412,10.290,580.4,2.39,112.8,1.70
18:46:01,42.406,10.309,580.1,2.20,112.9,1.81
18:46:07,42.400,10.329,580.6,1.75,113.4,1.87
18:46:14,42.396,10.351,581.0,3.48,113.4,2.53
18:46:19,42.381,10.366,577.4,3.10,114.3,0.85
18:46:25,42.376,10.385,576.9,2.88,115.2,0.73
18:46:32,42.372,10.406,577.2,2.73,114.4,1.65
18:46:37,42.366,10.426,576.4,2.63,114.8,1.60
18:46:43,42.359,10.443,576.5,2.02,114.8,1.49
18:46:48,42.355,10.463,577.1,1.76,115.6,1.69
18:46:55,42.343,10.480,575.8,1.60,115.7,0.79
18:47:01,42.338,10.499,575.8,1.17,116.1,1.01
18:47:06,42.332,10.519,577.0,2.23,116.5,0.90
18:47:12,42.324,10.537,575.3,2.43,116.5,0.46
18:47:19,42.314,10.555,574.9,2.10,116.1,0.25
18:47:24,42.307,10.574,574.5,1.79,116.1,0.34
18:47:30,42.298,10.590,574.4,1.57,116.5,0.89
18:47:36,42.298,10.613,575.9,2.01,116.7,0.76
18:47:42,42.288,10.630,574.6,1.67,116.7,0.44
18:47:48,42.281,10.649,574.8,1.75,116.8,0.39
18:47:53,42.271,10.667,575.4,1.89,117.0,0.54
18:48:00,42.262,10.684,576.1,1.84,117.0,0.97
18:48:06,42.264,10.708,576.7,2.12,116.6,0.71
18:48:11,42.253,10.725,575.8,1.62,116.6,0.45
18:48:17,42.247,10.744,575.5,1.65,115.9,0.30
18:48:24,42.238,10.762,575.8,1.69,115.9,0.48
18:48:29,42.230,10.779,576.4,1.87,115.8,0.89
18:48:35,42.226,10.799,577.6,2.28,115.5,0.32
18:48:42,42.219,10.818,577.2,2.63,115.3,0.34
18:48:47,42.212,10.837,577.4,2.44,115.3,0.34
18:48:53,42.204,10.856,577.8,2.36,115.2,0.51
18:48:58,42.193,10.872,580.0,1.27,115.3,1.88
18:49:05,42.187,10.892,579.4,1.71,114.9,1.36
18:49:11,42.180,10.911,578.8,1.81,114.8,1.47
18:49:16,42.175,10.931,578.5,2.01,114.6,1.26
18:49:22,42.173,10.952,578.6,2.44,114.1,0.47
18:49:28,42.164,10.970,580.2,2.34,114.3,0.89
18:49:34,42.159,10.990,579.7,2.16,114.1,0.63
18:49:40,42.152,11.009,580.2,2.46,113.9,0.68
18:49:46,42.145,11.030,581.0,1.52,113.9,0.69
18:49:52,42.138,11.049,581.7,1.50,113.4,0.74
18:49:58,42.132,11.068,581.5,1.65,113.1,0.78
18:50:03,42.128,11.088,580.4,1.49,112.8,0.46
18:50:10,42.117,11.105,580.6,1.48,112.6,0.96
18:50:16,42.116,11.127,580.3,1.38,112.6,0.32
18:50:21,42.110,11.147,581.1,1.55,112.4,0.27
18:50:27,42.104,11.166,581.2,1.51,112.5,0.23
18:50:33,42.097,11.186,580.4,2.34,112.6,0.25
18:50:39,42.092,11.205,580.0,1.80,112.6,0.24
18:50:45,42.080,11.223,578.6,3.15,113.4,0.70
18:50:51,42.079,11.244,578.4,3.04,113.3,0.71
18:50:57,42.073,11.264,576.5,2.92,114.1,1.20
18:51:03,42.068,11.284,575.3,3.00,114.6,1.66
18:51:08,42.060,11.302,573.2,3.44,115.9,1.75
18:51:15,42.055,11.322,573.0,3.62,116.8,2.19
18:51:20,42.048,11.341,571.8,4.79,117.4,2.23
18:51:26,42.043,11.361,570.4,4.65,118.3,2.62
18:51:32,42.038,11.381,570.8,4.77,119.0,3.02
18:51:38,42.033,11.401,571.4,4.71,119.8,3.54
18:51:44,42.024,11.419,569.3,5.72,120.5,3.39
18:51:50,42.019,11.438,567.3,5.44,120.4,3.87
18:51:56,42.011,11.457,565.9,6.16,121.3,3.94
18:52:02,42.001,11.473,563.7,6.23,122.1,3.64
18:52:07,41.990,11.488,561.2,5.27,123.0,3.19
18:52:13,41.984,11.506,561.7,4.35,123.3,3.44
18:52:20,41.969,11.518,558.5,5.82,124.2,2.53
18:52:25,41.966,11.537,558.7,3.08,125.5,3.15
18:52:31,41.953,11.551,558.1,5.10,126.4,2.69
18:52:36,41.932,11.563,554.3,11.95,127.9,1.16
18:52:36,41.943,11.566,555.1,5.52,127.6,2.18
18:52:43,41.938,11.583,558.1,1.48,127.2,2.95
18:52:49,41.928,11.600,559.1,1.78,127.7,3.00
18:52:54,41.918,11.616,553.5,3.25,130.5,2.39
18:53:01,41.908,11.631,552.7,3.58,131.3,2.25
18:53:06,41.899,11.646,554.0,1.14,131.5,2.71
18:53:12,41.889,11.661,554.4,1.28,132.2,2.61
18:53:18,41.879,11.675,554.5,1.76,132.8,2.17
18:53:24,41.870,11.689,555.4,3.80,133.9,2.23
18:53:30,41.855,11.702,554.0,3.00,133.8,1.71
18:53:36,41.846,11.716,555.3,4.17,134.5,1.66
18:53:41,41.837,11.730,558.2,5.74,135.0,1.88
18:53:48,41.822,11.743,557.3,2.74,135.4,1.09
18:53:53,41.813,11.756,556.3,5.31,135.8,1.01
18:53:59,41.801,11.770,557.5,5.56,136.2,0.90
18:54:06,41.795,11.783,559.1,12.38,136.4,1.29
18:54:11,41.781,11.797,560.2,8.61,136.7,0.72
18:54:17,41.769,11.811,563.9,5.98,137.5,0.27
18:54:22,41.760,11.824,567.5,11.06,137.2,0.53
18:54:29,41.745,11.839,570.2,6.04,137.2,0.25
18:54:34,41.734,11.852,572.4,6.84,137.1,0.29
18:54:40,41.723,11.865,574.1,8.26,137.1,0.47
18:54:46,41.711,11.880,575.5,6.99,137.0,0.45
18:54:52,41.700,11.892,576.9,9.06,136.8,0.56
18:54:58,41.686,11.908,579.7,5.55,136.7,0.82
18:55:04,41.679,11.919,580.8,10.96,136.6,0.77
18:55:10,41.667,11.934,583.9,9.47,136.3,0.81
18:55:15,41.655,11.948,586.4,9.42,136.2,1.03
18:55:21,41.642,11.964,588.3,5.44,135.9,1.16
18:55:27,41.629,11.979,588.4,3.70,135.6,1.25
18:55:33,41.619,11.994,585.6,2.45,135.6,1.28
18:55:39,41.608,12.007,585.0,4.06,135.2,1.30
18:55:45,41.595,12.027,583.9,5.31,134.7,0.86
18:55:50,41.584,12.042,581.0,6.52,134.4,0.73
18:55:56,41.575,12.054,580.4,4.27,134.2,0.83
18:56:02,41.563,12.072,581.5,8.16,134.2,0.56
18:56:08,41.553,12.084,581.9,5.49,133.9,0.75
18:56:14,41.541,12.103,580.4,10.14,133.8,0.50
18:56:20,41.530,12.119,579.0,10.44,133.8,0.29
18:56:26,41.519,12.137,579.2,13.84,133.6,0.35
18:56:31,41.509,12.151,573.7,13.25,133.5,0.35
18:56:38,41.499,12.165,570.6,11.10,133.6,0.39
18:56:43,41.489,12.180,568.3,9.93,133.6,0.43
18:56:49,41.479,12.194,567.1,9.50,133.6,0.46
18:56:55,41.468,12.207,565.2,7.16,133.7,0.29
18:57:01,41.458,12.221,563.7,6.20,133.7,0.35
18:57:07,41.447,12.234,562.0,4.20,133.7,0.19
18:57:12,41.437,12.250,560.8,3.37,133.8,0.35
18:57:19,41.427,12.263,559.3,2.29,133.9,0.30
18:57:25,41.416,12.282,556.8,5.33,134.0,0.68
18:57:30,41.406,12.296,552.9,3.51,134.3,0.55
18:57:35,41.397,12.314,556.4,6.85,134.2,1.05
18:57:42,41.384,12.319,553.6,2.16,134.4,0.21
18:57:48,41.374,12.334,552.8,1.86,134.6,0.22
18:57:53,41.364,12.348,552.6,2.16,134.6,0.22
18:57:59,41.354,12.362,552.8,2.19,134.6,0.25
18:58:06,41.343,12.378,553.6,2.04,134.2,0.14
18:58:11,41.333,12.392,555.3,2.10,134.3,0.16
18:58:17,41.323,12.407,555.2,1.78,134.5,0.40
18:58:24,41.311,12.420,555.0,2.21,134.6,0.28
18:58:29,41.301,12.433,554.9,2.70,134.7,0.28
18:58:35,41.290,12.449,554.9,1.61,134.6,0.30
18:58:40,41.279,12.459,554.8,4.14,134.8,0.33
18:58:47,41.269,12.478,555.2,2.70,134.9,0.40
18:58:53,41.258,12.489,555.1,3.48,135.2,0.11
18:58:58,41.247,12.502,555.9,3.40,135.2,0.16
18:59:04,41.237,12.518,556.9,2.16,135.2,0.27
18:59:10,41.225,12.529,556.5,1.96,135.2,0.23
18:59:16,41.217,12.551,556.1,2.35,135.2,0.74
18:59:22,41.205,12.558,556.2,2.76,135.4,0.09
18:59:27,41.195,12.578,556.6,1.10,135.2,0.55
18:59:34,41.184,12.591,556.2,1.66,135.4,0.49
18:59:40,41.173,12.605,557.6,1.16,135.3,0.39
18:59:45,41.161,12.615,556.7,2.22,135.6,0.17
18:59:52,41.152,12.635,557.4,2.80,135.6,0.78
18:59:58,41.143,12.652,557.7,3.06,135.7,1.21
19:00:03,41.129,12.658,557.5,1.70,135.9,0.54
19:00:09,41.117,12.672,556.2,1.71,136.3,0.55
19:00:15,41.107,12.685,557.6,1.41,136.5,0.67
19:00:21,41.100,12.709,557.1,4.17,137.0,1.78
19:00:27,41.085,12.713,555.0,1.81,137.5,0.67
19:00:33,41.075,12.728,555.3,1.77,137.6,0.93
19:00:39,41.064,12.741,555.9,1.25,138.0,1.01
19:00:45,41.053,12.754,555.0,1.50,138.4,1.03
19:00:50,41.042,12.771,554.8,2.27,138.8,1.33
19:00:57,41.033,12.787,555.6,2.29,139.2,1.85
19:01:03,41.020,12.796,555.2,1.80,139.3,1.49
19:01:08,41.010,12.813,556.3,2.13,139.1,2.19
19:01:14,40.998,12.824,553.3,2.40,140.0,1.99
19:01:21,40.984,12.833,552.3,3.43,140.6,1.55
19:01:26,40.973,12.845,552.0,2.70,140.6,1.68
19:01:32,40.961,12.858,542.2,7.50,143.9,2.69
19:01:38,40.949,12.871,539.5,8.49,145.0,3.09
19:01:44,40.937,12.882,536.1,9.20,146.3,3.27
19:01:49,40.927,12.898,532.8,10.94,148.6,4.09
19:01:55,40.913,12.906,528.7,12.91,149.8,3.94
19:02:01,40.902,12.921,526.9,13.62,151.1,4.57
19:02:07,40.889,12.929,522.7,14.12,152.1,4.28
19:02:13,40.876,12.938,519.8,14.40,153.2,4.36
19:02:18,40.867,12.955,521.0,14.50,154.4,5.40
19:02:25,40.852,12.960,514.4,15.26,156.2,5.18
19:02:31,40.840,12.967,511.4,14.36,156.9,5.00
19:02:36,40.828,12.978,510.4,13.03,157.8,5.32
19:02:43,40.815,12.982,510.6,12.49,157.1,5.01
19:02:49,40.802,12.984,506.6,10.16,158.3,4.44
19:02:54,40.786,12.985,502.3,10.27,159.3,3.49
19:03:00,40.775,12.989,500.2,6.96,160.3,3.25
19:03:06,40.762,12.994,498.0,6.60,161.3,2.84
19:03:13,40.749,12.997,495.9,3.57,162.3,2.40
19:03:18,40.736,13.001,492.7,1.08,164.5,1.84
19:03:24,40.721,13.000,491.7,2.91,165.0,0.94
19:03:30,40.710,13.008,491.1,0.82,166.7,0.41
19:03:36,40.697,13.013,491.6,1.84,165.8,1.17
19:03:42,40.685,13.019,492.1,1.75,166.0,1.28
19:03:48,40.677,13.035,493.8,5.13,167.0,2.36
19:03:54,40.659,13.024,491.1,2.13,167.5,0.51
19:04:00,40.647,13.032,491.7,2.34,167.6,0.85
19:04:05,40.633,13.033,490.8,2.77,167.6,0.45
19:04:12,40.621,13.041,490.8,2.68,167.9,0.82
19:04:18,40.608,13.043,492.2,2.54,168.1,0.73
19:04:23,40.594,13.043,492.3,2.50,167.9,0.39
19:04:29,40.581,13.049,492.9,1.82,167.7,0.66
19:04:35,40.568,13.053,492.7,2.64,167.5,0.64
19:04:41,40.554,13.056,492.6,2.02,167.6,0.55
19:04:47,40.540,13.058,492.7,1.40,167.7,0.47
19:04:53,40.528,13.063,492.5,1.13,167.1,0.22
19:04:59,40.514,13.065,492.2,1.01,167.4,0.54
19:05:04,40.505,13.080,495.4,3.31,167.7,1.21
19:05:10,40.488,13.072,492.8,0.76,167.5,0.64
19:05:17,40.474,13.073,494.4,0.98,168.0,0.74
19:05:22,40.461,13.078,494.4,0.91,168.4,0.40
19:05:28,40.448,13.079,495.6,1.49,168.4,0.81
19:05:35,40.437,13.093,495.2,1.43,167.6,0.40
19:05:40,40.423,13.091,495.4,1.29,168.4,0.25
19:05:46,40.410,13.096,495.7,1.12,168.1,0.26
19:05:52,40.394,13.094,495.5,1.60,168.2,0.71
19:05:58,40.382,13.098,494.7,1.19,167.9,0.65
19:06:04,40.368,13.100,494.4,2.31,167.6,1.04
19:06:10,40.358,13.116,493.4,0.84,167.5,0.55
19:06:15,40.346,13.119,495.1,2.01,167.7,0.75
19:06:22,40.331,13.120,493.6,1.53,167.1,0.50
19:06:27,40.317,13.118,493.0,1.31,167.5,0.71
19:06:33,40.307,13.131,493.0,1.86,167.1,0.98
19:06:40,40.292,13.132,492.5,2.05,167.2,0.92
19:06:45,40.278,13.129,492.8,2.44,168.7,0.64
19:06:51,40.265,13.136,492.0,2.34,168.6,0.89
19:06:57,40.252,13.140,491.6,2.68,168.8,1.14
19:07:03,40.237,13.137,489.3,3.71,169.4,0.55
19:07:09,40.227,13.151,491.0,1.55,168.9,1.66
19:07:15,40.212,13.151,488.8,3.60,170.0,1.24
19:07:20,40.199,13.151,488.0,4.23,170.6,1.14
19:07:27,40.187,13.161,487.8,3.46,170.8,2.03
19:07:32,40.172,13.161,488.6,5.07,171.1,1.77
19:07:38,40.162,13.171,488.7,2.92,170.7,2.69
19:07:45,40.151,13.181,489.8,1.96,170.7,4.13
19:07:50,40.134,13.175,486.3,5.57,172.4,2.60
19:07:56,40.127,13.194,489.3,0.79,168.0,5.44
19:08:14,40.082,13.178,479.2,5.26,174.4,2.14
19:08:19,40.069,13.181,477.5,4.59,175.0,2.15
19:08:25,40.056,13.179,475.8,3.86,175.3,1.84
19:08:32,40.043,13.178,474.5,4.39,175.8,1.52
19:08:37,40.029,13.177,472.9,5.84,176.1,1.18
19:08:43,40.019,13.186,474.5,2.45,176.6,2.14
19:08:50,40.007,13.184,473.2,2.94,177.1,1.58
19:08:55,39.993,13.183,473.3,3.89,178.2,1.35
19:09:01,39.977,13.174,470.9,7.66,177.2,0.88
19:09:06,39.966,13.179,468.5,5.07,178.3,0.80
19:09:24,39.930,13.185,466.0,3.07,178.6,0.48
19:09:30,39.915,13.179,465.0,5.65,178.4,0.76
19:09:37,39.905,13.188,464.2,1.72,178.7,0.65
19:09:42,39.891,13.186,462.0,2.55,178.4,0.42
19:09:48,39.878,13.183,462.2,2.87,178.5,0.41
19:09:55,39.866,13.185,461.2,2.07,178.3,0.32
19:10:00,39.851,13.178,461.1,5.01,178.5,1.00
19:10:06,39.843,13.191,460.2,1.94,178.7,0.55
19:10:11,39.827,13.181,459.3,4.35,178.2,0.83
19:10:18,39.814,13.178,457.7,4.70,177.8,1.17
19:10:24,39.806,13.195,457.6,1.87,178.1,0.91
19:10:29,39.791,13.188,456.8,2.88,178.0,0.58
19:10:35,39.777,13.181,456.6,5.07,177.7,1.37
19:10:42,39.766,13.186,456.8,3.41,178.0,0.98
19:10:47,39.755,13.195,456.4,1.93,177.4,0.77
19:10:53,39.740,13.183,460.3,5.00,179.0,1.47
19:11:00,39.729,13.192,458.4,2.56,178.0,0.44
19:11:05,39.716,13.189,457.7,3.41,178.3,0.75
19:11:11,39.706,13.194,455.2,1.61,177.9,0.56
19:11:16,39.691,13.190,459.0,2.49,178.4,0.82
19:11:23,39.680,13.191,456.9,2.26,178.1,0.98
19:11:29,39.667,13.188,457.0,2.51,178.8,0.93
19:11:34,39.657,13.196,452.4,3.05,177.2,1.04
19:11:40,39.644,13.197,452.2,3.57,176.8,1.14
19:11:47,39.630,13.189,456.0,3.13,179.0,1.00
19:11:52,39.621,13.202,448.4,2.10,176.2,0.96
19:11:58,39.608,13.202,450.3,2.84,176.1,1.10
19:12:05,39.595,13.198,451.6,2.23,177.3,0.88
19:12:10,39.583,13.198,450.7,1.90,177.4,0.82
