ID,T,LAT,LON
AJO,0,41.7705,8.77467
ALG,1,40.6281,8.24389
ANC,0,43.5864,13.4711
BOA,3,44.5683,11.2
BOL,1,42.6183,12.0486
BRD,1,40.61,18.0033
BTA,2,42.5736,9.47483
CAR,0,39.1114,9.50806
CAT,0,37.4562,14.9693
CDC,1,38.7559,16.3691
CMP,0,42.1238,12.3815
CRO,3,39,17.0817
DEC,4,39.3811,8.96556
ELB,1,42.7307,10.3967
FER,3,44.8133,11.6167
FRZ,1,44.0272,11.0033
GAZ,3,45.2017,10.6041
GEN,0,44.4233,9.0833
GHE,4,45.44,10.265
GRO,3,42.705,11.025
GRO,4,42.76,11.0783
LAT,0,41.5411,12.9181
MLG,0,36.03833,14.205
MLQ,3,35.8167,14.53
MTG,2,32.91,13.25167
NIZ,0,43.77,7.255
OST,0,41.8033,12.2383
PAL,0,38.034,13.1774
PAR,2,44.8217,10.2983
PES,2,42.4361,14.1844
PIA,4,44.9167,9.7217
PIN,4,43.720278,10.432333
PIS,0,43.6767,10.3917
PNZ,1,40.9119,12.9575
PRS,0,38.17194,13.07972
PRT,3,43.81,11.2017
RCA,0,38.0758,15.6455
SME,0,40.89,9.50118
SOR,0,40.5826,14.3351
TAQ,0,42.215,11.7333
TEA,0,41.2967,13.97
TOP,0,44.925,7.0.8617
TPI,0,32.6633,13.155
TUC,0,36.855,10.235
VIE,0,41.9129,16.0491
VIL,3,45.3244,10.786
VIL,4,45.4067,10.9067
