UTC,ID,col,rdr,lat,lon,FL,SSR
18:24:32,1136,#ff0000,3,43.736,11.195,190,SSR.
18:24:38,1136,#ff0000,3,43.725,11.196,190,SSR.
18:24:44,1136,#ff0000,3,43.720,11.213,190,SSR.
18:24:49,1136,#ff0000,3,43.711,11.217,190,SSR.
18:25:06,1136,#ff0000,3,43.682,11.225,0,SSR.
18:25:18,1136,#ff0000,3,43.661,11.222,195,SSR.
18:25:23,1136,#ff0000,3,43.650,11.224,196,SSR.
18:25:28,1136,#ff0000,3,43.644,11.240,197,SSR.
18:25:33,1136,#ff0000,3,43.640,11.260,199,SSR.
18:25:45,1136,#ff0000,3,43.614,11.248,201,SSR.
18:25:50,1136,#ff0000,3,43.606,11.257,202,SSR.
18:25:56,1136,#ff0000,3,43.597,11.266,203,SSR.
18:26:02,1136,#ff0000,3,43.586,11.264,205,SSR.
18:26:07,1136,#ff0000,3,43.566,11.235,206,SSR.        SPI.
18:26:13,1136,#ff0000,3,43.573,11.296,207,SSR.        SPI.
18:26:18,1136,#ff0000,3,43.552,11.265,208,SSR.PR.     SPI.
18:26:24,1136,#ff0000,3,43.555,11.314,210,SSR.        SPI.
18:26:30,1136,#ff0000,3,43.546,11.320,211,SSR.
18:26:35,1136,#ff0000,3,43.535,11.321,212,SSR.
18:26:40,1136,#ff0000,3,43.525,11.330,213,SSR.
18:26:46,1136,#ff0000,3,43.511,11.318,215,SSR.
18:26:52,1136,#ff0000,3,43.504,11.333,216,SSR.PR.
18:26:57,1136,#ff0000,3,43.498,11.353,217,SSR.PR.
18:27:02,1136,#ff0000,3,43.485,11.352,218,SSR.
18:27:09,1136,#ff0000,3,43.479,11.367,220,SSR.PR.
18:27:14,1136,#ff0000,3,43.464,11.359,221,SSR.PR.
18:27:19,1136,#ff0000,3,43.458,11.378,222,SSR.PR.
18:27:25,1136,#ff0000,3,43.447,11.380,223,SSR.PR.
18:27:31,1136,#ff0000,3,43.441,11.399,225,SSR.PR.
18:27:36,1136,#ff0000,3,43.429,11.401,226,SSR.PR.
18:27:42,1136,#ff0000,3,43.417,11.399,227,SSR.PR.
18:27:47,1136,#ff0000,3,43.409,11.415,227,SSR.PR.
18:27:53,1136,#ff0000,3,43.399,11.421,229,SSR.PR.
18:27:58,1136,#ff0000,3,43.384,11.413,229,SSR.PR.
18:28:04,1136,#ff0000,3,43.376,11.428,230,SSR.PR.
18:28:09,1136,#ff0000,3,43.372,11.453,231,SSR.PR.
18:28:15,1136,#ff0000,3,43.360,11.459,231,SSR.PR.
18:28:26,1136,#ff0000,3,43.338,11.467,231,SSR.PR.
18:28:32,1136,#ff0000,3,43.329,11.478,231,SSR.PR.
18:28:38,1136,#ff0000,3,43.320,11.493,231,SSR.PR.
18:28:43,1136,#ff0000,3,43.308,11.496,230,SSR.PR.
18:28:49,1136,#ff0000,3,43.301,11.520,230,SSR.PR.
18:28:55,1136,#ff0000,3,43.282,11.495,231,SSR.
18:29:00,1136,#ff0000,3,43.275,11.519,233,SSR.
18:29:05,1136,#ff0000,3,43.258,11.499,236,SSR.
18:29:11,1136,#ff0000,3,43.219,11.413,239,SSR.PR.
18:29:17,1136,#ff0000,3,43.243,11.538,242,SSR.
18:29:22,1136,#ff0000,3,43.227,11.525,245,SSR.PR.
18:29:27,1136,#ff0000,3,43.221,11.549,248,SSR.PR.
18:29:33,1136,#ff0000,3,43.211,11.560,251,SSR.PR.
18:29:39,1136,#ff0000,3,43.201,11.565,254,SSR.PR.
18:29:44,1136,#ff0000,3,43.192,11.576,256,SSR.PR.
18:29:50,1136,#ff0000,3,43.182,11.587,258,SSR.PR.
18:29:55,1136,#ff0000,3,43.173,11.598,260,SSR.PR.
18:30:02,1136,#ff0000,3,43.166,11.614,263,SSR.PR.
18:30:07,1136,#ff0000,3,43.156,11.624,265,SSR.PR.
18:30:12,1136,#ff0000,3,43.148,11.637,267,SSR.PR.
18:30:17,1136,#ff0000,3,43.136,11.630,269,SSR.PR.
18:30:24,1136,#ff0000,3,43.129,11.649,271,SSR.PR.
18:30:29,1136,#ff0000,3,43.121,11.655,273,SSR.PR.
18:30:34,1136,#ff0000,3,43.114,11.673,275,SSR.PR.
18:30:40,1136,#ff0000,3,43.107,11.692,277,SSR.PR.
18:30:46,1136,#ff0000,3,43.098,11.695,278,SSR.PR.
18:30:51,1136,#ff0000,3,43.092,11.715,280,SSR.PR.
18:30:56,1136,#ff0000,3,43.083,11.719,281,SSR.PR.
18:31:03,1136,#ff0000,3,43.073,11.731,283,SSR.
18:31:08,1136,#ff0000,3,43.068,11.745,284,SSR.PR.
18:31:13,1136,#ff0000,3,43.061,11.759,285,SSR.PR.
18:31:19,1136,#ff0000,3,43.051,11.763,286,SSR.PR.
18:31:25,1136,#ff0000,3,43.044,11.785,287,SSR.PR.
18:31:30,1136,#ff0000,3,43.035,11.788,288,SSR.PR.
18:31:36,1136,#ff0000,3,43.028,11.805,289,SSR.
18:31:41,1136,#ff0000,3,43.019,11.810,289,SSR.PR.
18:31:47,1136,#ff0000,3,43.010,11.818,289,SSR.PR.
18:31:53,1136,#ff0000,3,43.000,11.827,290,SSR.PR.
18:31:58,1136,#ff0000,3,42.993,11.846,290,SSR.PR.
18:32:03,1136,#ff0000,3,42.984,11.853,290,SSR.PR.
18:32:09,1136,#ff0000,3,42.975,11.864,290,SSR.
18:32:15,1136,#ff0000,3,42.965,11.867,290,SSR.
18:32:20,1136,#ff0000,3,42.957,11.885,290,SSR.
18:32:25,1136,#ff0000,3,42.948,11.898,290,SSR.
18:32:32,1136,#ff0000,3,42.939,11.912,290,SSR.
18:32:37,1136,#ff0000,3,42.929,11.917,290,SSR.
18:32:42,1136,#ff0000,3,42.920,11.927,290,SSR.PR.
18:32:48,1136,#ff0000,3,42.910,11.932,290,SSR.PR.
18:32:54,1136,#ff0000,3,42.901,11.954,290,SSR.
18:32:59,1136,#ff0000,3,42.893,11.970,290,SSR.
18:33:05,1136,#ff0000,3,42.883,11.986,290,SSR.
18:33:10,1136,#ff0000,3,42.872,11.980,290,SSR.PR.
18:33:16,1136,#ff0000,3,42.862,12.000,290,SSR.
18:33:22,1136,#ff0000,3,42.854,12.026,0,SSR.
18:33:27,1136,#ff0000,3,42.842,12.020,290,SSR.
18:33:32,1136,#ff0000,3,42.830,12.026,290,SSR.PR.
18:33:38,1136,#ff0000,3,42.819,12.031,290,SSR.PR.
18:33:44,1136,#ff0000,3,42.809,12.048,290,SSR.PR.
18:33:49,1136,#ff0000,3,42.799,12.058,290,SSR.PR.
18:33:56,1136,#ff0000,3,42.787,12.053,290,SSR.PR.
18:34:01,1136,#ff0000,3,42.777,12.078,290,SSR.PR.
18:34:06,1136,#ff0000,3,42.766,12.089,290,SSR.
18:34:11,1136,#ff0000,3,42.754,12.087,290,SSR.
18:34:18,1136,#ff0000,3,42.743,12.097,290,SSR.PR.
18:34:23,1136,#ff0000,3,42.732,12.114,290,SSR.PR.
18:34:29,1136,#ff0000,3,42.721,12.123,290,SSR.PR.
18:34:34,1136,#ff0000,3,42.709,12.118,290,SSR.PR.
18:34:40,1136,#ff0000,3,42.698,12.133,290,SSR.PR.
18:34:46,1136,#ff0000,3,42.686,12.139,290,SSR.PR.
18:35:08,1136,#ff0000,3,42.647,12.193,290,SSR.PR.
18:35:13,1136,#ff0000,3,42.638,12.195,290,SSR.PR.
18:35:18,1136,#ff0000,3,42.630,12.215,290,SSR.PR.
18:35:25,1136,#ff0000,3,42.620,12.233,290,SSR.PR.
18:35:30,1136,#ff0000,3,42.612,12.244,290,SSR.PR.
18:35:35,1136,#ff0000,3,42.603,12.263,290,SSR.PR.
18:35:41,1136,#ff0000,3,42.594,12.275,290,SSR.PR.
18:35:47,1136,#ff0000,3,42.585,12.283,290,SSR.PR.
18:35:52,1136,#ff0000,3,42.575,12.305,290,SSR.PR.
18:35:58,1136,#ff0000,3,42.566,12.316,290,SSR.PR.
18:36:03,1136,#ff0000,3,42.556,12.326,290,SSR.PR.
18:36:09,1136,#ff0000,3,42.546,12.344,290,SSR.PR.
18:36:15,1136,#ff0000,3,42.537,12.355,290,SSR.PR.
18:36:20,1136,#ff0000,3,42.526,12.371,290,SSR.PR.
18:36:25,1136,#ff0000,3,42.517,12.383,290,SSR.PR.
18:36:32,1136,#ff0000,3,42.507,12.399,290,SSR.PR.
18:36:37,1136,#ff0000,3,42.498,12.410,290,SSR.PR.
18:36:42,1136,#ff0000,3,42.488,12.424,290,SSR.PR.
18:36:49,1136,#ff0000,3,42.479,12.436,290,SSR.PR.
18:36:54,1136,#ff0000,3,42.470,12.440,290,SSR.
18:36:59,1136,#ff0000,3,42.459,12.463,290,SSR.PR.
18:37:05,1136,#ff0000,3,42.450,12.473,290,SSR.PR.
18:37:11,1136,#ff0000,3,42.438,12.495,290,SSR.PR.
18:37:16,1136,#ff0000,3,42.430,12.497,290,SSR.PR.
18:37:22,1136,#ff0000,3,42.420,12.515,290,SSR.PR.
18:37:27,1136,#ff0000,3,42.411,12.525,290,SSR.PR.
18:37:33,1136,#ff0000,3,42.403,12.534,290,SSR.
18:37:39,1136,#ff0000,3,42.391,12.553,290,SSR.PR.
18:37:44,1136,#ff0000,3,42.382,12.563,290,SSR.PR.
18:37:49,1136,#ff0000,3,42.372,12.576,290,SSR.PR.
18:37:55,1136,#ff0000,3,42.363,12.588,290,SSR.
18:38:01,1136,#ff0000,3,42.350,12.612,290,SSR.PR.
18:38:06,1136,#ff0000,3,42.342,12.620,290,SSR.PR.
18:38:11,1136,#ff0000,3,42.333,12.630,290,SSR.PR.
18:38:18,1136,#ff0000,3,42.321,12.646,290,SSR.PR.
18:38:23,1136,#ff0000,3,42.310,12.655,290,SSR.PR.
18:38:28,1136,#ff0000,3,42.300,12.667,290,SSR.PR.
18:38:34,1136,#ff0000,3,42.288,12.682,290,SSR.PR.
18:38:40,1136,#ff0000,3,42.279,12.691,290,SSR.PR.
18:38:45,1136,#ff0000,3,42.269,12.701,290,SSR.PR.
18:38:51,1136,#ff0000,3,42.257,12.714,290,SSR.PR.
18:38:56,1136,#ff0000,3,42.246,12.726,290,SSR.PR.
18:39:03,1136,#ff0000,3,42.236,12.737,290,SSR.PR.
18:39:08,1136,#ff0000,3,42.225,12.746,290,SSR.PR.
18:39:13,1136,#ff0000,3,42.216,12.758,290,SSR.PR.
18:39:18,1136,#ff0000,3,42.203,12.771,290,SSR.PR.
18:39:25,1136,#ff0000,3,42.189,12.787,290,SSR.PR.
18:39:30,1136,#ff0000,3,42.183,12.793,290,SSR.PR.
18:39:35,1136,#ff0000,3,42.175,12.802,290,SSR.
18:39:42,1136,#ff0000,3,42.162,12.814,290,SSR.
18:39:47,1136,#ff0000,3,42.153,12.825,290,SSR.
18:39:52,1136,#ff0000,3,42.143,12.837,290,SSR.
18:39:58,1136,#ff0000,3,42.141,12.840,290,SSR.PR.
18:40:04,1136,#ff0000,3,42.121,12.859,290,SSR.
18:40:09,1136,#ff0000,3,42.109,12.871,290,SSR.
18:40:15,1136,#ff0000,3,42.100,12.882,290,SSR.PR.
18:40:20,1136,#ff0000,3,42.089,12.894,290,SSR.
18:40:27,1136,#ff0000,3,42.074,12.908,290,SSR.PR.
18:40:32,1136,#ff0000,3,42.060,12.921,290,SSR.PR.
18:40:37,1136,#ff0000,3,42.052,12.931,290,SSR.PR.
18:40:43,1136,#ff0000,3,42.043,12.941,290,SSR.PR.
18:40:49,1136,#ff0000,3,42.036,12.950,290,SSR.PR.
18:40:54,1136,#ff0000,3,42.022,12.962,290,SSR.PR.
18:41:00,1136,#ff0000,3,42.010,12.971,289,SSR.PR.
18:41:05,1136,#ff0000,3,41.998,12.980,289,SSR.PR.
18:41:11,1136,#ff0000,3,41.990,12.985,289,SSR.
18:41:16,1136,#ff0000,3,41.976,12.991,289,SSR.
18:41:22,1136,#ff0000,3,41.963,12.996,289,SSR.
18:41:27,1136,#ff0000,3,41.956,12.999,290,SSR.
18:41:33,1136,#ff0000,3,41.942,13.003,290,SSR.
18:41:39,1136,#ff0000,3,41.930,13.007,290,SSR.
18:41:44,1136,#ff0000,3,41.918,13.010,290,SSR.
18:41:49,1136,#ff0000,3,41.908,13.013,290,SSR.
18:41:56,1136,#ff0000,3,41.896,13.017,290,SSR.
18:42:01,1136,#ff0000,3,41.879,13.020,290,SSR.PR.
18:42:06,1136,#ff0000,3,41.871,13.023,290,SSR.PR.
18:42:13,1136,#ff0000,3,41.858,13.025,290,SSR.PR.
18:42:18,1136,#ff0000,3,41.848,13.028,290,SSR.PR.
18:42:24,1136,#ff0000,3,41.835,13.031,290,SSR.PR.
18:42:29,1136,#ff0000,3,41.816,13.034,290,SSR.PR.
18:42:35,1136,#ff0000,3,41.813,13.037,290,SSR.PR.
18:42:40,1136,#ff0000,3,41.797,13.040,290,SSR.PR.
18:42:46,1136,#ff0000,3,41.785,13.042,290,SSR.PR.
18:42:51,1136,#ff0000,3,41.774,13.044,290,SSR.PR.
18:42:57,1136,#ff0000,3,41.765,13.047,0,SSR.PR.
18:43:03,1136,#ff0000,3,41.752,13.048,0,SSR.PR.
18:43:08,1136,#ff0000,3,41.742,13.051,290,SSR.PR.
18:43:13,1136,#ff0000,3,41.726,13.053,290,SSR.PR.
18:43:20,1136,#ff0000,3,41.714,13.055,290,SSR.PR.
18:43:25,1136,#ff0000,3,41.707,13.058,290,SSR.PR.
18:43:30,1136,#ff0000,3,41.693,13.059,290,SSR.PR.
18:43:36,1136,#ff0000,3,41.683,13.061,290,SSR.PR.
18:43:42,1136,#ff0000,3,41.670,13.063,290,SSR.PR.
18:43:47,1136,#ff0000,3,41.657,13.064,290,SSR.PR.
18:43:52,1136,#ff0000,3,41.647,13.066,290,SSR.PR.
18:43:58,1136,#ff0000,3,41.637,13.069,290,SSR.PR.
18:44:04,1136,#ff0000,3,41.628,13.070,290,SSR.PR.
18:44:09,1136,#ff0000,3,41.620,13.073,290,SSR.PR.
18:44:15,1136,#ff0000,3,41.613,13.076,289,SSR.PR.
18:44:20,1136,#ff0000,3,41.599,13.076,289,SSR.PR.
18:44:27,1136,#ff0000,3,41.584,13.075,289,SSR.PR.
18:44:32,1136,#ff0000,3,41.563,13.071,289,SSR.PR.
18:44:37,1136,#ff0000,3,41.555,13.073,289,SSR.PR.
18:44:44,1136,#ff0000,3,41.541,13.073,290,SSR.PR.
18:44:49,1136,#ff0000,3,41.536,13.076,290,SSR.PR.
18:44:54,1136,#ff0000,3,41.521,13.075,290,SSR.PR.
18:44:59,1136,#ff0000,3,41.510,13.075,290,SSR.PR.
18:45:06,1136,#ff0000,3,41.502,13.078,290,SSR.PR.
18:45:11,1136,#ff0000,3,41.487,13.076,290,SSR.PR.
18:45:16,1136,#ff0000,3,41.480,13.079,290,SSR.PR.
18:45:22,1136,#ff0000,3,41.467,13.078,290,SSR.PR.
18:45:28,1136,#ff0000,3,41.457,13.079,290,SSR.PR.
18:45:33,1136,#ff0000,3,41.442,13.078,290,SSR.PR.
18:45:39,1136,#ff0000,3,41.434,13.079,290,SSR.PR.
18:45:44,1136,#ff0000,3,41.423,13.079,290,SSR.PR.
18:45:50,1136,#ff0000,3,41.412,13.075,289,SSR.PR.
18:45:56,1136,#ff0000,3,41.400,13.072,289,SSR.PR.
18:46:01,1136,#ff0000,3,41.393,13.071,289,SSR.PR.
18:46:06,1136,#ff0000,3,41.379,13.063,289,SSR.PR.
18:46:13,1136,#ff0000,3,41.371,13.061,289,SSR.PR.
18:46:18,1136,#ff0000,3,41.359,13.055,290,SSR.PR.
18:46:23,1136,#ff0000,3,41.352,13.053,290,SSR.PR.
18:46:29,1136,#ff0000,3,41.343,13.052,290,SSR.PR.
18:46:35,1136,#ff0000,3,41.331,13.045,290,SSR.PR.
18:46:40,1136,#ff0000,3,41.321,13.042,290,SSR.PR.
18:46:45,1136,#ff0000,3,41.310,13.035,290,SSR.
18:46:51,1136,#ff0000,3,41.301,13.033,290,SSR.PR.
18:46:57,1136,#ff0000,3,41.290,13.028,290,SSR.PR.
18:47:03,1136,#ff0000,3,41.281,13.023,289,SSR.PR.
18:47:08,1136,#ff0000,3,41.273,13.021,288,SSR.PR.
18:47:13,1136,#ff0000,3,41.262,13.017,287,SSR.PR.
18:47:20,1136,#ff0000,3,41.251,13.011,286,SSR.PR.
18:47:25,1136,#ff0000,3,41.242,13.008,286,SSR.PR.
18:47:30,1136,#ff0000,3,41.229,13.001,285,SSR.PR.
18:47:36,1136,#ff0000,3,41.220,12.997,284,SSR.PR.
18:47:42,1136,#ff0000,3,41.207,12.990,283,SSR.PR.
18:47:47,1136,#ff0000,3,41.204,12.996,282,SSR.PR.
18:47:52,1136,#ff0000,3,41.188,12.983,282,SSR.PR.
18:47:59,1136,#ff0000,3,41.180,12.982,281,SSR.PR.
18:48:04,1136,#ff0000,3,41.168,12.977,280,SSR.PR.
18:48:09,1136,#ff0000,3,41.159,12.974,279,SSR.PR.
18:48:15,1136,#ff0000,3,41.149,12.970,278,SSR.PR.
18:48:21,1136,#ff0000,3,41.138,12.966,277,SSR.PR.
18:48:26,1136,#ff0000,3,41.128,12.963,276,SSR.PR.
18:48:32,1136,#ff0000,3,41.119,12.964,276,SSR.PR.
18:48:37,1136,#ff0000,3,41.109,12.961,275,SSR.PR.
18:48:43,1136,#ff0000,3,41.095,12.950,274,SSR.PR.
18:48:49,1136,#ff0000,3,41.085,12.950,273,SSR.PR.
18:48:54,1136,#ff0000,3,41.076,12.948,273,SSR.PR.
18:48:59,1136,#ff0000,3,41.068,12.950,272,SSR.PR.
18:49:06,1136,#ff0000,3,41.054,12.940,271,SSR.PR.
18:49:11,1136,#ff0000,3,41.040,12.932,270,SSR.PR.
18:49:16,1136,#ff0000,3,41.030,12.928,269,SSR.PR.
18:49:22,1136,#ff0000,3,41.019,12.922,269,SSR.PR.
18:49:28,1136,#ff0000,3,41.012,12.926,268,SSR.PR.
18:49:33,1136,#ff0000,3,40.999,12.918,267,SSR.PR.
18:49:38,1136,#ff0000,3,40.990,12.919,266,SSR.PR.
18:49:44,1136,#ff0000,3,40.976,12.909,265,SSR.PR.
18:49:50,1136,#ff0000,3,40.967,12.910,264,SSR.PR.
18:49:55,1136,#ff0000,3,40.954,12.902,264,SSR.
18:50:01,1136,#ff0000,3,40.946,12.908,263,SSR.PR.
18:50:07,1136,#ff0000,3,40.933,12.900,262,SSR.PR.
18:50:12,1136,#ff0000,3,40.923,12.898,261,SSR.PR.
18:50:18,1136,#ff0000,3,40.912,12.897,260,SSR.PR.
18:50:23,1136,#ff0000,3,40.901,12.893,259,SSR.PR.
18:50:30,1136,#ff0000,3,40.887,12.882,258,SSR.
18:50:35,1136,#ff0000,3,40.880,12.890,257,SSR.PR.
18:50:40,1136,#ff0000,3,40.867,12.886,256,SSR.PR.
18:50:45,1136,#ff0000,3,40.859,12.892,256,SSR.PR.
18:50:52,1136,#ff0000,3,40.842,12.879,255,SSR.PR.
18:50:57,1136,#ff0000,3,40.831,12.880,255,SSR.PR.
18:51:02,1136,#ff0000,3,40.818,12.878,255,SSR.PR.
18:51:08,1136,#ff0000,3,40.805,12.872,254,SSR.
18:51:14,1136,#ff0000,3,40.794,12.876,254,SSR.
18:51:19,1136,#ff0000,3,40.787,12.884,253,SSR.PR.
18:51:25,1136,#ff0000,3,40.775,12.883,253,SSR.
18:51:30,1136,#ff0000,3,40.760,12.875,252,SSR.PR.
18:51:36,1136,#ff0000,3,40.752,12.883,252,SSR.PR.
18:51:42,1136,#ff0000,3,40.736,12.871,251,SSR.PR.
18:51:47,1136,#ff0000,3,40.727,12.879,250,SSR.PR.
18:51:52,1136,#ff0000,3,40.717,12.883,250,SSR.PR.
18:51:58,1136,#ff0000,3,40.703,12.875,250,SSR.PR.
18:52:04,1136,#ff0000,3,40.692,12.874,250,SSR.PR.
18:52:09,1136,#ff0000,3,40.682,12.880,250,SSR.PR.
18:52:14,1136,#ff0000,3,40.668,12.872,250,SSR.
18:52:21,1136,#ff0000,3,40.657,12.873,250,SSR.PR.
18:52:26,1136,#ff0000,3,40.646,12.875,250,SSR.PR.
18:52:31,1136,#ff0000,3,40.636,12.878,250,SSR.PR.
18:52:38,1136,#ff0000,3,40.623,12.872,251,SSR.PR.
18:52:43,1136,#ff0000,3,40.611,12.870,251,SSR.PR.
18:52:48,1136,#ff0000,3,40.639,12.988,251,SSR.PR.
18:52:54,1136,#ff0000,3,40.588,12.874,251,SSR.PR.
18:53:00,1136,#ff0000,3,40.579,12.879,251,SSR.PR.
18:53:05,1136,#ff0000,3,40.564,12.872,250,SSR.
18:53:10,1136,#ff0000,3,40.557,12.884,250,SSR.PR.
18:53:16,1136,#ff0000,3,40.545,12.882,250,SSR.PR.
18:53:22,1136,#ff0000,3,40.533,12.882,250,SSR.PR.
18:53:27,1136,#ff0000,3,40.520,12.877,250,SSR.PR.
18:53:33,1136,#ff0000,3,40.508,12.877,250,SSR.PR.
18:53:38,1136,#ff0000,3,40.499,12.885,250,SSR.PR.
18:53:44,1136,#ff0000,3,40.485,12.880,250,SSR.PR.
18:53:50,1136,#ff0000,3,40.472,12.874,250,SSR.
18:53:55,1136,#ff0000,3,40.461,12.876,250,SSR.PR.
18:54:00,1136,#ff0000,3,40.449,12.876,251,SSR.
18:54:07,1136,#ff0000,3,40.442,12.894,251,SSR.PR.
18:54:12,1136,#ff0000,3,40.429,12.886,251,SSR.PR.
18:54:17,1136,#ff0000,3,40.417,12.882,250,SSR.PR.
18:54:22,1136,#ff0000,3,40.404,12.881,250,SSR.PR.
18:54:29,1136,#ff0000,3,40.392,12.881,250,SSR.PR.
18:54:34,1136,#ff0000,3,40.385,12.896,250,SSR.PR.
18:54:39,1136,#ff0000,3,40.371,12.884,250,SSR.PR.
18:54:45,1136,#ff0000,3,40.359,12.886,250,SSR.PR.
18:54:51,1136,#ff0000,3,40.349,12.890,250,SSR.PR.
18:54:56,1136,#ff0000,3,40.332,12.872,250,SSR.PR.
18:55:02,1136,#ff0000,3,40.324,12.882,250,SSR.PR.
18:55:07,1136,#ff0000,3,40.314,12.890,250,SSR.PR.
18:55:13,1136,#ff0000,3,40.305,12.897,250,SSR.PR.
18:55:19,1136,#ff0000,3,40.291,12.890,250,SSR.PR.
18:55:24,1136,#ff0000,3,40.279,12.888,250,SSR.PR.
18:55:29,1136,#ff0000,3,40.268,12.890,250,SSR.PR.
18:55:36,1136,#ff0000,3,40.256,12.887,250,SSR.PR.
18:55:41,1136,#ff0000,3,40.249,12.905,250,SSR.PR.
18:55:46,1136,#ff0000,3,40.235,12.896,250,SSR.PR.
18:55:53,1136,#ff0000,3,40.221,12.885,250,SSR.PR.
18:55:58,1136,#ff0000,3,40.208,12.884,250,SSR.PR.
18:56:03,1136,#ff0000,3,40.204,12.910,250,SSR.PR.
18:56:08,1136,#ff0000,3,40.193,12.914,250,SSR.PR.
18:56:15,1136,#ff0000,3,40.180,12.910,250,SSR.PR.
18:56:20,1136,#ff0000,3,40.171,12.928,250,SSR.PR.
18:56:25,1136,#ff0000,3,40.150,12.892,250,SSR.PR.
18:56:31,1136,#ff0000,3,40.143,12.910,250,SSR.PR.
18:56:37,1136,#ff0000,3,40.135,12.928,250,SSR.PR.
18:56:42,1136,#ff0000,3,40.117,12.910,250,SSR.
18:56:48,1136,#ff0000,3,40.108,12.920,250,SSR.
18:56:53,1136,#ff0000,3,40.095,12.914,250,SSR.PR.
18:56:59,1136,#ff0000,3,40.082,12.916,250,SSR.PR.
18:57:04,1136,#ff0000,3,40.074,12.934,250,SSR.PR.
18:57:10,1136,#ff0000,3,40.057,12.914,250,SSR.PR.
18:57:15,1136,#ff0000,3,40.047,12.926,250,SSR.PR.
18:57:21,1136,#ff0000,3,40.034,12.923,250,SSR.PR.
18:57:27,1136,#ff0000,3,40.026,12.942,250,SSR.PR.
18:57:32,1136,#ff0000,3,40.017,12.957,250,SSR.PR.
18:57:37,1136,#ff0000,3,40.005,12.958,250,SSR.PR.
18:57:44,1136,#ff0000,3,39.988,12.941,250,SSR.PR.
18:57:49,1136,#ff0000,3,39.978,12.953,250,SSR.PR.
18:57:54,1136,#ff0000,3,39.968,12.961,250,SSR.PR.
18:58:00,1136,#ff0000,3,39.954,12.954,250,SSR.PR.
18:58:06,1136,#ff0000,3,39.944,12.963,250,SSR.PR.
18:58:11,1136,#ff0000,3,39.934,12.974,250,SSR.PR.
18:58:17,1136,#ff0000,3,39.921,12.972,250,SSR.PR.
18:58:22,1136,#ff0000,3,39.908,12.968,250,SSR.PR.
18:58:28,1136,#ff0000,3,39.892,12.958,250,SSR.PR.
18:58:33,1136,#ff0000,3,39.887,12.989,250,SSR.PR.
18:58:39,1136,#ff0000,3,39.879,13.008,250,SSR.PR.
18:58:45,1136,#ff0000,3,39.857,12.967,250,SSR.
18:58:50,1136,#ff0000,3,39.856,13.018,250,SSR.PR.
18:58:56,1136,#ff0000,3,39.842,13.010,250,SSR.PR.
18:59:01,1136,#ff0000,3,39.826,12.996,250,SSR.PR.
18:59:07,1136,#ff0000,3,39.815,13.000,250,SSR.PR.
18:59:13,1136,#ff0000,3,39.806,13.016,250,SSR.PR.
18:59:18,1136,#ff0000,3,39.789,12.996,250,SSR.PR.
18:59:23,1136,#ff0000,3,39.778,13.005,250,SSR.PR.
18:59:30,1136,#ff0000,3,39.771,13.025,250,SSR.PR.
18:59:35,1136,#ff0000,3,39.755,13.013,250,SSR.PR.
18:59:40,1136,#ff0000,3,39.745,13.022,250,SSR.PR.
18:59:45,1136,#ff0000,3,39.732,13.018,250,SSR.PR.
null,null,null,null,null,null,null
18:39:12,0323,#0000ff,3,42.888,9.019,370,SSR.
18:39:17,0323,#0000ff,3,42.857,9.021,370,SSR.
18:39:23,0323,#0000ff,3,42.859,9.042,370,SSR.
18:39:28,0323,#0000ff,3,42.854,9.059,370,SSR.
18:39:34,0323,#0000ff,3,42.838,9.070,370,SSR.
18:39:39,0323,#0000ff,3,42.829,9.084,370,SSR.
18:39:45,0323,#0000ff,3,42.830,9.107,370,SSR.
18:39:51,0323,#0000ff,3,42.822,9.122,370,SSR.
18:39:56,0323,#0000ff,3,42.806,9.132,370,SSR.
18:40:01,0323,#0000ff,3,42.793,9.145,370,SSR.
18:40:08,0323,#0000ff,3,42.788,9.162,370,SSR.
18:40:13,0323,#0000ff,3,42.782,9.181,370,SSR.
18:40:18,0323,#0000ff,3,42.771,9.194,370,SSR.
18:40:25,0323,#0000ff,3,42.769,9.213,370,SSR.
18:40:30,0323,#0000ff,3,42.766,9.233,370,SSR.
18:40:35,0323,#0000ff,3,42.744,9.240,370,SSR.
18:40:41,0323,#0000ff,3,42.736,9.256,370,SSR.
18:40:47,0323,#0000ff,3,42.724,9.270,370,SSR.PR.
18:40:52,0323,#0000ff,3,42.705,9.280,370,SSR.PR.
18:40:57,0323,#0000ff,3,42.700,9.297,370,SSR.PR.
18:41:03,0323,#0000ff,3,42.688,9.310,370,SSR.
18:41:09,0323,#0000ff,3,42.687,9.331,370,SSR.PR.
18:41:14,0323,#0000ff,3,42.682,9.348,370,SSR.PR.
18:41:20,0323,#0000ff,3,42.683,9.368,370,SSR.
18:41:25,0323,#0000ff,3,42.648,9.371,370,SSR.PR.
18:41:31,0323,#0000ff,3,42.657,9.395,370,SSR.PR.
18:41:37,0323,#0000ff,3,42.639,9.406,370,SSR.PR.
18:41:42,0323,#0000ff,3,42.640,9.427,370,SSR.
18:41:47,0323,#0000ff,3,42.619,9.436,370,SSR.PR.
18:41:54,0323,#0000ff,3,42.633,9.465,370,SSR.
18:41:59,0323,#0000ff,3,42.616,9.475,370,SSR.PR.
18:42:04,0323,#0000ff,3,42.595,9.484,370,SSR.PR.
18:42:10,0323,#0000ff,3,42.590,9.503,370,SSR.PR.
18:42:16,0323,#0000ff,3,42.588,9.521,370,SSR.PR.
18:42:21,0323,#0000ff,3,42.596,9.546,370,SSR.PR.
18:42:27,0323,#0000ff,3,42.581,9.561,371,SSR.PR.
18:42:32,0323,#0000ff,3,42.566,9.575,371,SSR.PR.
18:42:38,0323,#0000ff,3,42.567,9.596,371,SSR.PR.
18:42:44,0323,#0000ff,3,42.556,9.612,371,SSR.PR.
18:42:49,0323,#0000ff,3,42.551,9.632,371,SSR.PR.
18:42:54,0323,#0000ff,3,42.560,9.658,371,SSR.PR.
18:43:00,0323,#0000ff,3,42.552,9.676,371,SSR.PR.
18:43:06,0323,#0000ff,3,42.567,9.705,370,SSR.PR.
18:43:11,0323,#0000ff,3,42.533,9.708,370,SSR.PR.
18:43:17,0323,#0000ff,3,42.536,9.733,370,SSR.PR.
18:43:23,0323,#0000ff,3,42.539,9.756,370,SSR.
18:43:28,0323,#0000ff,3,42.536,9.777,370,SSR.PR.
18:43:33,0323,#0000ff,3,42.520,9.789,370,SSR.PR.
18:43:40,0323,#0000ff,3,42.523,9.812,370,SSR.PR.
18:43:45,0323,#0000ff,3,42.517,9.832,370,SSR.PR.
18:43:50,0323,#0000ff,3,42.515,9.852,370,SSR.PR.
18:43:56,0323,#0000ff,3,42.517,9.876,370,SSR.PR.
18:44:02,0323,#0000ff,3,42.499,9.887,370,SSR.PR.
18:44:07,0323,#0000ff,3,42.501,9.909,370,SSR.PR.
18:44:12,0323,#0000ff,3,42.495,9.929,370,SSR.PR.
18:44:18,0323,#0000ff,3,42.490,9.947,370,SSR.PR.
18:44:24,0323,#0000ff,3,42.487,9.968,370,SSR.PR.
18:44:29,0323,#0000ff,3,42.479,9.985,370,SSR.PR.
18:44:35,0323,#0000ff,3,42.476,10.005,370,SSR.PR.
18:44:40,0323,#0000ff,3,42.478,10.029,370,SSR.PR.
18:44:46,0323,#0000ff,3,42.462,10.042,370,SSR.PR.
18:44:52,0323,#0000ff,3,42.460,10.061,370,SSR.PR.
18:44:57,0323,#0000ff,3,42.454,10.081,370,SSR.PR.
18:45:02,0323,#0000ff,3,42.463,10.107,370,SSR.PR.
18:45:08,0323,#0000ff,3,42.460,10.127,370,SSR.PR.
18:45:14,0323,#0000ff,3,42.454,10.146,370,SSR.PR.
18:45:19,0323,#0000ff,3,42.434,10.157,370,SSR.PR.
18:45:24,0323,#0000ff,3,42.440,10.181,370,SSR.PR.
18:45:31,0323,#0000ff,3,42.434,10.201,370,SSR.PR.
18:45:36,0323,#0000ff,3,42.436,10.223,370,SSR.PR.
18:45:41,0323,#0000ff,3,42.423,10.239,370,SSR.PR.
18:45:53,1235,#0000ff,3,42.417,10.278,370,SSR.PR.
18:45:58,1235,#0000ff,3,42.406,10.293,370,SSR.PR.
18:46:04,1235,#0000ff,3,42.400,10.313,370,SSR.PR.
18:46:10,1235,#0000ff,3,42.403,10.336,370,SSR.PR.
18:46:15,1235,#0000ff,3,42.396,10.353,371,SSR.PR.
18:46:21,1235,#0000ff,3,42.386,10.369,370,SSR.PR.
18:46:26,1235,#0000ff,3,42.369,10.382,370,SSR.PR.
18:46:32,1235,#0000ff,3,42.370,10.404,370,SSR.PR.
18:46:38,1235,#0000ff,3,42.375,10.427,370,SSR.
18:46:43,1235,#0000ff,3,42.360,10.439,370,SSR.
18:46:48,1235,#0000ff,3,42.356,10.460,370,SSR.
18:46:54,1235,#0000ff,3,42.382,10.496,370,SSR.
18:47:00,1235,#0000ff,3,42.347,10.497,370,SSR.
18:47:05,1235,#0000ff,3,42.337,10.513,370,SSR.        SPI.
18:47:10,1235,#0000ff,3,42.330,10.530,370,SSR.        SPI.
18:47:17,1235,#0000ff,3,42.320,10.546,370,SSR.        SPI.
18:47:22,1235,#0000ff,3,42.313,10.563,370,SSR.        SPI.
18:47:27,1235,#0000ff,3,42.296,10.575,370,SSR.PR.     SPI.
18:47:33,1235,#0000ff,3,42.313,10.606,370,SSR.
18:47:39,1235,#0000ff,3,42.295,10.617,370,SSR.PR.
18:47:44,1235,#0000ff,3,42.287,10.634,370,SSR.PR.
18:47:50,1235,#0000ff,3,42.278,10.651,370,SSR.PR.
18:47:55,1235,#0000ff,3,42.273,10.669,370,SSR.PR.
18:48:01,1235,#0000ff,3,42.270,10.690,370,SSR.PR.
18:48:06,1235,#0000ff,3,42.261,10.707,370,SSR.PR.
18:48:12,1235,#0000ff,3,42.247,10.720,370,SSR.PR.
18:48:17,1235,#0000ff,3,42.240,10.738,370,SSR.PR.
18:48:23,1235,#0000ff,3,42.230,10.753,370,SSR.PR.
18:48:29,1235,#0000ff,3,42.228,10.773,370,SSR.PR.
18:48:34,1235,#0000ff,3,42.224,10.792,370,SSR.PR.
18:48:39,1235,#0000ff,3,42.221,10.812,370,SSR.PR.
18:48:46,1235,#0000ff,3,42.209,10.826,370,SSR.PR.
18:48:51,1235,#0000ff,3,42.194,10.840,370,SSR.PR.
18:48:56,1235,#0000ff,3,42.195,10.862,370,SSR.PR.
18:49:03,1235,#0000ff,3,42.190,10.880,370,SSR.PR.
18:49:08,1235,#0000ff,3,42.186,10.899,370,SSR.PR.
18:49:13,1235,#0000ff,3,42.172,10.914,370,SSR.PR.
18:49:19,1235,#0000ff,3,42.176,10.937,370,SSR.PR.
18:49:25,1235,#0000ff,3,42.168,10.954,370,SSR.PR.
18:49:30,1235,#0000ff,3,42.160,10.973,370,SSR.PR.
18:49:35,1235,#0000ff,3,42.159,10.993,370,SSR.PR.
18:49:41,1235,#0000ff,3,42.150,11.009,371,SSR.PR.
18:49:47,1235,#0000ff,3,42.144,11.027,370,SSR.PR.
18:49:52,1235,#0000ff,3,42.138,11.045,370,SSR.PR.
18:49:58,1235,#0000ff,3,42.136,11.066,370,SSR.PR.
18:50:03,1235,#0000ff,3,42.128,11.083,370,SSR.PR.
18:50:09,1235,#0000ff,3,42.117,11.099,370,SSR.PR.
18:50:15,1235,#0000ff,3,42.117,11.121,370,SSR.PR.
18:50:20,1235,#0000ff,3,42.110,11.139,370,SSR.PR.
18:50:25,1235,#0000ff,3,42.106,11.158,370,SSR.PR.
18:50:32,1235,#0000ff,3,42.098,11.174,370,SSR.PR.
18:50:37,1235,#0000ff,3,42.093,11.194,370,SSR.PR.
18:50:42,1235,#0000ff,3,42.082,11.210,370,SSR.PR.
18:50:48,1235,#0000ff,3,42.080,11.229,370,SSR.PR.
18:50:54,1235,#0000ff,3,42.077,11.249,370,SSR.PR.
18:50:59,1235,#0000ff,3,42.073,11.268,370,SSR.PR.
18:51:04,1235,#0000ff,3,42.065,11.286,370,SSR.PR.
18:51:10,1235,#0000ff,3,42.060,11.304,370,SSR.PR.
18:51:16,1235,#0000ff,3,42.052,11.321,370,SSR.PR.
18:51:21,1235,#0000ff,3,42.046,11.340,370,SSR.PR.
18:51:27,1235,#0000ff,3,42.041,11.359,370,SSR.PR.
18:51:32,1235,#0000ff,3,42.034,11.377,370,SSR.PR.
18:51:38,1235,#0000ff,3,42.033,11.397,370,SSR.PR.
18:51:44,1235,#0000ff,3,42.022,11.412,370,SSR.PR.
18:51:49,1235,#0000ff,3,42.020,11.432,370,SSR.
18:51:55,1235,#0000ff,3,42.008,11.447,370,SSR.
18:52:01,1235,#0000ff,3,42.006,11.465,370,SSR.PR.
18:52:06,1235,#0000ff,3,41.995,11.481,370,SSR.PR.
18:52:11,1235,#0000ff,3,41.986,11.494,370,SSR.PR.
18:52:17,1235,#0000ff,3,41.976,11.509,370,SSR.PR.
18:52:23,1235,#0000ff,3,41.970,11.526,370,SSR.PR.
18:52:28,1235,#0000ff,3,41.959,11.538,370,SSR.PR.
18:52:33,1235,#0000ff,3,41.952,11.555,370,SSR.PR.
18:52:40,1235,#0000ff,3,41.941,11.569,370,SSR.PR.
18:52:45,1235,#0000ff,3,41.932,11.583,370,SSR.PR.
18:52:50,1235,#0000ff,3,41.925,11.599,370,SSR.
18:52:55,1235,#0000ff,3,41.914,11.613,370,SSR.PR.
18:53:02,1235,#0000ff,3,41.905,11.629,370,SSR.PR.
18:53:07,1235,#0000ff,3,41.900,11.644,370,SSR.
18:53:12,1235,#0000ff,3,41.890,11.658,370,SSR.PR.
18:53:18,1235,#0000ff,3,41.877,11.671,370,SSR.PR.
18:53:24,1235,#0000ff,3,41.870,11.683,370,SSR.
18:53:29,1235,#0000ff,3,41.857,11.696,370,SSR.PR.
18:53:34,1235,#0000ff,3,41.851,11.709,370,SSR.
18:53:40,1235,#0000ff,3,41.839,11.721,370,SSR.
18:53:46,1235,#0000ff,3,41.826,11.733,370,SSR.PR.
18:53:51,1235,#0000ff,3,41.818,11.747,370,SSR.
18:53:57,1235,#0000ff,3,41.805,11.760,370,SSR.PR.
18:54:02,1235,#0000ff,3,41.798,11.772,370,SSR.
18:54:08,1235,#0000ff,3,41.783,11.785,370,SSR.PR.
18:54:14,1235,#0000ff,3,41.777,11.797,370,SSR.
18:54:19,1235,#0000ff,3,41.765,11.811,370,SSR.PR.
18:54:24,1235,#0000ff,3,41.756,11.822,370,SSR.
18:54:30,1235,#0000ff,3,41.741,11.837,370,SSR.PR.
18:54:35,1235,#0000ff,3,41.734,11.848,370,SSR.
18:54:41,1235,#0000ff,3,41.725,11.861,370,SSR.
18:54:46,1235,#0000ff,3,41.712,11.874,370,SSR.
18:54:52,1235,#0000ff,3,41.701,11.886,370,SSR.
18:54:58,1235,#0000ff,3,41.691,11.900,370,SSR.
18:55:03,1235,#0000ff,3,41.677,11.914,370,SSR.
18:55:09,1235,#0000ff,3,41.663,11.931,370,SSR.PR.
18:55:14,1235,#0000ff,3,41.650,11.947,370,SSR.PR.
18:55:20,1235,#0000ff,3,41.639,11.960,370,SSR.PR.
18:55:25,1235,#0000ff,3,41.633,11.969,370,SSR.
18:55:31,1235,#0000ff,3,41.622,11.984,370,SSR.
18:55:37,1235,#0000ff,3,41.611,11.998,370,SSR.
18:55:42,1235,#0000ff,3,41.601,12.012,370,SSR.
18:55:47,1235,#0000ff,3,41.589,12.028,370,SSR.
18:55:53,1235,#0000ff,3,41.579,12.041,370,SSR.
18:55:58,1235,#0000ff,3,41.569,12.057,370,SSR.
18:56:04,1235,#0000ff,3,41.559,12.071,370,SSR.
18:56:09,1235,#0000ff,3,41.549,12.087,370,SSR.
18:56:15,1235,#0000ff,3,41.539,12.101,370,SSR.
18:56:21,1235,#0000ff,3,41.529,12.116,370,SSR.
18:56:26,1235,#0000ff,3,41.518,12.131,370,SSR.
18:56:31,1235,#0000ff,3,41.509,12.145,370,SSR.
18:56:37,1235,#0000ff,3,41.499,12.159,370,SSR.
18:56:43,1235,#0000ff,3,41.490,12.173,370,SSR.
18:56:48,1235,#0000ff,3,41.479,12.194,370,SSR.PR.
18:56:53,1235,#0000ff,3,41.470,12.202,370,SSR.
18:57:00,1235,#0000ff,3,41.461,12.224,370,SSR.PR.
18:57:05,1235,#0000ff,3,41.450,12.231,370,SSR.
18:57:10,1235,#0000ff,3,41.441,12.243,370,SSR.
18:57:16,1235,#0000ff,3,41.431,12.257,370,SSR.
18:57:22,1235,#0000ff,3,41.422,12.270,370,SSR.
18:57:27,1235,#0000ff,3,41.413,12.294,370,SSR.PR.
18:57:32,1235,#0000ff,3,41.403,12.303,370,SSR.PR.
18:57:37,1235,#0000ff,3,41.393,12.319,370,SSR.PR.
18:57:44,1235,#0000ff,3,41.384,12.334,370,SSR.PR.
18:57:49,1235,#0000ff,3,41.374,12.344,370,SSR.PR.
18:57:54,1235,#0000ff,3,41.363,12.352,370,SSR.
18:58:00,1235,#0000ff,3,41.354,12.371,370,SSR.PR.
18:58:06,1235,#0000ff,3,41.344,12.379,370,SSR.
18:58:11,1235,#0000ff,3,41.335,12.398,370,SSR.PR.
18:58:17,1235,#0000ff,3,41.325,12.413,370,SSR.PR.
18:58:22,1235,#0000ff,3,41.315,12.426,370,SSR.PR.
18:58:28,1235,#0000ff,3,41.305,12.440,370,SSR.PR.
18:58:33,1235,#0000ff,3,41.293,12.444,370,SSR.
18:58:39,1235,#0000ff,3,41.284,12.460,370,SSR.PR.
18:58:45,1235,#0000ff,3,41.275,12.477,370,SSR.PR.
18:58:50,1235,#0000ff,3,41.263,12.485,370,SSR.PR.
18:58:56,1235,#0000ff,3,41.255,12.502,370,SSR.PR.
18:59:01,1235,#0000ff,3,41.243,12.513,370,SSR.PR.
18:59:07,1235,#0000ff,3,41.233,12.522,370,SSR.
18:59:13,1235,#0000ff,3,41.224,12.541,370,SSR.PR.
18:59:18,1235,#0000ff,3,41.215,12.555,370,SSR.PR.
18:59:23,1235,#0000ff,3,41.205,12.570,370,SSR.PR.
18:59:30,1235,#0000ff,3,41.194,12.583,370,SSR.PR.
18:59:35,1235,#0000ff,3,41.185,12.594,371,SSR.PR.
18:59:40,1235,#0000ff,3,41.175,12.608,371,SSR.PR.
18:59:45,1235,#0000ff,3,41.164,12.620,370,SSR.PR.
18:59:52,1235,#0000ff,3,41.156,12.640,370,SSR.PR.
18:59:57,1235,#0000ff,3,41.143,12.647,370,SSR.PR.
19:00:02,1235,#0000ff,3,41.134,12.662,370,SSR.PR.
19:00:08,1235,#0000ff,3,41.124,12.675,370,SSR.PR.
19:00:14,1235,#0000ff,3,41.116,12.694,370,SSR.PR.
19:00:19,1235,#0000ff,3,41.104,12.704,370,SSR.PR.
19:00:25,1235,#0000ff,3,41.095,12.719,371,SSR.PR.
19:00:30,1235,#0000ff,3,41.085,12.731,371,SSR.PR.
19:00:36,1235,#0000ff,3,41.072,12.740,371,SSR.PR.
19:00:41,1235,#0000ff,3,41.062,12.754,370,SSR.PR.
19:00:47,1235,#0000ff,3,41.052,12.767,370,SSR.PR.
19:00:52,1235,#0000ff,3,41.042,12.781,370,SSR.PR.
19:00:58,1235,#0000ff,3,41.032,12.792,370,SSR.PR.
19:01:03,1235,#0000ff,3,41.020,12.805,370,SSR.PR.
19:01:09,1235,#0000ff,3,41.007,12.810,370,SSR.PR.
19:01:14,1235,#0000ff,3,40.997,12.824,370,SSR.PR.
19:01:20,1235,#0000ff,3,40.987,12.840,370,SSR.PR.
19:01:26,1235,#0000ff,3,40.979,12.856,370,SSR.PR.
19:01:31,1235,#0000ff,3,40.964,12.860,370,SSR.PR.
19:01:36,1235,#0000ff,3,40.955,12.876,370,SSR.PR.
19:01:43,1235,#0000ff,3,40.946,12.890,370,SSR.PR.
19:01:48,1235,#0000ff,3,40.936,12.907,370,SSR.PR.
19:01:53,1235,#0000ff,3,40.919,12.903,370,SSR.PR.
19:02:00,1235,#0000ff,3,40.907,12.915,370,SSR.PR.
19:02:05,1235,#0000ff,3,40.899,12.933,370,SSR.PR.
19:02:10,1235,#0000ff,3,40.886,12.941,370,SSR.PR.
19:02:16,1235,#0000ff,3,40.874,12.949,371,SSR.PR.
19:02:22,1235,#0000ff,3,40.866,12.967,371,SSR.PR.
19:02:27,1235,#0000ff,3,40.851,12.968,370,SSR.PR.
19:02:32,1235,#0000ff,3,40.838,12.971,370,SSR.PR.
19:02:38,1235,#0000ff,3,40.830,12.985,370,SSR.PR.
19:02:44,1235,#0000ff,3,40.818,12.992,370,SSR.PR.
19:02:49,1235,#0000ff,3,40.803,12.990,370,SSR.PR.
19:02:55,1235,#0000ff,3,40.791,12.993,370,SSR.PR.
19:03:00,1235,#0000ff,3,40.778,12.997,370,SSR.PR.
19:03:06,1235,#0000ff,3,40.765,12.996,370,SSR.PR.
19:03:12,1235,#0000ff,3,40.753,13.002,370,SSR.PR.
19:03:17,1235,#0000ff,3,40.741,13.005,370,SSR.PR.
19:03:22,1235,#0000ff,3,40.730,13.013,370,SSR.PR.
19:03:29,1235,#0000ff,3,40.718,13.017,370,SSR.PR.
19:03:34,1235,#0000ff,3,40.705,13.018,370,SSR.
19:03:39,1235,#0000ff,3,40.692,13.018,370,SSR.
19:03:45,1235,#0000ff,3,40.683,13.031,370,SSR.PR.
19:03:51,1235,#0000ff,3,40.666,13.025,370,SSR.PR.
19:03:56,1235,#0000ff,3,40.656,13.032,370,SSR.PR.
19:04:02,1235,#0000ff,3,40.645,13.039,370,SSR.PR.
19:04:07,1235,#0000ff,3,40.636,13.049,370,SSR.
19:04:13,1235,#0000ff,3,40.619,13.043,370,SSR.PR.
19:04:19,1235,#0000ff,3,40.604,13.040,370,SSR.
19:04:24,1235,#0000ff,3,40.591,13.043,370,SSR.PR.
19:04:29,1235,#0000ff,3,40.583,13.054,370,SSR.PR.
19:04:36,1235,#0000ff,3,40.566,13.047,370,SSR.
19:04:41,1235,#0000ff,3,40.560,13.069,370,SSR.PR.
19:04:46,1235,#0000ff,3,40.544,13.062,370,SSR.PR.
19:04:53,1235,#0000ff,3,40.532,13.069,370,SSR.PR.
19:04:58,1235,#0000ff,3,40.522,13.076,370,SSR.PR.
19:05:03,1235,#0000ff,3,40.509,13.078,370,SSR.PR.
19:05:08,1235,#0000ff,3,40.500,13.091,370,SSR.PR.
19:05:15,1235,#0000ff,3,40.485,13.090,370,SSR.PR.
19:05:20,1235,#0000ff,3,40.472,13.089,370,SSR.PR.
19:05:25,1235,#0000ff,3,40.458,13.088,370,SSR.PR.
19:05:31,1235,#0000ff,3,40.450,13.103,370,SSR.PR.
19:05:37,1235,#0000ff,3,40.433,13.094,370,SSR.PR.
19:05:42,1235,#0000ff,3,40.424,13.109,370,SSR.PR.
19:05:48,1235,#0000ff,3,40.411,13.108,370,SSR.PR.
19:05:53,1235,#0000ff,3,40.400,13.115,370,SSR.PR.
19:05:59,1235,#0000ff,3,40.384,13.110,370,SSR.PR.
19:06:05,1235,#0000ff,3,40.377,13.129,370,SSR.PR.
19:06:10,1235,#0000ff,3,40.359,13.118,370,SSR.PR.
19:06:15,1235,#0000ff,3,40.348,13.125,370,SSR.PR.
19:06:22,1235,#0000ff,3,40.331,13.117,370,SSR.PR.
19:06:27,1235,#0000ff,3,40.323,13.130,370,SSR.PR.
19:06:32,1235,#0000ff,3,40.308,13.124,370,SSR.PR.
19:06:37,1235,#0000ff,3,40.297,13.134,370,SSR.PR.
19:06:44,1235,#0000ff,3,40.285,13.138,370,SSR.PR.
19:06:49,1235,#0000ff,3,40.272,13.142,370,SSR.PR.
19:06:54,1235,#0000ff,3,40.262,13.151,370,SSR.PR.
19:07:00,1235,#0000ff,3,40.247,13.149,370,SSR.PR.
19:07:06,1235,#0000ff,3,40.233,13.146,370,SSR.PR.
19:07:11,1235,#0000ff,3,40.223,13.156,370,SSR.PR.
19:07:17,1235,#0000ff,3,40.212,13.162,370,SSR.PR.
19:07:23,1235,#0000ff,3,40.202,13.172,370,SSR.PR.
19:07:28,1235,#0000ff,3,40.188,13.172,370,SSR.PR.
19:07:34,1235,#0000ff,3,40.173,13.168,370,SSR.PR.
19:07:45,1235,#0000ff,3,40.150,13.181,370,SSR.PR.
19:07:51,1235,#0000ff,3,40.134,13.175,370,SSR.PR.
19:07:56,1235,#0000ff,3,40.124,13.185,370,SSR.PR.
19:08:13,1235,#0000ff,3,40.089,13.192,370,SSR.PR.
19:08:18,1235,#0000ff,3,40.076,13.187,370,SSR.PR.
19:08:23,1235,#0000ff,3,40.064,13.190,370,SSR.PR.
19:08:30,1235,#0000ff,3,40.051,13.185,370,SSR.
19:08:35,1235,#0000ff,3,40.040,13.191,370,SSR.PR.
19:08:40,1235,#0000ff,3,40.024,13.179,370,SSR.PR.
19:08:46,1235,#0000ff,3,40.014,13.188,370,SSR.PR.
19:08:52,1235,#0000ff,3,40.001,13.182,370,SSR.PR.
19:08:57,1235,#0000ff,3,39.990,13.184,370,SSR.PR.
19:09:03,1235,#0000ff,3,39.978,13.185,370,SSR.PR.
19:09:08,1235,#0000ff,3,39.967,13.191,370,SSR.PR.
19:09:14,1235,#0000ff,3,39.956,13.196,370,SSR.PR.
19:09:19,1235,#0000ff,3,39.942,13.191,370,SSR.PR.
19:09:30,1235,#0000ff,3,39.921,13.197,370,SSR.PR.
19:09:36,1235,#0000ff,3,39.906,13.188,370,SSR.PR.
19:09:42,1235,#0000ff,3,39.897,13.197,370,SSR.PR.
19:09:47,1235,#0000ff,3,39.876,13.167,370,SSR.
19:09:52,1235,#0000ff,3,39.873,13.200,370,SSR.PR.
19:09:59,1235,#0000ff,3,39.863,13.205,370,SSR.PR.
19:10:04,1235,#0000ff,3,39.850,13.198,370,SSR.PR.
19:10:09,1235,#0000ff,3,39.835,13.191,370,SSR.PR.
19:10:16,1235,#0000ff,3,39.824,13.193,370,SSR.PR.
19:10:21,1235,#0000ff,3,39.812,13.190,370,SSR.PR.
19:10:26,1235,#0000ff,3,39.810,13.227,370,SSR.PR.
19:10:32,1235,#0000ff,3,39.788,13.192,370,SSR.PR.
19:10:38,1235,#0000ff,3,39.778,13.196,370,SSR.PR.
19:10:43,1235,#0000ff,3,39.767,13.201,370,SSR.PR.
19:10:48,1235,#0000ff,3,39.753,13.194,370,SSR.PR.
19:10:54,1235,#0000ff,3,39.745,13.207,370,SSR.PR.
19:11:00,1235,#0000ff,3,39.728,13.187,370,SSR.PR.
19:11:05,1235,#0000ff,3,39.717,13.192,370,SSR.PR.
19:11:11,1235,#0000ff,3,39.713,13.217,370,SSR.PR.
19:11:16,1235,#0000ff,3,39.694,13.193,0,SSR.PR.
19:11:22,1235,#0000ff,3,39.683,13.198,370,SSR.PR.
19:11:28,1235,#0000ff,3,39.675,13.207,370,SSR.PR.
19:11:33,1235,#0000ff,3,39.660,13.199,370,SSR.PR.
19:11:38,1235,#0000ff,3,39.648,13.199,370,SSR.PR.
19:11:45,1235,#0000ff,3,39.640,13.208,370,SSR.PR.
19:11:50,1235,#0000ff,3,39.632,13.226,370,SSR.PR.
19:11:55,1235,#0000ff,3,39.613,13.196,370,SSR.PR.
19:12:00,1235,#0000ff,3,39.604,13.205,370,SSR.PR.
19:12:07,1235,#0000ff,3,39.589,13.196,370,SSR.PR.
19:12:40,1235,#0000ff,3,39.520,13.190,370,SSR.
19:12:45,1235,#0000ff,3,39.510,13.195,370,SSR.
19:12:51,1235,#0000ff,3,39.497,13.185,370,SSR.
19:12:57,1235,#0000ff,3,39.486,13.184,370,SSR.
19:13:02,1235,#0000ff,3,39.474,13.180,370,SSR.
19:13:07,1235,#0000ff,3,39.464,13.184,370,SSR.
19:13:14,1235,#0000ff,3,39.451,13.178,370,SSR.
19:13:19,1235,#0000ff,3,39.441,13.182,370,SSR.
19:13:24,1235,#0000ff,3,39.429,13.176,370,SSR.
19:13:31,1235,#0000ff,3,39.418,13.175,370,SSR.
19:13:36,1235,#0000ff,3,39.408,13.179,370,SSR.
19:13:41,1235,#0000ff,3,39.397,13.179,370,SSR.
19:13:46,1235,#0000ff,3,39.385,13.178,370,SSR.
19:13:53,1235,#0000ff,3,39.374,13.172,370,SSR.
19:13:58,1235,#0000ff,3,39.365,13.180,370,SSR.
19:14:03,1235,#0000ff,3,39.350,13.165,370,SSR.
19:14:09,1235,#0000ff,3,39.344,13.183,370,SSR.
19:14:15,1235,#0000ff,3,39.332,13.178,370,SSR.
19:14:20,1235,#0000ff,3,39.318,13.161,370,SSR.
19:14:26,1235,#0000ff,3,39.307,13.160,370,SSR.
19:14:37,1235,#0000ff,3,39.284,13.147,370,SSR.
