t,mx,my,mz,tx,ty,tz,dst,Vm,Vr,Aap,ax,ay,az
0.000,1.75381e-13,-2864.18,6859.57,0,0,7902.05,3048,414,627,0.0,0,0,0
0.200,10.1241,-2792.48,6899.5,10.154,-46.964,7902.05,2923,421,633,0.0,0,0,0
0.400,20.9354,-2716.46,6941.46,20.3079,-93.9279,7902.05,2793,454,666,1.3,-30.7747,-29.5384,61.4847
0.600,32.4993,-2634.59,6986.65,30.4619,-140.892,7902.05,2656,488,699,1.2,-56.4732,-15.7657,42.8948
0.800,44.621,-2546.82,7035.02,40.6159,-187.856,7902.05,2513,522,732,1.5,-82.8549,-1.55915,23.3133
1.000,57.1087,-2453.06,7086.44,50.7698,-234.82,7902.05,2363,555,766,1.9,-109.213,12.4471,3.255
1.200,69.7613,-2353.22,7140.75,60.9238,-281.784,7902.05,2207,588,799,2.3,-134.743,25.5961,-16.6364
1.400,82.3741,-2247.25,7197.76,71.0778,-328.748,7902.05,2044,622,833,2.8,-158.57,37.2472,-35.5941
1.600,94.7476,-2135.09,7257.29,81.2317,-375.712,7902.05,1874,654,866,3.3,-179.784,46.8216,-52.7553
1.800,106.695,-2016.73,7319.16,91.3857,-422.676,7902.05,1697,687,899,3.7,-197.499,53.8498,-67.2154
2.000,118.049,-1892.2,7383.18,101.54,-469.64,7902.05,1514,718,932,3.9,-210.9,58.0145,-78.1078
2.200,128.494,-1764.15,7447.91,111.694,-516.604,7902.05,1328,713,927,2.9,-168.1,27.3597,-28.5961
2.400,137.814,-1638.08,7510.94,121.848,-563.568,7902.05,1144,700,915,2.1,-120.816,-3.98391,25.194
2.600,146.33,-1514.19,7572.65,132.002,-610.532,7902.05,962,687,902,1.9,-82.7104,-28.7014,68.7179
2.800,154.306,-1392.53,7633.37,142.156,-657.496,7902.05,783,675,890,2.1,-52.7782,-48.3362,103.381
3.000,161.951,-1273.18,7693.37,152.31,-704.459,7902.05,606,663,878,2.5,-30.1676,-63.9104,130.323
3.200,169.42,-1156.19,7752.83,162.463,-751.423,7902.05,431,651,866,2.9,-14.1096,-76.1033,150.507
3.400,176.822,-1041.59,7811.91,172.617,-798.387,7902.05,259,640,854,3.2,-3.90328,-85.3642,164.771
3.600,184.227,-929.395,7870.72,182.771,-845.351,7902.05,90,629,843,3.3,1.07792,-91.9621,173.791
3.705,188.164,-870.898,7901.8,188.153,-870.242,7902.05,2,623,837,3.3,1.73738,-92.6227,173.256
-1409.61393,1597.77833
-2935.78769,71.6045777
5877.11307,8884.50533
84.0,28.0
