t,px,py,vx,vy,trk,vv,ra
0.000,-1841.06,-2194.09,202.258,126.385,58.0,185,25.0
0.200,-1783.87,-2105.06,205.639,128.402,58.0,186,24.7
0.400,-1722.72,-2013.79,222.809,136.159,58.6,198,24.5
0.600,-1655.5,-1920.62,241.417,141.181,59.7,210,24.2
0.800,-1582.13,-1825.63,259.643,147.143,60.5,221,24.0
1.000,-1502.76,-1728.47,277.384,154.252,60.9,233,23.8
1.200,-1417.58,-1628.72,294.503,162.674,61.1,245,23.6
1.400,-1326.83,-1525.94,310.788,172.495,61.0,257,23.4
1.600,-1230.82,-1419.65,325.971,183.704,60.6,268,23.3
1.800,-1129.97,-1309.4,339.798,196.197,60.0,280,23.1
2.000,-1024.78,-1194.8,352.028,209.753,59.2,290,23.0
2.200,-918.014,-1077.02,346.254,212.856,58.4,287,23.0
2.400,-814.182,-959.211,337.925,211.967,57.9,282,23.0
2.600,-712.89,-841.915,330.934,209.826,57.6,277,23.0
2.800,-613.761,-725.521,324.899,206.583,57.6,273,23.1
3.000,-516.522,-610.371,319.561,202.387,57.7,270,23.2
3.200,-420.971,-496.757,314.745,197.391,57.9,268,23.4
3.400,-326.956,-384.922,310.323,191.738,58.3,265,23.6
3.600,-234.364,-275.062,306.2,185.561,58.8,263,23.8
3.800,-143.106,-167.332,302.302,178.981,59.4,261,24.1
4.000,-53.1183,-61.8468,298.57,172.104,60.0,260,24.3
4.117,-0.602001,-0.699024,296.423,167.942,60.5,259,24.5
