t,dst,Vm,Vr,Aap,Vm_mach,R_kg,S
0,3048,440,458,0.00,1.250,346,0
0.05,3027,438,456,0.00,1.246,344,22
0.1,3006,437,455,0.00,1.242,342,44
0.15,2985,438,456,0.00,1.243,342,66
0.2,2963,446,463,0.00,1.269,354,88
0.25,2942,455,470,0.00,1.295,367,110
0.3,2920,463,478,0.00,1.322,380,133
0.35,2897,471,483,11.55,1.346,923,157
0.4,2874,478,486,11.36,1.368,929,180
0.45,2851,485,490,11.16,1.390,934,204
0.5,2828,492,493,10.97,1.412,939,229
0.55,2805,499,497,10.76,1.435,943,254
0.6,2781,506,501,10.56,1.457,947,279
0.65,2757,513,505,10.35,1.479,950,304
0.7,2732,520,509,10.14,1.502,952,330
0.75,2708,527,513,9.93,1.525,954,356
0.8,2683,534,517,9.71,1.548,956,383
0.85,2657,541,522,9.48,1.571,956,409
0.9,2632,549,526,9.25,1.594,957,437
0.95,2606,556,531,9.02,1.617,957,464
1,2580,563,536,8.78,1.640,956,492
1.05,2553,571,540,8.54,1.663,955,521
1.1,2527,578,545,8.29,1.687,953,549
1.15,2500,585,551,8.03,1.711,951,578
1.2,2472,593,556,7.77,1.735,948,608
1.25,2445,600,561,7.50,1.759,946,638
1.3,2417,608,567,7.23,1.783,943,668
1.35,2389,616,573,6.95,1.807,940,699
1.4,2360,623,578,6.66,1.832,937,730
1.45,2331,631,584,6.37,1.856,933,761
1.5,2302,639,590,6.06,1.881,930,793
1.55,2272,647,597,5.76,1.906,927,825
1.6,2242,655,603,5.44,1.931,925,857
1.65,2212,663,609,5.13,1.956,922,890
1.7,2182,671,616,4.80,1.982,921,924
1.75,2151,679,623,4.47,2.007,920,957
1.8,2119,687,630,4.13,2.033,920,991
1.85,2088,695,637,3.79,2.059,921,1026
1.9,2056,703,644,3.45,2.085,923,1061
1.95,2024,711,651,3.11,2.111,926,1096
2,1991,720,658,2.77,2.137,931,1132
2.05,1958,726,664,2.51,2.157,934,1168
2.1,1925,722,660,2.58,2.147,928,1204
2.15,1892,719,657,2.65,2.137,921,1241
2.2,1859,716,653,2.71,2.127,915,1276
2.25,1826,713,650,2.77,2.117,909,1312
2.3,1794,709,646,2.83,2.108,902,1348
2.35,1762,706,643,2.89,2.098,896,1383
2.4,1730,703,640,2.95,2.088,890,1418
2.45,1698,700,636,3.00,2.079,884,1453
2.5,1666,697,633,3.06,2.069,877,1488
2.55,1635,694,629,3.11,2.060,871,1523
2.6,1603,690,626,3.16,2.051,865,1558
2.65,1572,687,623,3.21,2.042,859,1592
2.7,1541,684,619,3.26,2.032,853,1626
2.75,1510,681,616,3.31,2.023,848,1660
2.8,1480,678,613,3.35,2.014,842,1694
2.85,1449,675,609,3.40,2.005,836,1728
2.9,1419,672,606,3.44,1.996,830,1762
2.95,1388,669,603,3.48,1.988,824,1796
3,1358,666,599,3.52,1.979,819,1829
3.05,1329,663,596,3.56,1.970,813,1862
3.1,1299,661,593,3.60,1.961,807,1895
3.15,1269,658,590,3.64,1.953,802,1928
3.2,1240,655,586,3.68,1.944,796,1961
3.25,1211,652,583,3.72,1.936,791,1994
3.3,1182,649,580,3.75,1.927,785,2026
3.35,1153,646,577,3.79,1.919,780,2059
3.4,1124,644,573,3.82,1.911,774,2091
3.45,1095,641,570,3.85,1.903,769,2123
3.5,1067,638,567,3.89,1.894,764,2155
3.55,1039,635,564,3.92,1.886,758,2187
3.6,1011,633,561,3.95,1.878,753,2219
3.65,983,630,558,3.98,1.870,748,2250
3.7,955,627,554,4.01,1.862,743,2282
3.75,927,625,551,4.04,1.855,738,2313
3.8,900,622,548,4.07,1.847,732,2344
3.85,873,619,545,4.10,1.839,727,2375
3.9,845,617,542,4.13,1.831,722,2406
3.95,818,614,539,4.16,1.824,718,2437
4,791,612,536,4.18,1.816,713,2467
4.05,765,609,533,4.21,1.809,708,2498
4.1,738,607,530,4.24,1.801,703,2528
4.15,712,604,527,4.27,1.794,698,2559
4.2,686,601,524,4.29,1.786,694,2589
4.25,659,599,521,4.32,1.779,689,2619
4.3,634,597,518,4.35,1.772,685,2649
4.35,608,594,515,4.38,1.764,680,2678
4.4,582,592,512,4.40,1.757,676,2708
4.45,557,589,509,4.43,1.750,671,2737
4.5,531,587,506,4.46,1.743,667,2767
4.55,506,584,503,4.49,1.736,663,2796
4.6,481,582,500,4.52,1.729,659,2825
4.65,456,580,497,4.54,1.722,654,2854
4.7,431,577,494,4.57,1.715,650,2883
4.75,407,575,491,4.60,1.709,647,2912
4.8,382,573,488,4.64,1.702,643,2941
4.85,358,570,485,4.67,1.695,639,2969
4.9,334,568,482,4.70,1.689,635,2998
4.95,310,566,479,4.73,1.682,632,3026
5,286,563,476,4.77,1.675,628,3054
5.05,262,561,473,4.81,1.669,625,3082
5.1,239,559,470,4.85,1.662,622,3110
5.15,215,557,467,4.89,1.656,619,3138
5.2,192,554,464,4.93,1.649,616,3166
5.25,169,552,461,4.98,1.643,613,3194
5.3,146,550,458,5.03,1.637,611,3221
5.35,123,548,455,5.09,1.630,608,3249
5.4,100,545,452,5.15,1.624,606,3276
5.45,78,543,449,5.22,1.618,605,3303
5.5,55,541,446,5.31,1.612,604,3330
5.55,33,539,443,5.41,1.605,604,3357
5.6,11,537,440,5.55,1.599,607,3384
5.621,2,536,439,5.65,1.597,609,3396
