elenco,RA,DA,mis_dc9,mis_gs_x,mis_gs_y,mis_gs_z
180_TOF,29.0,8.0,11.6,0.121724,0.866108,0.48481
180_ACC,31.0,8.0,13.1,0.119295,0.848825,0.515038
180_TOF_10,29.0,10.0,12.8,0.151876,0.861332,0.48481
180_Av_15,9.0,15.0,18.2,0.255633,0.954034,0.156434
220_TOF,25.0,18.0,17.3,0.768593,0.48027,0.422618
220_ACC,25.0,28.0,26.3,0.840314,0.339509,0.422618
220_TOF_10,25.0,10.0,10.5,0.694272,0.582563,0.422618
220_Av_15,10.0,15.0,17.6,0.806707,0.564863,0.173648
230_TOF,23.0,19.0,17.9,0.859365,0.329879,0.390731
230_ACC,22.0,31.0,29.0,0.915769,0.145044,0.374607
230_TOF_10,25.0,10.0,10.5,0.784886,0.453154,0.422618
230_Av_15,13.0,15.0,16.0,0.883079,0.411787,0.224951
240_TOF,23.0,20.0,18.8,0.90652,0.159844,0.390731
240_ACC,20.0,34.0,31.9,0.937404,-0.0655496,0.34202
240_TOF_10,21.0,10.0,9.4,0.877279,0.319303,0.358368
240_Av_15,13.0,15.0,16.0,0.941169,0.252186,0.224951
250_TOF,21.0,20.0,18.7,0.93358,1.14331e-16,0.358368
250_ACC,18.0,35.0,33.1,0.91865,-0.246152,0.309017
250_TOF_10,21.0,10.0,9.4,0.919397,0.162115,0.358368
250_Av_15,13.0,15.0,16.0,0.970662,0.0849219,0.224951
260_TOF,21.0,20.0,18.7,0.919397,-0.162115,0.358368
260_ACC,16.0,35.0,33.5,0.871199,-0.406247,0.275637
260_TOF_10,21.0,10.0,9.4,0.93358,1.14331e-16,0.358368
260_Av_15,13.0,15.0,16.0,0.970662,-0.0849219,0.224951
270_TOF,19.0,20.0,18.9,0.888497,-0.323386,0.325568
270_ACC,14.0,35.0,33.9,0.79482,-0.556539,0.241922
270_TOF_10,21.0,10.0,9.4,0.919397,-0.162115,0.358368
270_Av_15,13.0,15.0,16.0,0.941169,-0.252186,0.224951
280_TOF,19.0,19.0,17.9,0.826969,-0.458397,0.325568
280_ACC,13.0,32.0,31.4,0.724098,-0.651981,0.224951
280_TOF_10,19.0,10.0,9.5,0.888497,-0.323386,0.325568
280_Av_15,13.0,15.0,16.0,0.883079,-0.411787,0.224951
