UTC,la_33,lo_33,la_36,lo_36,la_32,lo_32
18:34:11,42.7131,12.1405,42.7524,12.0880,42.7146,12.2740
18:34:12,42.7113,12.1417,42.7504,12.0892,42.7135,12.2721
18:34:13,42.7094,12.1429,42.7483,12.0905,42.7124,12.2702
18:34:14,42.7076,12.1441,42.7462,12.0917,42.7113,12.2683
18:34:15,42.7058,12.1452,42.7442,12.0930,42.7102,12.2664
18:34:16,42.7039,12.1464,42.7421,12.0942,42.7091,12.2645
18:34:17,42.7021,12.1476,42.7400,12.0955,42.7080,12.2626
18:34:18,42.7003,12.1487,42.7380,12.0968,42.7068,12.2607
18:34:19,42.6985,12.1499,42.7359,12.0981,42.7057,12.2588
18:34:20,42.6966,12.1510,42.7339,12.0994,42.7046,12.2568
18:34:21,42.6948,12.1522,42.7319,12.1007,42.7035,12.2549
18:34:22,42.6930,12.1533,42.7298,12.1021,42.7024,12.2529
18:34:23,42.6912,12.1545,42.7278,12.1035,42.7012,12.2510
18:34:24,42.6893,12.1556,42.7258,12.1048,42.7001,12.2490
18:34:25,42.6875,12.1567,42.7238,12.1063,42.6990,12.2470
18:34:26,42.6857,12.1579,42.7218,12.1077,42.6979,12.2451
18:34:27,42.6839,12.1590,42.7198,12.1091,42.6967,12.2431
18:34:28,42.6821,12.1601,42.7178,12.1106,42.6956,12.2411
18:34:29,42.6802,12.1612,42.7158,12.1121,42.6945,12.2391
18:34:30,42.6784,12.1623,42.7138,12.1136,42.6934,12.2371
18:34:31,42.6766,12.1634,42.7119,12.1151,42.6922,12.2351
18:34:32,42.6748,12.1645,42.7099,12.1167,42.6911,12.2331
18:34:33,42.6730,12.1656,42.7080,12.1183,42.6899,12.2311
18:34:34,42.6712,12.1667,42.7060,12.1199,42.6888,12.2291
18:34:35,42.6693,12.1678,42.7041,12.1215,42.6877,12.2271
18:34:36,42.6675,12.1689,42.7022,12.1232,42.6865,12.2251
18:34:37,42.6657,12.1699,42.7002,12.1249,42.6854,12.2231
18:34:38,42.6639,12.1710,42.6983,12.1266,42.6842,12.2211
18:34:39,42.6621,12.1721,42.6964,12.1283,42.6831,12.2191
18:34:40,42.6603,12.1732,42.6945,12.1301,42.6819,12.2170
18:34:41,42.6585,12.1742,42.6927,12.1319,42.6808,12.2150
18:34:42,42.6566,12.1753,42.6908,12.1337,42.6796,12.2130
18:34:43,42.6548,12.1763,42.6889,12.1356,42.6785,12.2110
18:34:44,42.6530,12.1774,42.6871,12.1375,42.6773,12.2089
18:34:45,42.6512,12.1784,42.6852,12.1394,42.6762,12.2069
18:34:46,42.6494,12.1795,42.6834,12.1413,42.6750,12.2049
18:34:47,42.6476,12.1805,42.6815,12.1433,42.6739,12.2029
18:34:48,42.6458,12.1815,42.6797,12.1453,42.6727,12.2008
18:34:49,42.6440,12.1826,42.6779,12.1473,42.6715,12.1988
18:34:50,42.6421,12.1836,42.6761,12.1493,42.6704,12.1968
18:34:51,42.6403,12.1846,42.6743,12.1514,42.6692,12.1948
18:34:52,42.6385,12.1856,42.6725,12.1535,42.6680,12.1927
18:34:53,42.6367,12.1866,42.6708,12.1556,42.6668,12.1907
18:34:54,42.6349,12.1876,42.6690,12.1578,42.6657,12.1887
18:34:55,42.6331,12.1886,42.6672,12.1600,42.6645,12.1867
18:34:56,42.6313,12.1896,42.6655,12.1622,42.6633,12.1847
18:34:57,42.6295,12.1906,42.6637,12.1644,42.6621,12.1826
18:34:58,42.6276,12.1916,42.6620,12.1667,42.6610,12.1806
18:34:59,42.6258,12.1926,42.6603,12.1689,42.6598,12.1786
18:35:00,42.6240,12.1936,42.6586,12.1712,42.6586,12.1766
18:35:01,42.6222,12.1946,42.6568,12.1736,42.6574,12.1746
18:35:02,42.6204,12.1956,42.6551,12.1759,42.6562,12.1726
18:35:03,42.6186,12.1965,42.6534,12.1783,42.6550,12.1706
18:35:04,42.6168,12.1975,42.6517,12.1807,42.6538,12.1686
18:35:05,42.6150,12.1985,42.6501,12.1831,42.6527,12.1666
18:35:06,42.6131,12.1994,42.6484,12.1856,42.6515,12.1646
18:35:07,42.6113,12.2004,42.6467,12.1880,42.6503,12.1626
18:35:08,42.6095,12.2013,42.6450,12.1905,42.6491,12.1607
18:35:09,42.6077,12.2023,42.6434,12.1930,42.6479,12.1587
18:35:10,42.6059,12.2032,42.6417,12.1956,42.6467,12.1567
18:35:11,42.6041,12.2041,42.6401,12.1981,42.6455,12.1548
