UTC,FL,HGHT,TEMP,RELH,DRCT,SKNT
1980-06-27 18:24:32,19000,19185,-19.8,24.8,298.9,46.1
1980-06-27 18:24:38,19000,19186,-19.8,24.8,298.8,46.2
1980-06-27 18:24:44,19000,19186,-19.7,24.8,298.7,46.3
1980-06-27 18:24:49,19000,19187,-19.7,24.7,298.6,46.5
1980-06-27 18:25:18,19500,19701,-20.7,25.0,295.2,49.4
1980-06-27 18:25:23,19600,19804,-20.9,25.1,294.5,50.0
1980-06-27 18:25:28,19700,19906,-21.1,25.2,293.9,50.5
1980-06-27 18:25:33,19900,20110,-21.5,25.5,292.7,51.4
1980-06-27 18:25:45,20100,20316,-21.9,25.6,291.2,52.7
1980-06-27 18:25:50,20200,20418,-22.1,25.8,290.5,53.3
1980-06-27 18:25:56,20300,20521,-22.3,25.9,289.8,53.9
1980-06-27 18:26:02,20500,20725,-22.7,26.1,288.5,55.0
1980-06-27 18:26:07,20600,20828,-22.9,26.2,287.7,55.7
1980-06-27 18:26:13,20700,20928,-23.1,26.3,287.2,56.2
1980-06-27 18:26:18,20800,21032,-23.3,26.4,286.4,56.9
1980-06-27 18:26:24,21000,21234,-23.7,26.6,285.3,57.9
1980-06-27 18:26:30,21100,21336,-23.9,26.7,284.6,58.5
1980-06-27 18:26:35,21200,21438,-24.1,26.7,283.9,59.2
1980-06-27 18:26:40,21300,21540,-24.3,26.7,283.3,59.8
1980-06-27 18:26:46,21500,21744,-24.7,26.7,282.1,61.0
1980-06-27 18:26:52,21600,21846,-24.9,26.8,281.5,61.6
1980-06-27 18:26:57,21700,21948,-25.1,26.8,280.9,62.2
1980-06-27 18:27:02,21800,22050,-25.2,26.7,280.3,62.9
1980-06-27 18:27:09,22000,22252,-25.7,26.8,279.3,63.9
1980-06-27 18:27:14,22100,22355,-25.8,26.8,278.8,64.6
1980-06-27 18:27:19,22200,22456,-26.0,26.7,278.3,65.3
1980-06-27 18:27:25,22300,22558,-26.2,26.7,277.6,66.0
1980-06-27 18:27:31,22500,22760,-26.6,26.6,276.8,67.0
1980-06-27 18:27:36,22600,22862,-26.8,26.5,276.4,67.7
1980-06-27 18:27:42,22700,22964,-27.0,26.4,275.9,68.4
1980-06-27 18:27:47,22700,22965,-27.0,26.3,275.8,68.6
1980-06-27 18:27:53,22900,23167,-27.4,26.3,275.1,69.7
1980-06-27 18:27:58,22900,23169,-27.3,26.2,275.0,70.0
1980-06-27 18:28:04,23000,23270,-27.5,26.1,274.6,70.7
1980-06-27 18:28:09,23100,23371,-27.7,26.0,274.2,71.3
1980-06-27 18:28:15,23100,23373,-27.7,25.9,274.1,71.6
1980-06-27 18:28:26,23100,23376,-27.6,25.8,274.0,72.2
1980-06-27 18:28:32,23100,23377,-27.6,25.7,273.9,72.5
1980-06-27 18:28:38,23100,23378,-27.6,25.6,273.8,72.8
1980-06-27 18:28:43,23000,23280,-27.3,25.5,274.0,72.7
1980-06-27 18:28:49,23000,23281,-27.3,25.4,273.9,73.1
1980-06-27 18:28:55,23100,23384,-27.5,25.3,273.6,73.8
1980-06-27 18:29:00,23300,23585,-27.9,25.2,272.9,74.9
1980-06-27 18:29:05,23600,23888,-28.5,25.0,272.3,76.2
1980-06-27 18:29:11,23900,24198,-29.0,25.0,272.2,77.1
1980-06-27 18:29:17,24200,24502,-29.8,25.0,271.9,77.8
1980-06-27 18:29:22,24500,24811,-30.4,25.1,271.8,78.4
1980-06-27 18:29:27,24800,25119,-31.1,25.5,271.6,79.0
1980-06-27 18:29:33,25100,25428,-31.7,25.7,271.5,79.6
1980-06-27 18:29:39,25400,25737,-32.4,26.0,271.3,80.1
1980-06-27 18:29:44,25600,25944,-32.8,26.2,271.2,80.6
1980-06-27 18:29:50,25800,26150,-33.2,26.3,270.9,81.1
1980-06-27 18:29:55,26000,26356,-33.6,26.5,270.7,81.5
1980-06-27 18:30:02,26300,26664,-34.3,26.8,270.3,82.0
1980-06-27 18:30:07,26500,26870,-34.7,27.0,270.0,82.5
1980-06-27 18:30:12,26700,27075,-35.2,27.1,269.7,82.9
1980-06-27 18:30:17,26900,27280,-35.7,27.3,269.5,83.3
1980-06-27 18:30:24,27100,27485,-36.3,27.4,269.3,83.7
1980-06-27 18:30:29,27300,27689,-36.8,27.5,269.1,84.1
1980-06-27 18:30:34,27500,27893,-37.3,27.5,268.8,84.5
1980-06-27 18:30:40,27700,28096,-37.7,27.4,268.6,85.0
1980-06-27 18:30:46,27800,28198,-37.9,27.3,268.5,85.3
1980-06-27 18:30:51,28000,28401,-38.4,27.1,268.4,85.8
1980-06-27 18:30:56,28100,28503,-38.6,26.9,268.3,86.2
1980-06-27 18:31:03,28300,28707,-38.9,26.4,268.3,86.7
1980-06-27 18:31:08,28400,28808,-39.1,26.1,268.2,87.1
1980-06-27 18:31:13,28500,28910,-39.2,25.8,268.2,87.5
1980-06-27 18:31:19,28600,29013,-39.4,25.5,268.1,87.9
1980-06-27 18:31:25,28700,29115,-39.6,25.2,268.0,88.3
1980-06-27 18:31:30,28800,29217,-39.7,25.0,267.9,88.7
1980-06-27 18:31:36,28900,29319,-39.9,24.7,267.8,89.2
1980-06-27 18:31:41,28900,29321,-39.9,24.6,267.7,89.4
1980-06-27 18:31:47,28900,29324,-39.9,24.5,267.6,89.7
1980-06-27 18:31:53,29000,29426,-40.0,24.2,267.5,90.1
1980-06-27 18:31:58,29000,29428,-40.0,24.1,267.5,90.4
1980-06-27 18:32:03,29000,29430,-40.0,23.9,267.4,90.7
1980-06-27 18:32:09,29000,29432,-40.0,23.8,267.3,90.9
1980-06-27 18:32:15,29000,29435,-40.0,23.7,267.2,91.2
1980-06-27 18:32:20,29000,29437,-39.9,23.5,267.1,91.5
1980-06-27 18:32:25,29000,29439,-39.9,23.4,267.0,91.8
1980-06-27 18:32:32,29000,29441,-39.9,23.2,266.9,92.1
1980-06-27 18:32:37,29000,29444,-39.9,23.1,266.8,92.4
1980-06-27 18:32:42,29000,29446,-39.9,22.9,266.7,92.7
1980-06-27 18:32:48,29000,29448,-39.9,22.8,266.6,93.0
1980-06-27 18:32:54,29000,29450,-39.9,22.6,266.5,93.3
1980-06-27 18:32:59,29000,29452,-39.9,22.5,266.4,93.6
1980-06-27 18:33:05,29000,29455,-39.8,22.3,266.2,93.9
1980-06-27 18:33:10,29000,29458,-39.8,22.2,266.2,94.2
1980-06-27 18:33:16,29000,29460,-39.8,22.0,266.0,94.5
1980-06-27 18:33:27,29000,29465,-39.8,21.7,265.8,95.2
1980-06-27 18:33:32,29000,29468,-39.8,21.5,265.7,95.6
1980-06-27 18:33:38,29000,29471,-39.7,21.4,265.6,95.9
1980-06-27 18:33:44,29000,29474,-39.7,21.2,265.5,96.3
1980-06-27 18:33:49,29000,29476,-39.7,21.0,265.4,96.6
1980-06-27 18:33:56,29000,29479,-39.7,20.9,265.3,97.0
1980-06-27 18:34:01,29000,29482,-39.7,20.7,265.2,97.3
1980-06-27 18:34:06,29000,29485,-39.7,20.5,265.0,97.7
1980-06-27 18:34:11,29000,29488,-39.7,20.3,264.9,98.1
1980-06-27 18:34:18,29000,29491,-39.6,20.1,264.8,98.4
1980-06-27 18:34:23,29000,29493,-39.6,19.9,264.7,98.8
1980-06-27 18:34:29,29000,29496,-39.6,19.8,264.6,99.2
1980-06-27 18:34:34,29000,29499,-39.6,19.6,264.5,99.5
1980-06-27 18:34:40,29000,29502,-39.6,19.4,264.4,99.9
1980-06-27 18:34:46,29000,29505,-39.6,19.3,264.2,100.3
1980-06-27 18:35:08,29000,29515,-39.5,18.6,263.8,101.6
1980-06-27 18:35:13,29000,29517,-39.5,18.4,263.7,101.9
1980-06-27 18:35:18,29000,29519,-39.5,18.3,263.6,102.2
1980-06-27 18:35:25,29000,29522,-39.5,18.1,263.5,102.6
1980-06-27 18:35:30,29000,29524,-39.5,17.9,263.4,102.8
1980-06-27 18:35:35,29000,29526,-39.4,17.8,263.3,103.2
1980-06-27 18:35:41,29000,29528,-39.4,17.6,263.2,103.5
1980-06-27 18:35:47,29000,29530,-39.4,17.5,263.1,103.8
1980-06-27 18:35:52,29000,29533,-39.4,17.3,263.0,104.1
1980-06-27 18:35:58,29000,29535,-39.4,17.1,262.9,104.4
1980-06-27 18:36:03,29000,29537,-39.4,17.0,262.8,104.7
1980-06-27 18:36:09,29000,29540,-39.4,16.8,262.7,105.1
1980-06-27 18:36:15,29000,29542,-39.4,16.6,262.6,105.4
1980-06-27 18:36:20,29000,29544,-39.3,16.4,262.5,105.8
1980-06-27 18:36:25,29000,29546,-39.3,16.3,262.4,106.1
1980-06-27 18:36:32,29000,29549,-39.3,16.1,262.3,106.4
1980-06-27 18:36:37,29000,29551,-39.3,16.0,262.2,106.7
1980-06-27 18:36:42,29000,29553,-39.3,15.8,262.1,107.0
1980-06-27 18:36:49,29000,29555,-39.3,15.7,262.1,107.3
1980-06-27 18:36:54,29000,29557,-39.3,15.5,262.0,107.5
1980-06-27 18:36:59,29000,29560,-39.3,15.3,261.9,107.9
1980-06-27 18:37:05,29000,29562,-39.3,15.2,261.8,108.2
1980-06-27 18:37:11,29000,29564,-39.2,15.0,261.7,108.6
1980-06-27 18:37:16,29000,29566,-39.2,14.9,261.6,108.8
1980-06-27 18:37:22,29000,29568,-39.2,14.7,261.5,109.1
1980-06-27 18:37:27,29000,29570,-39.2,14.6,261.4,109.4
1980-06-27 18:37:33,29000,29572,-39.2,14.5,261.4,109.6
1980-06-27 18:37:39,29000,29574,-39.2,14.3,261.3,110.0
1980-06-27 18:37:44,29000,29576,-39.2,14.2,261.2,110.2
1980-06-27 18:37:49,29000,29578,-39.2,14.0,261.1,110.5
1980-06-27 18:37:55,29000,29579,-39.2,13.9,261.1,110.8
1980-06-27 18:38:01,29000,29582,-39.2,13.7,261.0,111.2
1980-06-27 18:38:06,29000,29583,-39.2,13.6,260.9,111.4
1980-06-27 18:38:11,29000,29585,-39.1,13.5,260.8,111.6
1980-06-27 18:38:18,29000,29587,-39.1,13.3,260.8,111.9
1980-06-27 18:38:23,29000,29589,-39.1,13.2,260.7,112.2
1980-06-27 18:38:28,29000,29591,-39.1,13.1,260.6,112.4
1980-06-27 18:38:34,29000,29593,-39.1,12.9,260.5,112.7
1980-06-27 18:38:40,29000,29594,-39.1,12.8,260.5,112.9
1980-06-27 18:38:45,29000,29596,-39.1,12.7,260.4,113.2
1980-06-27 18:38:51,29000,29597,-39.1,12.6,260.4,113.4
1980-06-27 18:38:56,29000,29599,-39.1,12.5,260.3,113.7
1980-06-27 18:39:03,29000,29600,-39.1,12.4,260.3,113.9
1980-06-27 18:39:08,29000,29602,-39.1,12.3,260.2,114.1
1980-06-27 18:39:13,29000,29603,-39.1,12.2,260.2,114.3
1980-06-27 18:39:18,29000,29604,-39.1,12.0,260.1,114.5
1980-06-27 18:39:25,29000,29606,-39.1,11.9,260.0,114.8
1980-06-27 18:39:30,29000,29607,-39.1,11.9,260.0,114.9
1980-06-27 18:39:35,29000,29608,-39.0,11.8,260.0,115.0
1980-06-27 18:39:42,29000,29609,-39.0,11.7,260.0,115.2
1980-06-27 18:39:47,29000,29610,-39.0,11.6,259.9,115.4
1980-06-27 18:39:52,29000,29611,-39.0,11.6,259.9,115.5
1980-06-27 18:39:58,29000,29611,-39.0,11.5,259.9,115.5
1980-06-27 18:40:04,29000,29612,-39.0,11.4,259.9,115.8
1980-06-27 18:40:09,29000,29613,-39.0,11.4,259.8,115.9
1980-06-27 18:40:15,29000,29613,-39.0,11.4,259.8,115.9
1980-06-27 18:40:20,29000,29613,-39.0,11.4,259.8,115.9
1980-06-27 18:40:27,29000,29614,-39.0,11.4,259.8,115.9
1980-06-27 18:40:32,29000,29615,-39.0,11.4,259.8,115.8
1980-06-27 18:40:37,29000,29615,-39.0,11.4,259.8,115.8
1980-06-27 18:40:43,29000,29616,-39.0,11.4,259.8,115.8
1980-06-27 18:40:49,29000,29616,-39.0,11.4,259.8,115.8
1980-06-27 18:40:54,29000,29617,-39.0,11.4,259.8,115.7
1980-06-27 18:41:00,28900,29518,-38.7,11.4,259.8,115.7
1980-06-27 18:41:05,28900,29519,-38.7,11.4,259.8,115.7
1980-06-27 18:41:11,28900,29520,-38.7,11.4,259.8,115.7
1980-06-27 18:41:16,28900,29521,-38.7,11.4,259.7,115.6
1980-06-27 18:41:22,28900,29523,-38.7,11.4,259.7,115.6
1980-06-27 18:41:27,29000,29624,-39.0,11.4,259.6,115.5
1980-06-27 18:41:33,29000,29626,-38.9,11.4,259.6,115.4
1980-06-27 18:41:39,29000,29627,-38.9,11.4,259.6,115.4
1980-06-27 18:41:44,29000,29628,-38.9,11.4,259.6,115.3
1980-06-27 18:41:49,29000,29630,-38.9,11.5,259.5,115.3
1980-06-27 18:41:56,29000,29631,-38.9,11.5,259.5,115.2
1980-06-27 18:42:01,29000,29634,-38.9,11.5,259.5,115.1
1980-06-27 18:42:06,29000,29635,-38.9,11.5,259.4,115.1
1980-06-27 18:42:13,29000,29637,-38.9,11.5,259.4,115.0
1980-06-27 18:42:18,29000,29638,-38.9,11.5,259.4,115.0
1980-06-27 18:42:24,29000,29640,-38.8,11.5,259.4,114.9
1980-06-27 18:42:29,29000,29643,-38.8,11.5,259.3,114.8
1980-06-27 18:42:35,29000,29643,-38.8,11.5,259.3,114.8
1980-06-27 18:42:40,29000,29646,-38.8,11.6,259.3,114.7
1980-06-27 18:42:46,29000,29648,-38.8,11.6,259.2,114.6
1980-06-27 18:42:51,29000,29650,-38.8,11.6,259.2,114.5
1980-06-27 18:43:08,29000,29655,-38.7,11.6,259.1,114.3
1980-06-27 18:43:13,29000,29658,-38.7,11.6,259.0,114.2
1980-06-27 18:43:20,29000,29660,-38.7,11.7,259.0,114.1
1980-06-27 18:43:25,29000,29661,-38.7,11.7,259.0,114.1
1980-06-27 18:43:30,29000,29664,-38.7,11.7,258.9,114.0
1980-06-27 18:43:36,29000,29666,-38.7,11.7,258.9,113.9
1980-06-27 18:43:42,29000,29668,-38.7,11.7,258.9,113.8
1980-06-27 18:43:47,29000,29670,-38.6,11.7,258.8,113.7
1980-06-27 18:43:52,29000,29673,-38.6,11.7,258.8,113.6
1980-06-27 18:43:58,29000,29675,-38.6,11.8,258.7,113.6
1980-06-27 18:44:04,29000,29676,-38.6,11.8,258.7,113.5
1980-06-27 18:44:09,29000,29678,-38.6,11.8,258.7,113.4
1980-06-27 18:44:15,28900,29579,-38.3,11.8,258.7,113.4
1980-06-27 18:44:20,28900,29581,-38.3,11.8,258.7,113.3
1980-06-27 18:44:27,28900,29584,-38.3,11.8,258.6,113.1
1980-06-27 18:44:32,28900,29588,-38.3,11.8,258.5,113.0
1980-06-27 18:44:37,28900,29590,-38.3,11.9,258.5,112.9
1980-06-27 18:44:44,29000,29693,-38.5,11.9,258.4,112.8
1980-06-27 18:44:49,29000,29695,-38.5,11.9,258.4,112.7
1980-06-27 18:44:54,29000,29697,-38.5,11.9,258.3,112.6
1980-06-27 18:44:59,29000,29700,-38.5,12.0,258.3,112.5
1980-06-27 18:45:06,29000,29702,-38.4,12.0,258.3,112.4
1980-06-27 18:45:11,29000,29705,-38.4,12.0,258.2,112.3
1980-06-27 18:45:16,29000,29706,-38.4,12.0,258.2,112.2
1980-06-27 18:45:22,29000,29709,-38.4,12.0,258.1,112.1
1980-06-27 18:45:28,29000,29711,-38.4,12.0,258.1,112.0
1980-06-27 18:45:33,29000,29714,-38.4,12.1,258.0,111.9
1980-06-27 18:45:39,29000,29716,-38.4,12.1,258.0,111.8
1980-06-27 18:45:44,29000,29718,-38.3,12.1,258.0,111.7
1980-06-27 18:45:50,28900,29620,-38.1,12.1,258.0,111.6
1980-06-27 18:45:56,28900,29622,-38.1,12.1,257.9,111.5
1980-06-27 18:46:01,28900,29623,-38.1,12.1,257.9,111.4
1980-06-27 18:46:06,28900,29626,-38.0,12.2,257.9,111.3
1980-06-27 18:46:13,28900,29628,-38.0,12.2,257.8,111.2
1980-06-27 18:46:18,29000,29730,-38.3,12.2,257.7,111.1
1980-06-27 18:46:23,29000,29732,-38.3,12.3,257.7,111.0
1980-06-27 18:46:29,29000,29734,-38.2,12.3,257.7,110.9
1980-06-27 18:46:35,29000,29736,-38.2,12.3,257.7,110.8
1980-06-27 18:46:40,29000,29738,-38.2,12.3,257.6,110.7
1980-06-27 18:46:45,29000,29740,-38.2,12.4,257.6,110.6
1980-06-27 18:46:51,29000,29742,-38.2,12.4,257.6,110.5
1980-06-27 18:46:57,29000,29744,-38.2,12.4,257.5,110.4
1980-06-27 18:47:03,28900,29645,-37.9,12.4,257.5,110.3
1980-06-27 18:47:08,28800,29546,-37.7,12.4,257.6,110.2
1980-06-27 18:47:13,28700,29448,-37.4,12.4,257.6,110.1
1980-06-27 18:47:20,28600,29349,-37.1,12.4,257.6,110.0
1980-06-27 18:47:25,28600,29350,-37.1,12.4,257.6,109.9
1980-06-27 18:47:30,28500,29252,-36.9,12.4,257.6,109.8
1980-06-27 18:47:36,28400,29152,-36.6,12.4,257.6,109.7
1980-06-27 18:47:42,28300,29053,-36.3,12.4,257.6,109.6
1980-06-27 18:47:47,28200,28952,-36.0,12.3,257.6,109.6
1980-06-27 18:47:52,28200,28955,-36.0,12.4,257.6,109.4
1980-06-27 18:47:59,28100,28855,-35.7,12.4,257.6,109.4
1980-06-27 18:48:04,28000,28756,-35.5,12.4,257.6,109.3
1980-06-27 18:48:09,27900,28656,-35.2,12.4,257.6,109.3
1980-06-27 18:48:15,27800,28556,-34.9,12.3,257.6,109.2
1980-06-27 18:48:21,27700,28456,-34.6,12.3,257.6,109.2
1980-06-27 18:48:26,27600,28356,-34.3,12.3,257.6,109.1
1980-06-27 18:48:32,27600,28358,-34.3,12.4,257.5,109.0
1980-06-27 18:48:37,27500,28257,-34.0,12.3,257.5,109.0
1980-06-27 18:48:43,27400,28157,-33.7,12.4,257.5,108.9
1980-06-27 18:48:49,27300,28057,-33.4,12.3,257.5,108.9
1980-06-27 18:48:54,27300,28059,-33.4,12.4,257.5,108.8
1980-06-27 18:48:59,27200,27958,-33.1,12.4,257.5,108.8
1980-06-27 18:49:06,27100,27858,-32.8,12.4,257.5,108.7
1980-06-27 18:49:11,27000,27757,-32.5,12.4,257.5,108.6
1980-06-27 18:49:16,26900,27656,-32.2,12.4,257.5,108.6
1980-06-27 18:49:22,26900,27658,-32.2,12.4,257.4,108.4
1980-06-27 18:49:28,26800,27557,-31.9,12.4,257.4,108.5
1980-06-27 18:49:33,26700,27456,-31.6,12.4,257.4,108.4
1980-06-27 18:49:38,26600,27355,-31.3,12.4,257.4,108.4
1980-06-27 18:49:44,26500,27254,-31.0,12.4,257.4,108.3
1980-06-27 18:49:50,26400,27152,-30.7,12.4,257.4,108.3
1980-06-27 18:49:55,26400,27155,-30.7,12.4,257.3,108.1
1980-06-27 18:50:01,26300,27053,-30.4,12.4,257.3,108.1
1980-06-27 18:50:07,26200,26951,-30.1,12.4,257.3,108.0
1980-06-27 18:50:12,26100,26850,-29.9,12.5,257.3,108.0
1980-06-27 18:50:18,26000,26748,-29.6,12.5,257.3,108.0
1980-06-27 18:50:23,25900,26646,-29.3,12.5,257.2,107.9
1980-06-27 18:50:30,25800,26544,-29.1,12.5,257.2,107.8
1980-06-27 18:50:35,25700,26442,-28.8,12.5,257.2,107.8
1980-06-27 18:50:40,25600,26340,-28.5,12.5,257.2,107.7
1980-06-27 18:50:45,25600,26342,-28.5,12.6,257.1,107.6
1980-06-27 18:50:52,25500,26241,-28.2,12.6,257.1,107.4
1980-06-27 18:50:57,25500,26244,-28.2,12.6,257.0,107.2
1980-06-27 18:51:02,25500,26246,-28.2,12.7,256.9,107.1
1980-06-27 18:51:08,25400,26144,-27.9,12.7,256.9,106.9
1980-06-27 18:51:14,25400,26147,-27.9,12.7,256.8,106.8
1980-06-27 18:51:19,25300,26044,-27.7,12.8,256.8,106.7
1980-06-27 18:51:25,25300,26047,-27.7,12.8,256.7,106.6
1980-06-27 18:51:30,25200,25945,-27.4,12.8,256.7,106.4
1980-06-27 18:51:36,25200,25947,-27.4,12.8,256.6,106.3
1980-06-27 18:51:42,25100,25845,-27.1,12.9,256.6,106.1
1980-06-27 18:51:47,25000,25742,-26.9,12.9,256.6,106.0
1980-06-27 18:51:52,25000,25745,-26.8,12.9,256.5,105.9
1980-06-27 18:51:58,25000,25747,-26.8,13.0,256.4,105.7
1980-06-27 18:52:04,25000,25750,-26.8,13.0,256.4,105.6
1980-06-27 18:52:09,25000,25752,-26.8,13.0,256.3,105.5
1980-06-27 18:52:14,25000,25755,-26.8,13.1,256.2,105.3
1980-06-27 18:52:21,25000,25757,-26.8,13.1,256.1,105.1
1980-06-27 18:52:26,25000,25759,-26.7,13.1,256.1,105.0
1980-06-27 18:52:31,25000,25762,-26.7,13.2,256.0,104.8
1980-06-27 18:52:38,25100,25869,-26.9,13.2,255.9,104.6
1980-06-27 18:52:43,25100,25872,-26.9,13.2,255.8,104.5
1980-06-27 18:52:48,25100,25871,-27.0,13.1,255.8,104.8
1980-06-27 18:52:54,25100,25877,-26.9,13.3,255.7,104.2
1980-06-27 18:53:00,25100,25879,-26.9,13.3,255.6,104.1
1980-06-27 18:53:05,25000,25777,-26.6,13.3,255.6,103.9
1980-06-27 18:53:10,25000,25779,-26.6,13.4,255.5,103.8
1980-06-27 18:53:16,25000,25781,-26.6,13.4,255.4,103.7
1980-06-27 18:53:22,25000,25784,-26.6,13.4,255.4,103.5
1980-06-27 18:53:27,25000,25786,-26.6,13.5,255.3,103.4
1980-06-27 18:53:33,25000,25789,-26.6,13.5,255.2,103.2
1980-06-27 18:53:38,25000,25791,-26.5,13.5,255.1,103.1
1980-06-27 18:53:44,25000,25793,-26.5,13.5,255.1,102.9
1980-06-27 18:53:50,25000,25796,-26.5,13.6,255.0,102.8
1980-06-27 18:53:55,25000,25798,-26.5,13.6,254.9,102.6
1980-06-27 18:54:00,25100,25906,-26.7,13.6,254.8,102.5
1980-06-27 18:54:07,25100,25908,-26.7,13.6,254.8,102.4
1980-06-27 18:54:12,25100,25910,-26.7,13.7,254.7,102.2
1980-06-27 18:54:17,25000,25808,-26.4,13.7,254.6,102.1
1980-06-27 18:54:22,25000,25810,-26.4,13.7,254.6,101.9
1980-06-27 18:54:29,25000,25812,-26.4,13.8,254.5,101.8
1980-06-27 18:54:34,25000,25814,-26.4,13.8,254.4,101.7
1980-06-27 18:54:39,25000,25817,-26.4,13.8,254.4,101.5
1980-06-27 18:54:45,25000,25819,-26.4,13.8,254.3,101.4
1980-06-27 18:54:51,25000,25821,-26.3,13.9,254.2,101.3
1980-06-27 18:54:56,25000,25824,-26.3,13.9,254.2,101.1
1980-06-27 18:55:02,25000,25826,-26.3,13.9,254.1,101.0
1980-06-27 18:55:07,25000,25828,-26.3,13.9,254.0,100.9
1980-06-27 18:55:13,25000,25830,-26.3,14.0,254.0,100.8
1980-06-27 18:55:19,25000,25833,-26.3,14.0,253.9,100.6
1980-06-27 18:55:24,25000,25835,-26.3,14.0,253.8,100.5
1980-06-27 18:55:29,25000,25837,-26.2,14.0,253.8,100.3
1980-06-27 18:55:36,25000,25840,-26.2,14.1,253.7,100.2
1980-06-27 18:55:41,25000,25842,-26.2,14.1,253.6,100.1
1980-06-27 18:55:46,25000,25844,-26.2,14.1,253.6,100.0
1980-06-27 18:55:53,25000,25846,-26.2,14.1,253.5,99.8
1980-06-27 18:55:58,25000,25849,-26.2,14.2,253.4,99.7
1980-06-27 18:56:03,25000,25850,-26.2,14.2,253.4,99.6
1980-06-27 18:56:08,25000,25853,-26.2,14.2,253.3,99.5
1980-06-27 18:56:15,25000,25855,-26.1,14.2,253.2,99.4
1980-06-27 18:56:20,25000,25857,-26.1,14.2,253.2,99.3
1980-06-27 18:56:25,25000,25860,-26.1,14.3,253.1,99.0
1980-06-27 18:56:31,25000,25862,-26.1,14.3,253.0,99.0
1980-06-27 18:56:37,25000,25864,-26.1,14.3,253.0,98.9
1980-06-27 18:56:42,25000,25867,-26.1,14.3,252.9,98.7
1980-06-27 18:56:48,25000,25868,-26.1,14.4,252.8,98.6
1980-06-27 18:56:53,25000,25871,-26.0,14.4,252.8,98.4
1980-06-27 18:56:59,25000,25873,-26.0,14.4,252.7,98.3
1980-06-27 18:57:04,25000,25875,-26.0,14.4,252.6,98.2
1980-06-27 18:57:10,25000,25878,-26.0,14.5,252.6,98.1
1980-06-27 18:57:15,25000,25880,-26.0,14.5,252.5,98.0
1980-06-27 18:57:21,25000,25882,-26.0,14.5,252.4,97.8
1980-06-27 18:57:27,25000,25884,-26.0,14.5,252.4,97.7
1980-06-27 18:57:32,25000,25886,-25.9,14.5,252.3,97.7
1980-06-27 18:57:37,25000,25888,-25.9,14.5,252.2,97.6
1980-06-27 18:57:44,25000,25890,-25.9,14.6,252.2,97.4
1980-06-27 18:57:49,25000,25892,-25.9,14.6,252.1,97.3
1980-06-27 18:57:54,25000,25894,-25.9,14.6,252.0,97.2
1980-06-27 18:58:00,25000,25897,-25.9,14.6,252.0,97.0
1980-06-27 18:58:06,25000,25899,-25.9,14.6,251.9,96.9
1980-06-27 18:58:11,25000,25900,-25.9,14.7,251.8,96.9
1980-06-27 18:58:17,25000,25903,-25.8,14.7,251.8,96.7
1980-06-27 18:58:22,25000,25905,-25.8,14.7,251.7,96.6
1980-06-27 18:58:28,25000,25907,-25.8,14.7,251.7,96.4
1980-06-27 18:58:33,25000,25909,-25.8,14.7,251.6,96.4
1980-06-27 18:58:39,25000,25910,-25.8,14.7,251.5,96.4
1980-06-27 18:58:45,25000,25913,-25.8,14.8,251.5,96.1
1980-06-27 18:58:50,25000,25914,-25.8,14.8,251.4,96.2
1980-06-27 18:58:56,25000,25916,-25.8,14.8,251.4,96.0
1980-06-27 18:59:01,25000,25919,-25.7,14.8,251.3,95.9
1980-06-27 18:59:07,25000,25921,-25.7,14.9,251.2,95.8
1980-06-27 18:59:13,25000,25922,-25.7,14.9,251.2,95.7
1980-06-27 18:59:18,25000,25925,-25.7,14.9,251.1,95.5
1980-06-27 18:59:23,25000,25927,-25.7,14.9,251.0,95.4
1980-06-27 18:59:30,25000,25928,-25.7,14.9,251.0,95.4
1980-06-27 18:59:35,25000,25931,-25.7,14.9,250.9,95.2
1980-06-27 18:59:40,25000,25932,-25.7,15.0,250.9,95.2
1980-06-27 18:59:45,25000,25934,-25.7,15.0,250.8,95.0
