CB,t,d,GS,Vv,lat,lon
30,297,6704,9,-80,39.7230,13.1067
36,271,6167,9,-88,39.7223,13.1004
43,248,5682,9,-96,39.7215,13.0948
52,227,5246,10,-106,39.7207,13.0897
62,208,4854,10,-116,39.7198,13.0851
75,191,4506,10,-127,39.7188,13.0809
90,175,4199,10,-139,39.7177,13.0772
107,160,3933,10,-152,39.7165,13.0739
129,147,3708,11,-167,39.7152,13.0710
155,136,3525,11,-183,39.7137,13.0684
186,125,3387,11,-201,39.7121,13.0661
223,115,3296,12,-220,39.7102,13.0641
267,106,3257,12,-242,39.7081,13.0624
321,98,3272,13,-265,39.7058,13.0609
385,91,3346,13,-291,39.7032,13.0596
462,85,3478,14,-320,39.7003,13.0585
555,79,3670,16,-352,39.6972,13.0576
666,74,3919,18,-388,39.6937,13.0569
799,69,4220,21,-427,39.6900,13.0562
958,65,4565,26,-471,39.6861,13.0557
1150,61,4944,32,-520,39.6820,13.0553
1380,58,5343,41,-572,39.6778,13.0549
1656,56,5751,54,-628,39.6736,13.0545
1987,53,6157,70,-687,39.6696,13.0542
2385,51,6550,90,-746,39.6658,13.0539
2862,50,6922,113,-806,39.6622,13.0537
3434,48,7269,138,-864,39.6588,13.0535
