t,d,h,TAS,GSori,GSvert,lat,lon,txt,d_mar,col
0.0,0,25500,468,465,-0,39.7276,13.0188,Coda (K = 0.06),129.3955,#006600
6.7,353,25172,46,92,-84,39.7263,13.0225,Coda (K = 0.06),129.5209,#006600
10.9,532,24844,47,91,-88,39.7264,13.0248,Coda (K = 0.06),129.5419,#006600
15.0,715,24516,47,91,-87,39.7266,13.0270,Coda (K = 0.06),129.5594,#006600
19.1,902,24187,47,90,-87,39.7268,13.0292,Coda (K = 0.06),129.5768,#006600
23.3,1089,23859,47,89,-86,39.7270,13.0315,Coda (K = 0.06),129.5946,#006600
27.5,1277,23531,46,88,-86,39.7272,13.0337,Coda (K = 0.06),129.6129,#006600
31.7,1464,23203,46,87,-85,39.7274,13.0359,Coda (K = 0.06),129.6318,#006600
35.9,1651,22875,46,86,-85,39.7275,13.0380,Coda (K = 0.06),129.6513,#006600
40.2,1837,22547,46,85,-84,39.7277,13.0402,Coda (K = 0.06),129.6714,#006600
44.5,2022,22219,45,84,-84,39.7278,13.0424,Coda (K = 0.06),129.692,#006600
48.8,2206,21891,45,83,-83,39.7280,13.0445,Coda (K = 0.06),129.7132,#006600
53.1,2389,21562,45,82,-83,39.7281,13.0466,Coda (K = 0.06),129.7349,#006600
57.5,2571,21234,44,81,-82,39.7282,13.0488,Coda (K = 0.06),129.7571,#006600
61.8,2752,20906,44,80,-82,39.7283,13.0509,Coda (K = 0.06),129.7799,#006600
66.2,2931,20578,44,79,-81,39.7283,13.0530,Coda (K = 0.06),129.8032,#006600
70.7,3110,20250,44,78,-81,39.7284,13.0550,Coda (K = 0.06),129.827,#006600
75.1,3287,19922,44,77,-81,39.7285,13.0571,Coda (K = 0.06),129.8513,#006600
79.6,3463,19594,43,76,-80,39.7285,13.0592,Coda (K = 0.06),129.8762,#006600
84.1,3638,19266,43,75,-80,39.7285,13.0612,Coda (K = 0.06),129.9015,#006600
88.6,3811,18938,43,74,-79,39.7286,13.0632,Coda (K = 0.06),129.9273,#006600
93.2,3983,18609,43,73,-79,39.7286,13.0652,Coda (K = 0.06),129.9536,#006600
97.8,4154,18281,42,72,-78,39.7286,13.0672,Coda (K = 0.06),129.9803,#006600
102.4,4323,17953,42,71,-78,39.7286,13.0692,Coda (K = 0.06),130.0075,#006600
107.0,4491,17625,42,70,-78,39.7286,13.0712,Coda (K = 0.06),130.0351,#006600
111.7,4657,17297,42,69,-77,39.7285,13.0731,Coda (K = 0.06),130.0632,#006600
116.4,4822,16969,41,68,-77,39.7285,13.0750,Coda (K = 0.06),130.0917,#006600
121.1,4986,16641,41,67,-76,39.7285,13.0769,Coda (K = 0.06),130.1206,#006600
125.8,5147,16313,41,66,-76,39.7284,13.0788,Coda (K = 0.06),130.1499,#006600
130.6,5308,15984,41,65,-75,39.7283,13.0807,Coda (K = 0.06),130.1796,#006600
135.4,5466,15656,41,64,-75,39.7282,13.0825,Coda (K = 0.06),130.2096,#006600
140.2,5623,15328,40,63,-75,39.7282,13.0844,Coda (K = 0.06),130.24,#006600
145.0,5778,15000,40,62,-74,39.7281,13.0862,Coda (K = 0.06),130.2708,#006600
149.9,5932,14672,40,61,-74,39.7279,13.0880,Coda (K = 0.06),130.3019,#006600
154.8,6084,14344,40,60,-73,39.7278,13.0897,Coda (K = 0.06),130.3334,#006600
159.7,6234,14016,39,59,-73,39.7277,13.0915,Coda (K = 0.06),130.3651,#006600
164.6,6383,13688,39,58,-73,39.7276,13.0932,Coda (K = 0.06),130.3972,#006600
169.6,6529,13360,39,57,-72,39.7274,13.0949,Coda (K = 0.06),130.4295,#006600
174.6,6674,13031,39,56,-72,39.7272,13.0966,Coda (K = 0.06),130.4621,#006600
179.6,6817,12703,39,55,-72,39.7271,13.0983,Coda (K = 0.06),130.495,#006600
184.7,6958,12375,38,54,-71,39.7269,13.0999,Coda (K = 0.06),130.5281,#006600
189.7,7097,12047,38,53,-71,39.7267,13.1016,Coda (K = 0.06),130.5614,#006600
194.8,7234,11719,38,52,-70,39.7265,13.1031,Coda (K = 0.06),130.5949,#006600
200.0,7369,11391,38,51,-70,39.7263,13.1047,Coda (K = 0.06),130.6286,#006600
205.1,7503,11063,38,50,-70,39.7261,13.1063,Coda (K = 0.06),130.6625,#006600
210.3,7634,10735,37,49,-69,39.7259,13.1078,Coda (K = 0.06),130.6966,#006600
215.5,7763,10407,37,48,-69,39.7257,13.1093,Coda (K = 0.06),130.7307,#006600
220.7,7890,10078,37,47,-69,39.7254,13.1108,Coda (K = 0.06),130.765,#006600
226.0,8015,9750,37,46,-68,39.7252,13.1122,Coda (K = 0.06),130.7994,#006600
231.3,8138,9422,37,45,-68,39.7249,13.1136,Coda (K = 0.06),130.8339,#006600
236.6,8258,9094,36,44,-68,39.7247,13.1150,Coda (K = 0.06),130.8685,#006600
242.0,8376,8766,36,43,-67,39.7244,13.1164,Coda (K = 0.06),130.903,#006600
247.3,8493,8438,36,42,-67,39.7241,13.1177,Coda (K = 0.06),130.9377,#006600
252.7,8606,8110,36,41,-67,39.7239,13.1190,Coda (K = 0.06),130.9723,#006600
258.2,8718,7782,36,40,-66,39.7236,13.1203,Coda (K = 0.06),131.0069,#006600
263.6,8827,7454,36,40,-66,39.7233,13.1216,Coda (K = 0.06),131.0414,#006600
269.1,8934,7125,35,39,-65,39.7230,13.1228,Coda (K = 0.06),131.0759,#006600
274.6,9038,6797,35,38,-65,39.7227,13.1240,Coda (K = 0.06),131.1103,#006600
280.1,9140,6469,35,37,-65,39.7224,13.1252,Coda (K = 0.06),131.1446,#006600
285.7,9240,6141,35,36,-65,39.7221,13.1263,Coda (K = 0.06),131.1788,#006600
291.3,9337,5813,35,35,-64,39.7217,13.1274,Coda (K = 0.06),131.2128,#006600
296.9,9431,5485,34,34,-64,39.7214,13.1285,Coda (K = 0.06),131.2466,#006600
302.6,9523,5157,34,33,-64,39.7211,13.1295,Coda (K = 0.06),131.2803,#006600
308.3,9612,4829,34,32,-63,39.7208,13.1305,Coda (K = 0.06),131.3136,#006600
314.0,9699,4501,34,31,-63,39.7204,13.1315,Coda (K = 0.06),131.3468,#006600
319.7,9782,4172,34,30,-63,39.7201,13.1325,Coda (K = 0.06),131.3797,#006600
325.5,9863,3844,34,29,-62,39.7197,13.1334,Coda (K = 0.06),131.4122,#006600
331.3,9942,3516,33,28,-62,39.7194,13.1342,Coda (K = 0.06),131.4444,#006600
337.1,10017,3188,33,27,-62,39.7191,13.1351,Coda (K = 0.06),131.4763,#006600
342.9,10090,2860,33,26,-61,39.7187,13.1359,Coda (K = 0.06),131.5078,#006600
348.8,10159,2532,33,25,-61,39.7184,13.1367,Coda (K = 0.06),131.5388,#006600
354.7,10226,2204,33,24,-61,39.7180,13.1374,Coda (K = 0.06),131.5695,#006600
360.7,10289,1876,33,23,-60,39.7177,13.1381,Coda (K = 0.06),131.5996,#006600
366.6,10350,1548,33,22,-60,39.7173,13.1387,Coda (K = 0.06),131.6293,#006600
372.6,10407,1219,32,21,-60,39.7169,13.1394,Coda (K = 0.06),131.6585,#006600
378.6,10460,891,32,20,-60,39.7166,13.1399,Coda (K = 0.06),131.6872,#006600
384.7,10510,563,32,19,-59,39.7162,13.1405,Coda (K = 0.06),131.7154,#006600
390.8,10556,235,32,18,-59,39.7159,13.1409,Coda (K = 0.06),131.7432,#006600
395.2,10585,-0,32,17,-59,39.7156,13.1412,Coda (K = 0.06),131.763,#006600
0.0,0,25499,471,267,-707,39.7276,13.0188,Fusoliera (K = 0.013),129.3955,#006600
0.6,70,25171,313,179,-477,39.7270,13.0190,Fusoliera (K = 0.013),129.4331,#006600
1.5,139,24843,216,129,-337,39.7265,13.0194,Fusoliera (K = 0.013),129.4698,#006600
2.8,208,24514,158,104,-257,39.7260,13.0200,Fusoliera (K = 0.013),129.5042,#006600
4.3,278,24186,127,93,-217,39.7257,13.0208,Fusoliera (K = 0.013),129.5349,#006600
6.1,349,23858,112,88,-197,39.7254,13.0217,Fusoliera (K = 0.013),129.5607,#006600
7.9,422,23530,104,87,-189,39.7253,13.0226,Fusoliera (K = 0.013),129.582,#006600
9.9,496,23202,101,86,-185,39.7252,13.0236,Fusoliera (K = 0.013),129.5997,#006600
11.8,572,22874,99,86,-183,39.7251,13.0246,Fusoliera (K = 0.013),129.6147,#006600
13.8,649,22545,98,85,-182,39.7251,13.0256,Fusoliera (K = 0.013),129.628,#006600
15.8,728,22217,98,85,-181,39.7252,13.0266,Fusoliera (K = 0.013),129.64,#006600
17.8,807,21889,97,84,-180,39.7252,13.0276,Fusoliera (K = 0.013),129.6513,#006600
19.8,888,21561,97,83,-179,39.7252,13.0286,Fusoliera (K = 0.013),129.6621,#006600
21.8,969,21233,96,82,-178,39.7253,13.0296,Fusoliera (K = 0.013),129.6727,#006600
23.8,1050,20905,96,81,-177,39.7253,13.0306,Fusoliera (K = 0.013),129.6833,#006600
25.9,1131,20576,95,81,-176,39.7254,13.0316,Fusoliera (K = 0.013),129.6939,#006600
27.9,1213,20248,95,80,-175,39.7254,13.0326,Fusoliera (K = 0.013),129.7045,#006600
30.0,1294,19920,94,79,-174,39.7254,13.0336,Fusoliera (K = 0.013),129.7154,#006600
32.0,1376,19592,93,78,-173,39.7255,13.0346,Fusoliera (K = 0.013),129.7263,#006600
34.1,1457,19264,93,77,-172,39.7255,13.0355,Fusoliera (K = 0.013),129.7375,#006600
36.2,1538,18936,92,76,-171,39.7255,13.0365,Fusoliera (K = 0.013),129.7489,#006600
38.3,1618,18607,92,75,-170,39.7255,13.0374,Fusoliera (K = 0.013),129.7604,#006600
40.5,1698,18279,91,74,-169,39.7255,13.0384,Fusoliera (K = 0.013),129.7722,#006600
42.6,1778,17951,91,73,-168,39.7255,13.0393,Fusoliera (K = 0.013),129.7842,#006600
44.7,1857,17623,90,72,-167,39.7255,13.0403,Fusoliera (K = 0.013),129.7963,#006600
46.9,1935,17295,90,71,-166,39.7255,13.0412,Fusoliera (K = 0.013),129.8087,#006600
49.1,2013,16967,89,70,-165,39.7255,13.0421,Fusoliera (K = 0.013),129.8213,#006600
51.3,2090,16639,89,69,-165,39.7255,13.0430,Fusoliera (K = 0.013),129.8341,#006600
53.5,2167,16310,88,68,-164,39.7255,13.0439,Fusoliera (K = 0.013),129.847,#006600
55.7,2243,15982,88,67,-163,39.7255,13.0448,Fusoliera (K = 0.013),129.8602,#006600
57.9,2318,15654,87,66,-162,39.7254,13.0457,Fusoliera (K = 0.013),129.8735,#006600
60.1,2393,15326,87,65,-161,39.7254,13.0465,Fusoliera (K = 0.013),129.887,#006600
62.4,2467,14998,86,64,-160,39.7254,13.0474,Fusoliera (K = 0.013),129.9006,#006600
64.6,2540,14670,86,63,-159,39.7253,13.0483,Fusoliera (K = 0.013),129.9145,#006600
66.9,2613,14341,86,62,-158,39.7253,13.0491,Fusoliera (K = 0.013),129.9284,#006600
69.2,2684,14013,85,61,-158,39.7252,13.0499,Fusoliera (K = 0.013),129.9426,#006600
71.4,2755,13685,85,60,-157,39.7251,13.0508,Fusoliera (K = 0.013),129.9569,#006600
73.7,2825,13357,84,59,-156,39.7251,13.0516,Fusoliera (K = 0.013),129.9713,#006600
76.1,2895,13029,84,58,-155,39.7250,13.0524,Fusoliera (K = 0.013),129.9859,#006600
78.4,2963,12701,83,57,-154,39.7249,13.0532,Fusoliera (K = 0.013),130.0005,#006600
80.7,3031,12373,83,56,-153,39.7249,13.0539,Fusoliera (K = 0.013),130.0154,#006600
83.1,3098,12044,82,55,-153,39.7248,13.0547,Fusoliera (K = 0.013),130.0303,#006600
85.5,3164,11716,82,54,-152,39.7247,13.0555,Fusoliera (K = 0.013),130.0453,#006600
87.8,3229,11388,82,53,-151,39.7246,13.0562,Fusoliera (K = 0.013),130.0604,#006600
90.2,3293,11060,81,52,-150,39.7245,13.0570,Fusoliera (K = 0.013),130.0757,#006600
92.6,3356,10732,81,51,-149,39.7244,13.0577,Fusoliera (K = 0.013),130.091,#006600
95.0,3418,10404,80,50,-149,39.7243,13.0584,Fusoliera (K = 0.013),130.1064,#006600
97.5,3479,10075,80,49,-148,39.7242,13.0591,Fusoliera (K = 0.013),130.1218,#006600
99.9,3540,9747,79,48,-147,39.7241,13.0598,Fusoliera (K = 0.013),130.1373,#006600
102.4,3599,9419,79,47,-146,39.7240,13.0605,Fusoliera (K = 0.013),130.1529,#006600
104.8,3657,9091,79,46,-146,39.7239,13.0612,Fusoliera (K = 0.013),130.1685,#006600
107.3,3715,8763,78,45,-145,39.7238,13.0618,Fusoliera (K = 0.013),130.1842,#006600
109.8,3771,8435,78,44,-144,39.7236,13.0625,Fusoliera (K = 0.013),130.1999,#006600
112.3,3826,8107,77,43,-143,39.7235,13.0631,Fusoliera (K = 0.013),130.2156,#006600
114.8,3880,7778,77,42,-143,39.7234,13.0637,Fusoliera (K = 0.013),130.2313,#006600
117.4,3934,7450,77,41,-142,39.7233,13.0643,Fusoliera (K = 0.013),130.247,#006600
119.9,3986,7122,76,40,-141,39.7231,13.0649,Fusoliera (K = 0.013),130.2627,#006600
122.5,4036,6794,76,39,-140,39.7230,13.0655,Fusoliera (K = 0.013),130.2784,#006600
125.0,4086,6466,75,38,-140,39.7228,13.0660,Fusoliera (K = 0.013),130.294,#006600
127.6,4135,6138,75,37,-139,39.7227,13.0666,Fusoliera (K = 0.013),130.3096,#006600
130.2,4182,5810,75,36,-138,39.7226,13.0671,Fusoliera (K = 0.013),130.3252,#006600
132.8,4229,5481,74,35,-138,39.7224,13.0676,Fusoliera (K = 0.013),130.3407,#006600
135.5,4274,5153,74,34,-137,39.7223,13.0681,Fusoliera (K = 0.013),130.3561,#006600
138.1,4317,4825,74,33,-136,39.7221,13.0686,Fusoliera (K = 0.013),130.3714,#006600
140.7,4360,4497,73,32,-136,39.7219,13.0691,Fusoliera (K = 0.013),130.3867,#006600
143.4,4401,4169,73,31,-135,39.7218,13.0696,Fusoliera (K = 0.013),130.4018,#006600
146.1,4442,3841,72,30,-134,39.7216,13.0700,Fusoliera (K = 0.013),130.4168,#006600
148.8,4480,3513,72,29,-134,39.7215,13.0704,Fusoliera (K = 0.013),130.4317,#006600
151.5,4518,3184,72,28,-133,39.7213,13.0708,Fusoliera (K = 0.013),130.4465,#006600
154.2,4554,2856,71,27,-132,39.7212,13.0712,Fusoliera (K = 0.013),130.461,#006600
156.9,4589,2528,71,26,-132,39.7210,13.0716,Fusoliera (K = 0.013),130.4755,#006600
159.7,4622,2200,71,25,-131,39.7208,13.0720,Fusoliera (K = 0.013),130.4897,#006600
162.4,4654,1872,70,24,-130,39.7207,13.0723,Fusoliera (K = 0.013),130.5037,#006600
165.2,4685,1544,70,23,-130,39.7205,13.0726,Fusoliera (K = 0.013),130.5176,#006600
168.0,4714,1215,70,22,-129,39.7203,13.0729,Fusoliera (K = 0.013),130.5312,#006600
170.8,4741,887,69,21,-128,39.7202,13.0732,Fusoliera (K = 0.013),130.5447,#006600
173.6,4767,559,69,20,-128,39.7200,13.0735,Fusoliera (K = 0.013),130.5579,#006600
176.4,4791,231,69,19,-127,39.7198,13.0737,Fusoliera (K = 0.013),130.5709,#006600
178.4,4807,-0,69,18,-127,39.7197,13.0739,Fusoliera (K = 0.013),130.58,#006600
0.0,0,25499,472,268,-708,39.7276,13.0188,Motore (K = 0.004),129.3955,#006600
0.5,69,25171,420,235,-637,39.7270,13.0190,Motore (K = 0.004),129.4328,#006600
1.1,137,24843,376,208,-577,39.7265,13.0192,Motore (K = 0.004),129.4693,#006600
1.8,203,24514,338,184,-527,39.7259,13.0195,Motore (K = 0.004),129.5048,#006600
2.5,266,24186,307,165,-485,39.7254,13.0198,Motore (K = 0.004),129.539,#006600
3.3,327,23858,280,148,-451,39.7249,13.0201,Motore (K = 0.004),129.5718,#006600
4.1,386,23530,258,135,-422,39.7244,13.0204,Motore (K = 0.004),129.6031,#006600
5.0,443,23202,240,124,-400,39.7240,13.0208,Motore (K = 0.004),129.6327,#006600
5.9,497,22873,226,114,-382,39.7236,13.0213,Motore (K = 0.004),129.6605,#006600
6.9,549,22545,214,107,-367,39.7232,13.0217,Motore (K = 0.004),129.6865,#006600
7.9,599,22217,205,101,-356,39.7229,13.0222,Motore (K = 0.004),129.7108,#006600
8.9,647,21889,197,97,-347,39.7226,13.0227,Motore (K = 0.004),129.7334,#006600
9.9,694,21561,191,93,-340,39.7224,13.0232,Motore (K = 0.004),129.7543,#006600
11.0,739,21232,186,90,-334,39.7222,13.0237,Motore (K = 0.004),129.7736,#006600
12.1,782,20904,182,87,-329,39.7220,13.0242,Motore (K = 0.004),129.7916,#006600
13.2,824,20576,179,85,-326,39.7218,13.0247,Motore (K = 0.004),129.8082,#006600
14.3,866,20248,177,84,-322,39.7217,13.0252,Motore (K = 0.004),129.8237,#006600
15.4,907,19919,175,82,-320,39.7215,13.0258,Motore (K = 0.004),129.8381,#006600
16.6,947,19591,173,81,-317,39.7214,13.0263,Motore (K = 0.004),129.8516,#006600
17.7,987,19263,171,80,-315,39.7213,13.0268,Motore (K = 0.004),129.8642,#006600
18.8,1026,18935,170,79,-313,39.7212,13.0274,Motore (K = 0.004),129.8761,#006600
20.0,1065,18607,169,78,-311,39.7211,13.0279,Motore (K = 0.004),129.8874,#006600
21.2,1104,18278,167,77,-309,39.7211,13.0284,Motore (K = 0.004),129.8981,#006600
22.3,1143,17950,166,76,-308,39.7210,13.0290,Motore (K = 0.004),129.9084,#006600
23.5,1182,17622,165,75,-306,39.7210,13.0295,Motore (K = 0.004),129.9182,#006600
24.7,1220,17294,164,74,-304,39.7209,13.0300,Motore (K = 0.004),129.9277,#006600
25.9,1259,16965,163,74,-302,39.7209,13.0306,Motore (K = 0.004),129.9369,#006600
27.1,1297,16637,162,73,-301,39.7208,13.0311,Motore (K = 0.004),129.9458,#006600
28.3,1336,16309,162,72,-299,39.7208,13.0316,Motore (K = 0.004),129.9545,#006600
29.5,1375,15981,161,71,-297,39.7208,13.0321,Motore (K = 0.004),129.9631,#006600
30.7,1413,15652,160,70,-296,39.7207,13.0326,Motore (K = 0.004),129.9715,#006600
31.9,1452,15324,159,69,-294,39.7207,13.0331,Motore (K = 0.004),129.9799,#006600
33.1,1490,14996,158,68,-292,39.7207,13.0336,Motore (K = 0.004),129.9881,#006600
34.4,1529,14668,157,67,-291,39.7207,13.0341,Motore (K = 0.004),129.9963,#006600
35.6,1567,14340,156,66,-289,39.7206,13.0346,Motore (K = 0.004),130.0045,#006600
36.9,1605,14011,155,65,-287,39.7206,13.0351,Motore (K = 0.004),130.0126,#006600
38.1,1643,13683,155,64,-286,39.7206,13.0356,Motore (K = 0.004),130.0207,#006600
39.4,1681,13355,154,63,-284,39.7205,13.0361,Motore (K = 0.004),130.0288,#006600
40.7,1719,13027,153,62,-283,39.7205,13.0366,Motore (K = 0.004),130.0369,#006600
41.9,1756,12699,152,61,-281,39.7205,13.0370,Motore (K = 0.004),130.0451,#006600
43.2,1794,12371,151,60,-280,39.7204,13.0375,Motore (K = 0.004),130.0532,#006600
44.5,1831,12043,150,59,-278,39.7204,13.0380,Motore (K = 0.004),130.0614,#006600
45.8,1867,11714,150,58,-277,39.7204,13.0384,Motore (K = 0.004),130.0697,#006600
47.1,1904,11386,149,57,-275,39.7203,13.0389,Motore (K = 0.004),130.0779,#006600
48.4,1940,11058,148,56,-274,39.7203,13.0393,Motore (K = 0.004),130.0862,#006600
49.7,1976,10730,147,55,-272,39.7202,13.0397,Motore (K = 0.004),130.0946,#006600
51.1,2012,10402,146,54,-271,39.7202,13.0402,Motore (K = 0.004),130.103,#006600
52.4,2047,10073,146,53,-269,39.7201,13.0406,Motore (K = 0.004),130.1114,#006600
53.7,2082,9745,145,52,-268,39.7201,13.0410,Motore (K = 0.004),130.1199,#006600
55.1,2116,9417,144,51,-266,39.7200,13.0414,Motore (K = 0.004),130.1284,#006600
56.4,2150,9089,143,50,-265,39.7200,13.0418,Motore (K = 0.004),130.1369,#006600
57.8,2184,8760,142,49,-264,39.7199,13.0422,Motore (K = 0.004),130.1454,#006600
59.2,2217,8432,142,47,-262,39.7198,13.0426,Motore (K = 0.004),130.154,#006600
60.6,2250,8104,141,46,-261,39.7198,13.0430,Motore (K = 0.004),130.1626,#006600
61.9,2282,7776,140,45,-259,39.7197,13.0433,Motore (K = 0.004),130.1713,#006600
63.3,2313,7448,139,44,-258,39.7196,13.0437,Motore (K = 0.004),130.1799,#006600
64.7,2345,7119,139,43,-257,39.7196,13.0440,Motore (K = 0.004),130.1885,#006600
66.1,2375,6791,138,42,-255,39.7195,13.0444,Motore (K = 0.004),130.1972,#006600
67.6,2406,6463,137,41,-254,39.7194,13.0447,Motore (K = 0.004),130.2059,#006600
69.0,2435,6135,137,40,-253,39.7194,13.0451,Motore (K = 0.004),130.2145,#006600
70.4,2464,5807,136,39,-251,39.7193,13.0454,Motore (K = 0.004),130.2232,#006600
71.8,2493,5479,135,38,-250,39.7192,13.0457,Motore (K = 0.004),130.2318,#006600
73.3,2521,5150,134,37,-249,39.7191,13.0460,Motore (K = 0.004),130.2404,#006600
74.7,2548,4822,134,36,-248,39.7190,13.0463,Motore (K = 0.004),130.249,#006600
76.2,2575,4494,133,35,-246,39.7190,13.0466,Motore (K = 0.004),130.2575,#006600
77.7,2601,4166,132,34,-245,39.7189,13.0469,Motore (K = 0.004),130.266,#006600
79.1,2626,3838,132,33,-244,39.7188,13.0472,Motore (K = 0.004),130.2745,#006600
80.6,2651,3509,131,32,-243,39.7187,13.0475,Motore (K = 0.004),130.2829,#006600
82.1,2675,3181,130,31,-241,39.7186,13.0477,Motore (K = 0.004),130.2913,#006600
83.6,2698,2853,130,30,-240,39.7185,13.0480,Motore (K = 0.004),130.2995,#006600
85.1,2721,2525,129,29,-239,39.7185,13.0482,Motore (K = 0.004),130.3078,#006600
86.6,2743,2196,128,28,-238,39.7184,13.0484,Motore (K = 0.004),130.3159,#006600
88.1,2764,1868,128,27,-237,39.7183,13.0487,Motore (K = 0.004),130.3239,#006600
89.7,2785,1540,127,26,-235,39.7182,13.0489,Motore (K = 0.004),130.3319,#006600
91.2,2805,1212,127,25,-234,39.7181,13.0491,Motore (K = 0.004),130.3398,#006600
92.7,2824,884,126,24,-233,39.7180,13.0493,Motore (K = 0.004),130.3475,#006600
94.3,2842,555,125,23,-232,39.7179,13.0494,Motore (K = 0.004),130.3552,#006600
95.8,2859,227,125,22,-231,39.7178,13.0496,Motore (K = 0.004),130.3627,#006600
96.9,2871,-0,124,21,-230,39.7178,13.0497,Motore (K = 0.004),130.3679,#006600
0.0,0,25499,472,268,-708,39.7276,13.0188,Curva B (K = 0.0004),129.3955,#ff3333
0.5,69,25171,473,264,-716,39.7270,13.0190,Curva B (K = 0.0004),129.4328,#ff3333
1.0,137,24843,474,261,-724,39.7264,13.0191,Curva B (K = 0.0004),129.4691,#ff3333
1.5,203,24514,475,257,-732,39.7259,13.0193,Curva B (K = 0.0004),129.5047,#ff3333
2.0,267,24186,476,254,-739,39.7253,13.0195,Curva B (K = 0.0004),129.5394,#ff3333
2.5,330,23858,477,251,-746,39.7247,13.0196,Curva B (K = 0.0004),129.5734,#ff3333
3.0,392,23529,478,248,-753,39.7242,13.0198,Curva B (K = 0.0004),129.6067,#ff3333
3.4,452,23201,479,244,-760,39.7237,13.0200,Curva B (K = 0.0004),129.6392,#ff3333
3.9,511,22873,479,241,-766,39.7232,13.0201,Curva B (K = 0.0004),129.671,#ff3333
4.4,569,22544,480,238,-772,39.7227,13.0203,Curva B (K = 0.0004),129.7022,#ff3333
4.8,625,22216,481,235,-778,39.7222,13.0205,Curva B (K = 0.0004),129.7327,#ff3333
5.3,681,21887,482,232,-783,39.7217,13.0207,Curva B (K = 0.0004),129.7627,#ff3333
5.8,735,21559,482,229,-788,39.7212,13.0208,Curva B (K = 0.0004),129.7921,#ff3333
6.2,789,21230,483,226,-793,39.7208,13.0210,Curva B (K = 0.0004),129.8209,#ff3333
6.7,841,20901,483,223,-798,39.7203,13.0212,Curva B (K = 0.0004),129.8492,#ff3333
7.1,892,20573,484,220,-802,39.7199,13.0213,Curva B (K = 0.0004),129.8769,#ff3333
7.6,943,20245,484,217,-807,39.7194,13.0215,Curva B (K = 0.0004),129.9041,#ff3333
8.0,992,19916,485,215,-811,39.7190,13.0217,Curva B (K = 0.0004),129.9309,#ff3333
8.5,1041,19587,485,212,-815,39.7186,13.0218,Curva B (K = 0.0004),129.9572,#ff3333
8.9,1088,19259,485,209,-818,39.7182,13.0220,Curva B (K = 0.0004),129.9829,#ff3333
9.3,1135,18931,486,206,-822,39.7178,13.0221,Curva B (K = 0.0004),130.0083,#ff3333
9.8,1181,18602,486,204,-825,39.7174,13.0223,Curva B (K = 0.0004),130.0332,#ff3333
10.2,1227,18274,486,201,-828,39.7170,13.0225,Curva B (K = 0.0004),130.0577,#ff3333
10.6,1271,17945,486,198,-831,39.7166,13.0226,Curva B (K = 0.0004),130.0817,#ff3333
11.1,1315,17617,486,196,-833,39.7162,13.0228,Curva B (K = 0.0004),130.1054,#ff3333
11.5,1358,17288,486,193,-836,39.7159,13.0230,Curva B (K = 0.0004),130.1287,#ff3333
11.9,1400,16959,486,190,-838,39.7155,13.0231,Curva B (K = 0.0004),130.1516,#ff3333
12.4,1442,16631,486,188,-840,39.7151,13.0233,Curva B (K = 0.0004),130.1741,#ff3333
12.8,1483,16302,486,185,-842,39.7148,13.0235,Curva B (K = 0.0004),130.1963,#ff3333
13.2,1524,15973,485,183,-844,39.7144,13.0236,Curva B (K = 0.0004),130.2181,#ff3333
13.7,1563,15645,485,180,-845,39.7141,13.0238,Curva B (K = 0.0004),130.2395,#ff3333
14.1,1602,15316,485,178,-847,39.7138,13.0240,Curva B (K = 0.0004),130.2606,#ff3333
14.5,1641,14988,484,175,-848,39.7135,13.0241,Curva B (K = 0.0004),130.2814,#ff3333
14.9,1679,14660,484,173,-849,39.7131,13.0243,Curva B (K = 0.0004),130.3018,#ff3333
15.4,1716,14331,484,171,-850,39.7128,13.0244,Curva B (K = 0.0004),130.322,#ff3333
15.8,1753,14003,483,168,-851,39.7125,13.0246,Curva B (K = 0.0004),130.3418,#ff3333
16.2,1789,13674,483,166,-851,39.7122,13.0248,Curva B (K = 0.0004),130.3613,#ff3333
16.6,1825,13346,482,163,-852,39.7119,13.0249,Curva B (K = 0.0004),130.3806,#ff3333
17.1,1860,13018,481,161,-852,39.7116,13.0251,Curva B (K = 0.0004),130.3995,#ff3333
17.5,1894,12689,481,159,-852,39.7113,13.0252,Curva B (K = 0.0004),130.4181,#ff3333
17.9,1928,12361,480,157,-852,39.7110,13.0254,Curva B (K = 0.0004),130.4365,#ff3333
18.3,1962,12032,479,154,-852,39.7108,13.0256,Curva B (K = 0.0004),130.4546,#ff3333
18.7,1995,11704,478,152,-852,39.7105,13.0257,Curva B (K = 0.0004),130.4725,#ff3333
19.2,2028,11375,477,150,-852,39.7102,13.0259,Curva B (K = 0.0004),130.49,#ff3333
19.6,2060,11047,476,148,-851,39.7100,13.0260,Curva B (K = 0.0004),130.5073,#ff3333
20.0,2092,10718,476,146,-851,39.7097,13.0262,Curva B (K = 0.0004),130.5244,#ff3333
20.4,2123,10390,475,144,-850,39.7094,13.0263,Curva B (K = 0.0004),130.5412,#ff3333
20.9,2154,10061,474,141,-849,39.7092,13.0265,Curva B (K = 0.0004),130.5578,#ff3333
21.3,2184,9733,472,139,-848,39.7089,13.0267,Curva B (K = 0.0004),130.5741,#ff3333
21.7,2214,9404,471,137,-847,39.7087,13.0268,Curva B (K = 0.0004),130.5902,#ff3333
22.1,2244,9076,470,135,-846,39.7085,13.0270,Curva B (K = 0.0004),130.6061,#ff3333
22.6,2273,8747,469,133,-845,39.7082,13.0271,Curva B (K = 0.0004),130.6217,#ff3333
23.0,2301,8419,468,131,-843,39.7080,13.0273,Curva B (K = 0.0004),130.6371,#ff3333
23.4,2330,8090,467,129,-842,39.7078,13.0274,Curva B (K = 0.0004),130.6523,#ff3333
23.8,2358,7762,465,127,-840,39.7075,13.0276,Curva B (K = 0.0004),130.6672,#ff3333
24.3,2385,7434,464,125,-839,39.7073,13.0277,Curva B (K = 0.0004),130.6819,#ff3333
24.7,2412,7106,463,123,-837,39.7071,13.0279,Curva B (K = 0.0004),130.6964,#ff3333
25.1,2439,6777,461,121,-835,39.7069,13.0280,Curva B (K = 0.0004),130.7108,#ff3333
25.6,2465,6449,460,119,-833,39.7067,13.0282,Curva B (K = 0.0004),130.7249,#ff3333
26.0,2491,6120,459,117,-831,39.7065,13.0283,Curva B (K = 0.0004),130.7388,#ff3333
26.4,2517,5792,457,116,-829,39.7062,13.0285,Curva B (K = 0.0004),130.7525,#ff3333
26.9,2542,5464,456,114,-827,39.7060,13.0286,Curva B (K = 0.0004),130.766,#ff3333
27.3,2567,5136,454,112,-825,39.7058,13.0288,Curva B (K = 0.0004),130.7793,#ff3333
27.7,2592,4807,453,110,-822,39.7057,13.0289,Curva B (K = 0.0004),130.7924,#ff3333
28.2,2616,4478,451,108,-820,39.7055,13.0290,Curva B (K = 0.0004),130.8053,#ff3333
28.6,2640,4150,449,106,-818,39.7053,13.0292,Curva B (K = 0.0004),130.8181,#ff3333
29.1,2664,3822,448,105,-815,39.7051,13.0293,Curva B (K = 0.0004),130.8306,#ff3333
29.5,2687,3493,446,103,-813,39.7049,13.0295,Curva B (K = 0.0004),130.843,#ff3333
30.0,2710,3165,444,101,-810,39.7047,13.0296,Curva B (K = 0.0004),130.8551,#ff3333
30.4,2732,2836,443,99,-807,39.7045,13.0297,Curva B (K = 0.0004),130.8671,#ff3333
30.8,2755,2508,441,97,-804,39.7044,13.0299,Curva B (K = 0.0004),130.879,#ff3333
31.3,2776,2179,439,96,-802,39.7042,13.0300,Curva B (K = 0.0004),130.8906,#ff3333
31.7,2798,1851,438,94,-799,39.7040,13.0301,Curva B (K = 0.0004),130.902,#ff3333
32.2,2819,1523,436,92,-796,39.7039,13.0303,Curva B (K = 0.0004),130.9133,#ff3333
32.6,2840,1194,434,91,-793,39.7037,13.0304,Curva B (K = 0.0004),130.9245,#ff3333
33.1,2861,866,432,89,-790,39.7035,13.0305,Curva B (K = 0.0004),130.9354,#ff3333
33.6,2881,538,430,87,-787,39.7034,13.0307,Curva B (K = 0.0004),130.9462,#ff3333
34.0,2901,209,429,85,-784,39.7032,13.0308,Curva B (K = 0.0004),130.9568,#ff3333
34.3,2914,-1,427,84,-782,39.7031,13.0309,Curva B (K = 0.0004),130.9634,#ff3333
0.0,0,25499,472,268,-708,39.7276,13.0188,Curva A (K = 0.001),129.3955,#ff3333
0.5,69,25171,463,259,-702,39.7270,13.0190,Curva A (K = 0.001),129.4328,#ff3333
1.0,137,24843,456,251,-697,39.7264,13.0191,Curva A (K = 0.001),129.4692,#ff3333
1.5,203,24514,448,243,-692,39.7259,13.0193,Curva A (K = 0.001),129.5047,#ff3333
2.1,267,24186,441,235,-687,39.7253,13.0195,Curva A (K = 0.001),129.5394,#ff3333
2.6,330,23858,435,228,-683,39.7248,13.0197,Curva A (K = 0.001),129.5732,#ff3333
3.1,391,23529,428,221,-679,39.7242,13.0199,Curva A (K = 0.001),129.6062,#ff3333
3.7,450,23201,422,214,-675,39.7237,13.0201,Curva A (K = 0.001),129.6384,#ff3333
4.2,508,22872,417,208,-671,39.7232,13.0203,Curva A (K = 0.001),129.6698,#ff3333
4.7,565,22544,411,201,-667,39.7227,13.0205,Curva A (K = 0.001),129.7004,#ff3333
5.3,620,22215,406,195,-663,39.7223,13.0207,Curva A (K = 0.001),129.7302,#ff3333
5.8,674,21887,401,189,-660,39.7218,13.0209,Curva A (K = 0.001),129.7592,#ff3333
6.4,726,21558,396,184,-656,39.7214,13.0212,Curva A (K = 0.001),129.7875,#ff3333
6.9,777,21230,392,178,-653,39.7209,13.0214,Curva A (K = 0.001),129.8151,#ff3333
7.5,827,20902,387,173,-650,39.7205,13.0216,Curva A (K = 0.001),129.8419,#ff3333
8.0,876,20573,383,168,-647,39.7201,13.0218,Curva A (K = 0.001),129.868,#ff3333
8.6,923,20245,379,163,-644,39.7197,13.0221,Curva A (K = 0.001),129.8935,#ff3333
9.1,969,19916,375,159,-641,39.7194,13.0223,Curva A (K = 0.001),129.9183,#ff3333
9.7,1014,19588,372,154,-638,39.7190,13.0225,Curva A (K = 0.001),129.9424,#ff3333
10.3,1058,19260,368,150,-635,39.7186,13.0227,Curva A (K = 0.001),129.9659,#ff3333
10.8,1101,18931,365,146,-632,39.7183,13.0230,Curva A (K = 0.001),129.9888,#ff3333
11.4,1142,18603,362,142,-629,39.7179,13.0232,Curva A (K = 0.001),130.0111,#ff3333
12.0,1183,18274,359,138,-627,39.7176,13.0235,Curva A (K = 0.001),130.0328,#ff3333
12.6,1223,17946,356,134,-624,39.7173,13.0237,Curva A (K = 0.001),130.0539,#ff3333
13.1,1261,17617,353,131,-621,39.7170,13.0239,Curva A (K = 0.001),130.0745,#ff3333
13.7,1299,17289,350,127,-619,39.7167,13.0242,Curva A (K = 0.001),130.0945,#ff3333
14.3,1336,16961,348,124,-616,39.7164,13.0244,Curva A (K = 0.001),130.1139,#ff3333
14.9,1372,16632,345,121,-613,39.7162,13.0247,Curva A (K = 0.001),130.1329,#ff3333
15.5,1407,16304,343,118,-611,39.7159,13.0249,Curva A (K = 0.001),130.1514,#ff3333
16.1,1442,15975,340,115,-608,39.7156,13.0252,Curva A (K = 0.001),130.1693,#ff3333
16.7,1475,15647,338,112,-606,39.7154,13.0254,Curva A (K = 0.001),130.1868,#ff3333
17.3,1508,15319,336,110,-603,39.7151,13.0256,Curva A (K = 0.001),130.2039,#ff3333
17.9,1540,14990,333,107,-600,39.7149,13.0259,Curva A (K = 0.001),130.2205,#ff3333
18.5,1572,14662,331,105,-598,39.7147,13.0261,Curva A (K = 0.001),130.2366,#ff3333
19.1,1602,14333,329,102,-595,39.7145,13.0264,Curva A (K = 0.001),130.2524,#ff3333
19.7,1632,14005,327,100,-592,39.7143,13.0266,Curva A (K = 0.001),130.2677,#ff3333
20.3,1662,13676,325,98,-590,39.7141,13.0269,Curva A (K = 0.001),130.2826,#ff3333
20.9,1690,13348,323,95,-587,39.7139,13.0271,Curva A (K = 0.001),130.2972,#ff3333
21.5,1719,13020,321,93,-584,39.7137,13.0274,Curva A (K = 0.001),130.3114,#ff3333
22.1,1746,12692,319,91,-582,39.7135,13.0276,Curva A (K = 0.001),130.3252,#ff3333
22.8,1773,12363,317,89,-579,39.7133,13.0279,Curva A (K = 0.001),130.3386,#ff3333
23.4,1800,12035,315,87,-576,39.7131,13.0281,Curva A (K = 0.001),130.3518,#ff3333
24.0,1826,11706,314,86,-573,39.7130,13.0283,Curva A (K = 0.001),130.3646,#ff3333
24.6,1851,11378,312,84,-571,39.7128,13.0286,Curva A (K = 0.001),130.3771,#ff3333
25.3,1876,11049,310,82,-568,39.7126,13.0288,Curva A (K = 0.001),130.3892,#ff3333
25.9,1901,10721,308,80,-565,39.7125,13.0291,Curva A (K = 0.001),130.4011,#ff3333
26.5,1925,10393,307,79,-562,39.7123,13.0293,Curva A (K = 0.001),130.4127,#ff3333
27.2,1948,10064,305,77,-560,39.7122,13.0295,Curva A (K = 0.001),130.424,#ff3333
27.8,1971,9736,303,76,-557,39.7121,13.0298,Curva A (K = 0.001),130.435,#ff3333
28.5,1994,9408,301,74,-554,39.7119,13.0300,Curva A (K = 0.001),130.4458,#ff3333
29.1,2016,9079,300,73,-551,39.7118,13.0302,Curva A (K = 0.001),130.4563,#ff3333
29.8,2038,8751,298,71,-549,39.7117,13.0305,Curva A (K = 0.001),130.4666,#ff3333
30.4,2060,8422,297,70,-546,39.7115,13.0307,Curva A (K = 0.001),130.4766,#ff3333
31.1,2081,8094,295,68,-543,39.7114,13.0309,Curva A (K = 0.001),130.4865,#ff3333
31.8,2102,7766,293,67,-540,39.7113,13.0311,Curva A (K = 0.001),130.496,#ff3333
32.4,2122,7437,292,65,-537,39.7112,13.0314,Curva A (K = 0.001),130.5054,#ff3333
33.1,2142,7109,290,64,-534,39.7111,13.0316,Curva A (K = 0.001),130.5146,#ff3333
33.8,2162,6781,288,63,-532,39.7110,13.0318,Curva A (K = 0.001),130.5235,#ff3333
34.5,2181,6453,287,61,-529,39.7109,13.0320,Curva A (K = 0.001),130.5323,#ff3333
35.1,2200,6124,285,60,-526,39.7108,13.0322,Curva A (K = 0.001),130.5408,#ff3333
35.8,2219,5796,284,59,-523,39.7107,13.0324,Curva A (K = 0.001),130.5492,#ff3333
36.5,2238,5468,282,57,-521,39.7106,13.0326,Curva A (K = 0.001),130.5574,#ff3333
37.2,2256,5139,281,56,-518,39.7105,13.0328,Curva A (K = 0.001),130.5655,#ff3333
37.9,2274,4811,279,55,-515,39.7104,13.0330,Curva A (K = 0.001),130.5733,#ff3333
38.6,2291,4483,278,54,-512,39.7103,13.0332,Curva A (K = 0.001),130.581,#ff3333
39.3,2308,4155,276,52,-509,39.7102,13.0334,Curva A (K = 0.001),130.5886,#ff3333
40.0,2325,3826,275,51,-507,39.7101,13.0336,Curva A (K = 0.001),130.5959,#ff3333
40.7,2342,3498,273,50,-504,39.7100,13.0338,Curva A (K = 0.001),130.6032,#ff3333
41.5,2358,3169,272,49,-501,39.7100,13.0340,Curva A (K = 0.001),130.6103,#ff3333
42.2,2374,2841,270,47,-499,39.7099,13.0342,Curva A (K = 0.001),130.6172,#ff3333
42.9,2389,2513,269,46,-496,39.7098,13.0343,Curva A (K = 0.001),130.624,#ff3333
43.6,2405,2185,267,45,-493,39.7097,13.0345,Curva A (K = 0.001),130.6307,#ff3333
44.4,2420,1856,266,44,-491,39.7096,13.0347,Curva A (K = 0.001),130.6372,#ff3333
45.1,2435,1528,264,42,-488,39.7096,13.0349,Curva A (K = 0.001),130.6436,#ff3333
45.8,2449,1200,263,41,-485,39.7095,13.0350,Curva A (K = 0.001),130.6498,#ff3333
46.6,2463,872,262,40,-483,39.7094,13.0352,Curva A (K = 0.001),130.656,#ff3333
47.3,2477,544,260,39,-480,39.7094,13.0353,Curva A (K = 0.001),130.662,#ff3333
48.1,2490,215,259,37,-478,39.7093,13.0355,Curva A (K = 0.001),130.6679,#ff3333
48.6,2499,-0,258,37,-476,39.7092,13.0356,Curva A (K = 0.001),130.6717,#ff3333
0.0,0,25500,468,466,-0,39.7276,13.0188,Curva C (K = 0.0053),129.3955,#ff3333
5.3,736,25172,177,178,-125,39.7214,13.0218,Curva C (K = 0.0053),129.7915,#ff3333
7.7,931,24844,151,144,-168,39.7200,13.0232,Curva C (K = 0.0053),129.8935,#ff3333
9.7,1060,24516,144,126,-197,39.7191,13.0243,Curva C (K = 0.0053),129.9587,#ff3333
11.4,1159,24187,142,115,-219,39.7185,13.0252,Curva C (K = 0.0053),130.0067,#ff3333
13.0,1241,23859,143,108,-235,39.7180,13.0261,Curva C (K = 0.0053),130.0446,#ff3333
14.5,1311,23531,145,102,-247,39.7177,13.0269,Curva C (K = 0.0053),130.0756,#ff3333
15.9,1373,23203,146,98,-256,39.7174,13.0277,Curva C (K = 0.0053),130.1018,#ff3333
17.3,1430,22874,147,95,-263,39.7172,13.0284,Curva C (K = 0.0053),130.1243,#ff3333
18.7,1483,22546,148,92,-268,39.7170,13.0292,Curva C (K = 0.0053),130.1439,#ff3333
20.0,1532,22218,149,90,-271,39.7168,13.0299,Curva C (K = 0.0053),130.1613,#ff3333
21.3,1580,21890,149,89,-273,39.7167,13.0306,Curva C (K = 0.0053),130.1769,#ff3333
22.6,1625,21562,149,87,-274,39.7166,13.0313,Curva C (K = 0.0053),130.191,#ff3333
24.0,1670,21233,149,86,-275,39.7166,13.0319,Curva C (K = 0.0053),130.2039,#ff3333
25.3,1714,20905,149,85,-275,39.7165,13.0326,Curva C (K = 0.0053),130.2159,#ff3333
26.6,1757,20577,149,84,-275,39.7165,13.0333,Curva C (K = 0.0053),130.227,#ff3333
27.9,1799,20249,148,83,-274,39.7164,13.0339,Curva C (K = 0.0053),130.2375,#ff3333
29.2,1842,19920,148,82,-273,39.7164,13.0346,Curva C (K = 0.0053),130.2475,#ff3333
30.5,1884,19592,147,81,-272,39.7164,13.0352,Curva C (K = 0.0053),130.257,#ff3333
31.8,1927,19264,147,80,-271,39.7164,13.0358,Curva C (K = 0.0053),130.2662,#ff3333
33.2,1969,18935,146,79,-270,39.7163,13.0365,Curva C (K = 0.0053),130.2751,#ff3333
34.5,2011,18607,145,78,-268,39.7163,13.0371,Curva C (K = 0.0053),130.2838,#ff3333
35.9,2054,18279,144,77,-267,39.7163,13.0377,Curva C (K = 0.0053),130.2924,#ff3333
37.2,2097,17951,144,76,-266,39.7163,13.0383,Curva C (K = 0.0053),130.3009,#ff3333
38.6,2140,17623,143,75,-264,39.7163,13.0390,Curva C (K = 0.0053),130.3093,#ff3333
39.9,2182,17294,142,74,-263,39.7163,13.0396,Curva C (K = 0.0053),130.3176,#ff3333
41.3,2225,16966,141,73,-261,39.7163,13.0402,Curva C (K = 0.0053),130.326,#ff3333
42.7,2269,16638,140,72,-260,39.7163,13.0408,Curva C (K = 0.0053),130.3343,#ff3333
44.1,2312,16310,140,71,-258,39.7163,13.0414,Curva C (K = 0.0053),130.3427,#ff3333
45.5,2355,15982,139,70,-257,39.7163,13.0420,Curva C (K = 0.0053),130.3511,#ff3333
46.9,2398,15653,138,69,-256,39.7163,13.0425,Curva C (K = 0.0053),130.3596,#ff3333
48.3,2441,15325,137,68,-254,39.7162,13.0431,Curva C (K = 0.0053),130.3681,#ff3333
49.7,2485,14997,137,67,-253,39.7162,13.0437,Curva C (K = 0.0053),130.3767,#ff3333
51.1,2528,14669,136,66,-251,39.7162,13.0443,Curva C (K = 0.0053),130.3854,#ff3333
52.6,2571,14340,135,65,-250,39.7162,13.0448,Curva C (K = 0.0053),130.3942,#ff3333
54.0,2613,14012,134,64,-249,39.7161,13.0454,Curva C (K = 0.0053),130.403,#ff3333
55.5,2656,13684,134,63,-247,39.7161,13.0459,Curva C (K = 0.0053),130.412,#ff3333
56.9,2699,13356,133,61,-246,39.7161,13.0465,Curva C (K = 0.0053),130.421,#ff3333
58.4,2741,13028,132,60,-245,39.7160,13.0470,Curva C (K = 0.0053),130.43,#ff3333
59.9,2783,12700,131,59,-243,39.7160,13.0475,Curva C (K = 0.0053),130.4392,#ff3333
61.4,2825,12372,131,58,-242,39.7160,13.0481,Curva C (K = 0.0053),130.4485,#ff3333
62.9,2866,12043,130,57,-241,39.7159,13.0486,Curva C (K = 0.0053),130.4578,#ff3333
64.4,2908,11715,129,56,-239,39.7159,13.0491,Curva C (K = 0.0053),130.4672,#ff3333
65.9,2949,11387,129,55,-238,39.7158,13.0496,Curva C (K = 0.0053),130.4767,#ff3333
67.4,2989,11058,128,54,-237,39.7158,13.0501,Curva C (K = 0.0053),130.4862,#ff3333
68.9,3029,10730,127,53,-236,39.7157,13.0506,Curva C (K = 0.0053),130.4958,#ff3333
70.4,3069,10402,127,52,-234,39.7157,13.0510,Curva C (K = 0.0053),130.5055,#ff3333
72.0,3109,10074,126,51,-233,39.7156,13.0515,Curva C (K = 0.0053),130.5152,#ff3333
73.5,3148,9746,125,50,-232,39.7155,13.0520,Curva C (K = 0.0053),130.525,#ff3333
75.1,3186,9418,125,49,-231,39.7155,13.0524,Curva C (K = 0.0053),130.5348,#ff3333
76.7,3224,9089,124,48,-229,39.7154,13.0529,Curva C (K = 0.0053),130.5447,#ff3333
78.2,3262,8761,123,47,-228,39.7153,13.0533,Curva C (K = 0.0053),130.5546,#ff3333
79.8,3299,8433,123,46,-227,39.7153,13.0538,Curva C (K = 0.0053),130.5645,#ff3333
81.4,3335,8105,122,45,-226,39.7152,13.0542,Curva C (K = 0.0053),130.5745,#ff3333
83.0,3371,7777,121,44,-225,39.7151,13.0546,Curva C (K = 0.0053),130.5844,#ff3333
84.6,3407,7449,121,43,-223,39.7150,13.0550,Curva C (K = 0.0053),130.5944,#ff3333
86.2,3442,7120,120,42,-222,39.7149,13.0554,Curva C (K = 0.0053),130.6044,#ff3333
87.9,3476,6792,119,41,-221,39.7149,13.0558,Curva C (K = 0.0053),130.6144,#ff3333
89.5,3510,6464,119,40,-220,39.7148,13.0562,Curva C (K = 0.0053),130.6244,#ff3333
91.1,3543,6136,118,39,-219,39.7147,13.0565,Curva C (K = 0.0053),130.6344,#ff3333
92.8,3575,5808,118,38,-218,39.7146,13.0569,Curva C (K = 0.0053),130.6444,#ff3333
94.4,3607,5479,117,37,-217,39.7145,13.0573,Curva C (K = 0.0053),130.6543,#ff3333
96.1,3638,5151,116,36,-216,39.7144,13.0576,Curva C (K = 0.0053),130.6642,#ff3333
97.8,3669,4823,116,35,-214,39.7143,13.0579,Curva C (K = 0.0053),130.6741,#ff3333
99.5,3699,4495,115,34,-213,39.7142,13.0583,Curva C (K = 0.0053),130.6839,#ff3333
101.2,3728,4167,115,33,-212,39.7141,13.0586,Curva C (K = 0.0053),130.6937,#ff3333
102.9,3756,3839,114,32,-211,39.7140,13.0589,Curva C (K = 0.0053),130.7034,#ff3333
104.6,3784,3510,114,31,-210,39.7139,13.0592,Curva C (K = 0.0053),130.713,#ff3333
106.3,3810,3182,113,30,-209,39.7138,13.0595,Curva C (K = 0.0053),130.7226,#ff3333
108.0,3836,2854,112,29,-208,39.7137,13.0597,Curva C (K = 0.0053),130.732,#ff3333
109.7,3862,2526,112,28,-207,39.7136,13.0600,Curva C (K = 0.0053),130.7414,#ff3333
111.5,3886,2198,111,27,-206,39.7135,13.0603,Curva C (K = 0.0053),130.7507,#ff3333
113.2,3910,1870,111,26,-205,39.7134,13.0605,Curva C (K = 0.0053),130.7599,#ff3333
115.0,3932,1541,110,25,-204,39.7133,13.0607,Curva C (K = 0.0053),130.769,#ff3333
116.8,3954,1213,110,24,-203,39.7132,13.0609,Curva C (K = 0.0053),130.7779,#ff3333
118.5,3975,885,109,23,-202,39.7131,13.0612,Curva C (K = 0.0053),130.7867,#ff3333
120.3,3995,557,109,22,-201,39.7130,13.0613,Curva C (K = 0.0053),130.7954,#ff3333
122.1,4014,229,108,21,-200,39.7129,13.0615,Curva C (K = 0.0053),130.804,#ff3333
123.4,4027,-0,108,20,-199,39.7128,13.0616,Curva C (K = 0.0053),130.8099,#ff3333
