nome,t,d,UTC
UPT,0.00,129.125,18:59:45
1,5.60,129.5,18:59:52
2a,11.12,129.6875,18:59:57
2b,11.12,129.875,18:59:57
3,16.72,130.3125,19:00:02
4,22.24,130.5,19:00:08
5,27.84,129.6875,19:00:14
6,33.44,130.5625,19:00:19
7,38.96,129.625,19:00:25
8b,44.56,130.5625,19:00:30
8a,44.56,129.9375,19:00:30
9b,50.16,130.5,19:00:36
9a,50.16,129.9375,19:00:36
10,55.68,129.9375,19:00:41
11,61.28,129.9375,19:00:47
12,66.80,130.5625,19:00:52
13b,72.40,130.5,19:00:58
13a,72.40,129.875,19:00:58
15,83.52,129.875,19:01:09
16,89.12,129.875,19:01:14
17,94.64,130.1875,19:01:21
18,100.24,129.875,19:01:26
19,105.84,130.5625,19:01:31
20,111.36,130.125,19:01:38
21,116.96,130.1875,19:01:43
22,122.48,130.125,19:01:48
23,128.08,130.1875,19:01:54
24,133.68,130.25,19:02:00
25,139.20,130.25,19:02:05
26,144.80,130.5,19:02:10
27,150.32,130.3125,19:02:16
28,155.92,130.5,19:02:22
29,161.52,130.8125,19:02:27
30,167.04,130.5,19:02:33
31,172.64,130.5625,19:02:39
