t,d,h,TAS,GSori,GSvert,lat,lon
0.0,0,25927,488,467,0,39.7330,13.0252
4.6,1059,25599,462,433,-155,39.7237,13.0279
6.5,1482,25271,456,420,-218,39.7200,13.0290
8.0,1800,24943,453,410,-265,39.7172,13.0299
9.3,2064,24614,451,401,-304,39.7149,13.0306
10.4,2294,24286,451,394,-337,39.7129,13.0312
11.4,2499,23958,451,387,-368,39.7111,13.0318
12.4,2686,23630,451,381,-395,39.7095,13.0323
13.2,2858,23302,452,376,-420,39.7080,13.0328
14.1,3018,22974,453,370,-444,39.7066,13.0332
14.9,3168,22646,454,365,-466,39.7052,13.0337
15.6,3309,22317,456,361,-486,39.7040,13.0341
16.3,3443,21989,457,356,-505,39.7028,13.0345
17.0,3570,21661,459,351,-524,39.7017,13.0349
17.7,3692,21333,460,347,-541,39.7007,13.0352
18.4,3808,21004,462,343,-558,39.6997,13.0356
19.0,3920,20676,464,339,-574,39.6987,13.0359
19.6,4027,20348,466,335,-589,39.6978,13.0362
20.2,4130,20020,468,331,-603,39.6969,13.0365
20.8,4230,19692,470,327,-617,39.6960,13.0368
21.4,4327,19363,472,323,-631,39.6951,13.0371
22.0,4420,19035,474,320,-643,39.6943,13.0374
22.5,4511,18707,476,316,-656,39.6935,13.0377
23.1,4599,18378,478,312,-668,39.6928,13.0379
23.6,4684,18050,480,309,-679,39.6920,13.0382
24.1,4767,17722,481,305,-690,39.6913,13.0384
24.6,4848,17394,483,302,-701,39.6906,13.0387
25.2,4927,17065,485,298,-711,39.6899,13.0389
25.7,5004,16737,487,295,-721,39.6893,13.0392
26.2,5079,16409,489,292,-730,39.6886,13.0394
26.6,5152,16081,491,288,-739,39.6880,13.0396
27.1,5223,15753,492,285,-748,39.6873,13.0398
27.6,5293,15425,494,282,-757,39.6867,13.0400
28.1,5361,15096,496,279,-765,39.6861,13.0402
28.6,5428,14768,497,276,-773,39.6856,13.0404
29.0,5493,14440,499,272,-781,39.6850,13.0406
29.5,5557,14112,500,269,-788,39.6844,13.0408
29.9,5620,13783,502,266,-795,39.6839,13.0410
30.4,5681,13455,503,263,-802,39.6834,13.0412
30.8,5741,13127,505,260,-809,39.6828,13.0414
31.3,5800,12799,506,257,-815,39.6823,13.0415
31.7,5858,12470,507,254,-821,39.6818,13.0417
32.2,5915,12142,509,251,-827,39.6813,13.0419
32.6,5971,11814,510,248,-833,39.6808,13.0420
33.0,6025,11486,511,245,-838,39.6804,13.0422
33.4,6079,11157,512,242,-843,39.6799,13.0423
33.9,6132,10829,513,239,-848,39.6794,13.0425
34.3,6183,10500,514,236,-853,39.6790,13.0426
34.7,6234,10172,515,233,-858,39.6785,13.0427
35.1,6284,9844,515,230,-862,39.6781,13.0429
35.5,6333,9515,516,227,-867,39.6777,13.0430
36.0,6381,9187,517,225,-871,39.6772,13.0431
36.4,6429,8859,517,222,-875,39.6768,13.0433
36.8,6476,8531,518,219,-878,39.6764,13.0434
37.2,6521,8202,518,216,-882,39.6760,13.0435
37.6,6566,7874,518,214,-885,39.6756,13.0436
38.0,6611,7545,519,211,-888,39.6752,13.0437
38.4,6654,7217,519,208,-891,39.6748,13.0438
38.8,6697,6889,520,205,-894,39.6745,13.0439
39.2,6740,6560,520,203,-897,39.6741,13.0440
39.6,6781,6232,520,200,-899,39.6737,13.0441
40.0,6822,5904,521,197,-901,39.6734,13.0442
40.4,6862,5576,521,195,-903,39.6730,13.0443
40.8,6902,5248,521,192,-905,39.6726,13.0444
41.2,6941,4919,521,190,-907,39.6723,13.0445
41.6,6979,4591,521,187,-909,39.6720,13.0446
42.0,7017,4263,521,185,-911,39.6716,13.0446
42.4,7054,3934,521,182,-912,39.6713,13.0447
42.8,7091,3606,521,179,-913,39.6710,13.0448
43.2,7127,3277,521,177,-914,39.6706,13.0448
43.6,7162,2949,521,174,-915,39.6703,13.0449
44.0,7197,2621,520,172,-916,39.6700,13.0450
44.4,7232,2292,520,170,-917,39.6697,13.0450
44.8,7265,1964,519,167,-917,39.6694,13.0451
45.2,7299,1636,519,165,-918,39.6691,13.0451
45.6,7332,1307,519,162,-918,39.6688,13.0452
45.9,7364,979,518,160,-918,39.6685,13.0452
46.3,7396,650,518,158,-918,39.6682,13.0453
46.7,7427,322,518,155,-918,39.6680,13.0453
47.1,7458,-0,517,153,-918,39.6677,13.0454
3244
