t,drdr,dint,ds,ardr,aint,as
0.00,103.44,103.40,-0.0355,162.58,162.342,-0.2410
5.60,104.12,104.12,-0.0074,162.22,162.368,0.1514
11.12,104.81,104.82,0.0107,161.87,162.393,0.5267
16.72,105.56,105.54,-0.0232,162.48,162.419,-0.0644
22.32,106.25,106.26,0.0057,162.32,162.444,0.1277
27.84,106.94,106.96,0.0246,162.58,162.469,-0.1139
33.44,107.69,107.68,-0.0086,162.67,162.495,-0.1720
38.96,108.38,108.39,0.0108,162.32,162.520,0.2029
44.56,109.06,109.10,0.0407,162.93,162.545,-0.3886
50.08,109.81,109.81,-0.0019,162.75,162.569,-0.1806
55.68,110.50,110.53,0.0285,162.93,162.594,-0.3389
61.28,111.25,111.25,-0.0034,162.58,162.619,0.0360
66.80,111.94,111.95,0.0173,162.32,162.644,0.3271
72.40,112.69,112.67,-0.0141,162.40,162.669,0.2685
77.92,113.38,113.38,0.0070,162.93,162.693,-0.2405
83.52,114.12,114.10,-0.0238,162.75,162.717,-0.0326
89.12,114.81,114.82,0.0081,162.67,162.742,0.0752
94.64,115.56,115.53,-0.0325,162.93,162.766,-0.1674
100.24,116.25,116.25,-0.0001,162.83,162.790,-0.0430
105.76,116.94,116.96,0.0223,162.67,162.814,0.1475
111.36,117.69,117.68,-0.0073,162.83,162.838,0.0051
116.88,118.38,118.39,0.0156,163.02,162.862,-0.1545
122.48,119.12,119.11,-0.0134,163.37,162.886,-0.4805
128.00,119.81,119.82,0.0100,162.75,162.910,0.1597
133.60,120.56,120.54,-0.0186,162.40,162.934,0.5336
139.20,121.25,121.27,0.0156,163.45,162.957,-0.4926
144.72,122.00,121.98,-0.0228,162.40,162.981,0.5807
150.32,122.69,122.70,0.0119,162.67,163.004,0.3377
155.84,123.44,123.41,-0.0259,163.10,163.028,-0.0725
161.44,124.12,124.13,0.0093,163.10,163.051,-0.0490
166.96,124.88,124.85,-0.0281,162.83,163.074,0.2407
172.56,125.56,125.57,0.0076,163.37,163.097,-0.2694
178.16,126.31,126.29,-0.0189,163.28,163.120,-0.1628
183.68,127.00,127.01,0.0070,162.93,163.143,0.2100
189.28,127.75,127.73,-0.0190,163.28,163.166,-0.1170
194.80,128.44,128.44,0.0074,163.18,163.189,0.0056
200.40,129.12,129.17,0.0444,163.37,163.212,-0.1548
