HGHT,DRCT,SKNT,dVERA,diff,T,Ur
0,310.4,8.2,1.18806,-3.01544,22.0384,64.3179
500,312.4,10.5,1.1694,-3.12932,21.2638,61.9621
1000,314.5,11.4,1.1549,-2.91363,19.9319,61.9705
1500,316.8,12.2,1.1408,-2.67293,18.5432,61.3432
2000,319.1,13.0,1.12587,-2.51333,17.3643,60.2752
2500,316.4,13.8,1.11003,-2.44604,16.3712,58.8144
3000,311.1,14.5,1.09256,-2.53911,15.9394,53.7248
3500,305.7,15.1,1.07517,-2.64446,15.4728,48.8587
4000,302.3,15.8,1.05898,-2.6593,14.6957,46.1826
4500,304.3,16.6,1.04302,-2.67048,13.9526,43.8125
5000,305.9,17.5,1.02716,-2.68946,13.2682,41.3341
5500,303.2,18.8,1.01139,-2.71849,12.6281,38.637
6000,300.3,20.3,0.996077,-2.72045,11.9441,36.1015
6500,297.2,21.9,0.980991,-2.7179,11.2213,33.6307
7000,294.1,23.5,0.966213,-2.70193,10.4163,31.3214
7500,291.0,25.2,0.951537,-2.69294,9.60465,28.8834
8000,287.9,26.9,0.936876,-2.70014,8.82112,26.4359
8500,284.8,28.6,0.92223,-2.72409,8.07486,25.1351
9000,281.8,30.3,0.907474,-2.77875,7.40739,22.8823
9500,278.8,32.0,0.892611,-2.8653,6.83123,19.0745
10000,276.2,33.7,0.878537,-2.88579,6.04354,19.4661
10500,273.6,35.8,0.865457,-2.81393,5.06814,20.0741
11000,272.8,37.5,0.852546,-2.73932,4.1249,20.9098
11500,272.0,39.3,0.839797,-2.66244,3.22912,21.3952
12000,271.1,41.1,0.827122,-2.59345,2.30821,21.2581
12500,270.3,42.9,0.814828,-2.49585,1.2836,23.1089
13000,269.5,44.8,0.802723,-2.39161,0.254446,25.2411
13500,268.6,46.8,0.790647,-2.29993,-0.76908,27.0531
14000,267.8,48.8,0.778626,-2.21804,-1.78941,28.201
14500,267.0,50.8,0.766561,-2.15902,-2.77714,29.2176
15000,266.1,52.7,0.75445,-2.12412,-3.77446,29.9853
15500,265.3,54.6,0.742325,-2.11031,-4.74671,30.43
16000,264.4,56.5,0.73023,-2.11217,-5.67051,30.6786
16500,263.6,58.3,0.718273,-2.116,-6.53884,30.5207
17000,262.7,60.2,0.70623,-2.1527,-7.16839,30.1079
17500,261.9,62.1,0.694924,-2.10757,-8.09313,29.5305
18000,261.0,64.1,0.684251,-1.99133,-9.22787,28.5165
18500,260.1,66.0,0.673595,-1.88992,-10.3662,26.8659
19000,259.2,68.0,0.663341,-1.74701,-11.5412,24.8711
19500,258.7,70.1,0.652674,-1.68295,-12.4861,18.9152
20000,257.9,72.5,0.641424,-1.72792,-13.0951,14.5144
20500,257.0,75.2,0.630852,-1.69082,-13.9526,14.8343
21000,256.2,77.8,0.620474,-1.64397,-14.8488,15.1621
21500,255.3,80.3,0.61029,-1.58637,-15.7833,15.3374
22000,254.5,82.8,0.600277,-1.52136,-16.7587,15.1032
22500,253.8,85.3,0.590473,-1.44199,-17.7793,14.703
23000,253.1,87.7,0.580913,-1.34134,-18.8767,14.3911
23500,252.4,90.0,0.571526,-1.23051,-19.9804,14.195
24000,251.8,92.0,0.562303,-1.11029,-21.0942,13.951
24500,251.3,93.3,0.553393,-0.953439,-22.2116,13.8837
25000,250.8,94.5,0.544701,-0.775019,-23.3331,14.5152
25500,250.6,95.0,0.536211,-0.576755,-24.4581,14.7188
26000,250.5,95.4,0.527892,-0.363554,-25.6104,14.7623
