utc,gs464,gs870,tas464,hdg464,azm,d870,DRCT,SKNT
1980-06-27 18:27:09,507.4,453.5,466.0,152.612,-16.49,10.37,272.555,74.606
1980-06-27 18:27:14,509.8,450.7,468.4,152.596,-15.68,10.47,272.479,74.8347
1980-06-27 18:27:19,512.2,448.8,470.7,152.582,-14.94,10.55,272.402,75.066
1980-06-27 18:27:24,514.3,447.7,472.8,152.569,-14.26,10.6,272.325,75.2994
1980-06-27 18:27:29,516.4,447.3,474.8,152.559,-13.64,10.63,272.247,75.5351
1980-06-27 18:27:34,518.3,447.4,476.6,152.55,-13.06,10.64,272.169,75.7732
1980-06-27 18:27:39,520.0,448.0,478.3,152.543,-12.52,10.63,272.09,76.0134
1980-06-27 18:27:44,521.6,448.9,479.9,152.538,-12,10.6,272.011,76.2561
1980-06-27 18:27:49,523.1,450.1,481.3,152.535,-11.52,10.56,271.931,76.501
1980-06-27 18:27:54,524.5,451.5,482.6,152.535,-11.05,10.5,271.851,76.748
1980-06-27 18:27:59,525.7,453.0,483.8,152.536,-10.6,10.43,271.77,76.9973
1980-06-27 18:28:04,526.7,454.5,484.8,152.54,-10.16,10.34,271.689,77.2487
1980-06-27 18:28:09,527.7,456.0,485.6,152.547,-9.731,10.24,271.607,77.5023
1980-06-27 18:28:14,528.4,457.4,486.4,152.556,-9.307,10.13,271.525,77.7581
1980-06-27 18:28:19,529.1,458.7,487.0,152.567,-8.883,10.02,271.443,78.0158
1980-06-27 18:28:24,529.6,459.9,487.4,152.582,-8.459,9.893,271.36,78.2755
1980-06-27 18:28:29,530.0,460.8,487.8,152.599,-8.029,9.765,271.277,78.5374
1980-06-27 18:28:34,530.2,461.6,488.0,152.619,-7.593,9.632,271.193,78.8013
1980-06-27 18:28:39,530.3,462.1,488.0,152.642,-7.146,9.497,271.11,79.0671
1980-06-27 18:28:44,530.2,462.3,487.9,152.668,-6.686,9.361,271.025,79.3347
1980-06-27 18:28:49,530.0,462.4,487.7,152.698,-6.211,9.225,270.941,79.6042
1980-06-27 18:28:54,529.7,462.1,487.4,152.731,-5.718,9.09,270.856,79.8755
1980-06-27 18:28:59,529.3,461.6,486.9,152.767,-5.205,8.959,270.772,80.1485
1980-06-27 18:29:04,528.7,460.9,486.3,152.807,-4.669,8.831,270.687,80.4232
1980-06-27 18:29:09,528.0,459.8,485.5,152.85,-4.109,8.71,270.601,80.6996
1980-06-27 18:29:14,527.1,458.6,484.7,152.898,-3.523,8.595,270.516,80.9776
1980-06-27 18:29:19,526.1,457.1,483.7,152.949,-2.91,8.488,270.43,81.2569
1980-06-27 18:29:24,525.0,455.4,482.6,153.004,-2.269,8.391,270.344,81.5378
1980-06-27 18:29:29,523.8,453.6,481.3,153.063,-1.6,8.304,270.259,81.82
1980-06-27 18:29:34,522.5,451.5,480.0,153.127,-0.9032,8.23,270.173,82.1035
1980-06-27 18:29:39,521.0,449.3,478.5,153.195,-0.179,8.168,270.087,82.3882
1980-06-27 18:29:44,519.4,447.0,476.9,153.267,0.5708,8.122,270.001,82.674
1980-06-27 18:29:49,517.7,444.6,475.3,153.344,1.344,8.091,269.915,82.9609
1980-06-27 18:29:54,515.9,442.2,473.5,153.425,2.138,8.077,269.829,83.2488
1980-06-27 18:29:59,514.0,439.8,471.6,153.511,2.949,8.081,269.743,83.5374
1980-06-27 18:30:04,512.0,437.4,469.6,153.602,3.772,8.104,269.657,83.8268
1980-06-27 18:30:09,509.9,435.1,467.5,153.697,4.604,8.147,269.571,84.1168
1980-06-27 18:30:14,507.7,432.9,465.4,153.798,5.439,8.212,269.486,84.4074
