utc,t80,a_pia,a_int
1980-06-27 18:27:09,0,145.294,145.292
1980-06-27 18:27:15,5.92,145.344,145.283
1980-06-27 18:27:27,17.68,145.196,145.262
1980-06-27 18:27:32,23.6,145.073,145.25
1980-06-27 18:27:38,29.52,145.299,145.238
1980-06-27 18:27:44,35.44,145.253,145.225
1980-06-27 18:27:50,41.28,145.301,145.212
1980-06-27 18:27:56,47.2,145.351,145.199
1980-06-27 18:28:07,59.04,145.069,145.172
1980-06-27 18:28:14,64.96,145.119,145.159
1980-06-27 18:28:20,70.8,145.172,145.147
1980-06-27 18:28:25,76.72,145.073,145.135
1980-06-27 18:28:32,82.64,145.124,145.123
1980-06-27 18:28:38,88.56,145.177,145.113
1980-06-27 18:28:43,94.48,145.098,145.103
1980-06-27 18:28:49,100.32,145.084,145.095
1980-06-27 18:28:55,106.24,145.062,145.087
1980-06-27 18:29:01,112.16,144.991,145.082
1980-06-27 18:29:07,118.08,145.109,145.077
1980-06-27 18:29:12,124,145.103,145.075
1980-06-27 18:29:24,135.76,145.141,145.075
1980-06-27 18:29:37,147.6,145.075,145.084
1980-06-27 18:29:42,153.44,145.131,145.092
1980-06-27 18:29:48,159.36,145.061,145.102
1980-06-27 18:29:54,165.28,145.059,145.116
1980-06-27 18:30:00,171.2,145.169,145.132
1980-06-27 18:30:06,177.12,145.163,145.151
1980-06-27 18:30:12,182.96,145.163,145.173
