UTC,ID,lat,lon,FL,d,faz,Q,SSR
18:21:29,4200,44.231,11.132,0,153.6,342.2,0,SSR.
18:21:34,4200,44.224,11.153,0,152.9,342.5,0,SSR.
18:21:34,0,43.581,11.535,0,111.1,344.4,15,    PR.
18:21:39,1133,44.084,10.981,250,147.6,338.7,0,SSR.
18:21:39,4200,44.212,11.148,0,152.3,342.3,0,SSR.
18:21:46,1133,44.069,10.973,250,146.9,338.5,0,SSR.
18:21:46,4200,44.194,11.122,0,151.6,341.8,0,SSR.
18:21:51,1133,44.060,10.983,250,146.2,338.5,0,SSR.
18:21:56,1133,44.049,10.989,250,145.5,338.5,0,SSR.
18:21:56,4200,44.150,11.036,0,150.4,340.1,0,SSR.
18:22:02,1133,44.042,11.005,250,144.8,338.7,0,SSR.
18:22:02,4200,44.145,11.061,0,149.8,340.5,0,SSR.
18:22:08,1133,44.029,11.006,250,144.1,338.6,0,SSR.
18:22:13,1133,44.021,11.016,250,143.5,338.7,0,SSR.        SPI.
18:22:19,1133,44.012,11.027,250,142.8,338.8,0,SSR.        SPI.
18:22:25,1133,44.003,11.037,249,142.1,338.9,0,SSR.        SPI.
18:22:30,1133,43.993,11.048,250,141.4,339.0,0,SSR.        SPI.
18:22:35,1133,43.984,11.053,250,140.8,339.0,0,SSR.
18:22:41,1133,43.972,11.055,250,140.1,338.9,0,SSR.
18:22:47,1133,43.960,11.056,250,139.4,338.8,0,SSR.
18:22:52,1133,43.953,11.076,250,138.8,339.1,0,SSR.
18:22:52,4200,44.042,11.097,0,143.4,340.2,0,SSR.
18:22:58,1133,43.942,11.082,250,138.1,339.1,0,SSR.
18:23:03,1133,43.934,11.096,250,137.4,339.2,0,SSR.
18:23:03,4200,44.031,11.152,0,141.9,341.0,0,SSR.
18:23:09,1133,43.922,11.098,250,136.7,339.2,0,SSR.
18:23:15,1133,43.912,11.099,250,136.1,339.1,0,SSR.
18:23:20,1133,43.898,11.100,250,135.3,339.0,0,SSR.
18:23:25,1133,43.890,11.115,250,134.6,339.2,0,SSR.
18:23:32,1133,43.881,11.125,250,133.9,339.2,0,SSR.
18:23:37,1133,43.870,11.131,250,133.3,339.2,0,SSR.
18:23:42,4200,43.925,11.096,0,136.9,339.2,0,SSR.
18:23:42,1133,43.859,11.133,250,132.6,339.2,0,SSR.
18:23:48,4200,43.907,11.080,0,136.1,338.7,0,SSR.
18:23:48,1133,43.848,11.139,250,131.9,339.2,0,SSR.
18:23:54,4200,43.897,11.091,0,135.4,338.8,0,SSR.
18:23:54,1133,43.839,11.153,250,131.1,339.3,0,SSR.
18:23:59,4200,43.884,11.088,0,134.7,338.6,0,SSR.
18:23:59,1133,43.828,11.159,250,130.4,339.3,0,SSR.
18:24:04,1133,43.819,11.169,250,129.8,339.4,0,SSR.
18:24:10,4200,43.847,11.053,0,133.3,337.7,0,SSR.
18:24:10,1133,43.809,11.179,250,129.1,339.5,0,SSR.
18:24:16,4200,43.838,11.068,0,132.5,337.8,0,SSR.
18:24:16,1133,43.797,11.185,250,128.3,339.5,0,SSR.
18:24:21,4200,43.831,11.088,0,131.8,338.1,0,SSR.
18:24:21,1133,43.787,11.191,250,127.6,339.5,0,SSR.
18:24:27,4200,43.828,11.119,0,131.1,338.6,0,SSR.
18:24:27,0,43.744,11.185,190,125.3,339.0,0,SSR.
18:24:27,1133,43.776,11.197,250,126.9,339.5,0,SSR.
18:24:32,4200,43.818,11.131,0,130.3,338.7,0,SSR.
18:24:32,1136,43.736,11.195,190,124.8,339.1,0,SSR.
18:24:32,1133,43.766,11.207,250,126.3,339.6,0,SSR.
18:24:38,4200,43.802,11.124,0,129.6,338.5,0,SSR.
18:24:38,1136,43.725,11.196,190,124.1,339.0,0,SSR.
18:24:38,1133,43.756,11.217,250,125.5,339.7,0,SSR.
18:24:44,1136,43.720,11.213,190,123.6,339.2,0,SSR.
18:24:44,1133,43.748,11.231,250,124.8,339.9,0,SSR.
18:24:49,1136,43.711,11.217,190,123.0,339.2,0,SSR.
18:24:49,1133,43.736,11.237,250,124.1,339.9,0,SSR.
18:24:54,0,43.701,11.219,0,122.4,339.2,0,SSR.
18:24:54,1133,43.726,11.247,250,123.4,339.9,0,SSR.
18:25:00,0,43.104,10.927,0,97.1,324.2,15,    PR.
18:25:01,4200,43.740,11.092,0,126.7,337.2,0,SSR.
18:25:01,0,43.689,11.215,0,121.8,339.0,0,SSR.
18:25:01,1133,43.713,11.249,250,122.6,339.9,0,SSR.
18:25:06,1136,43.682,11.225,0,121.3,339.1,0,SSR.
18:25:06,1133,43.701,11.247,250,121.9,339.7,0,SSR.
18:25:11,1133,43.690,11.252,250,121.3,339.7,0,SSR.
18:25:16,0,43.125,10.965,0,97.1,325.4,13,    PR.
18:25:18,1136,43.661,11.222,195,120.1,338.8,0,SSR.
18:25:18,1133,43.675,11.247,250,120.5,339.4,0,SSR.PR.
18:25:23,1136,43.650,11.224,196,119.5,338.7,0,SSR.
18:25:23,1133,43.669,11.268,250,119.8,339.8,0,SSR.
18:25:28,4200,43.673,11.089,0,123.1,336.4,0,SSR.PR.
18:25:28,1136,43.644,11.240,197,118.9,339.0,0,SSR.
18:25:28,1133,43.654,11.262,250,119.1,339.5,0,SSR.PR.
18:25:33,4200,43.662,11.096,0,122.3,336.4,0,SSR.
18:25:33,1133,43.643,11.268,250,118.4,339.5,0,SSR.
18:25:33,1136,43.640,11.260,199,118.3,339.3,0,SSR.
18:25:40,4200,43.654,11.111,0,121.6,336.6,0,SSR.
18:25:40,1133,43.635,11.286,250,117.6,339.8,0,SSR.PR.
18:25:45,4200,43.637,11.102,0,120.9,336.3,0,SSR.PR.
18:25:45,1136,43.614,11.248,201,117.1,338.8,0,SSR.
18:25:45,1133,43.617,11.268,250,116.9,339.2,0,SSR.PR.
18:25:50,4200,43.632,11.128,0,120.1,336.7,0,SSR.
18:25:50,1136,43.606,11.257,202,116.5,338.9,0,SSR.
18:25:50,1133,43.617,11.317,250,116.2,340.2,0,SSR.
18:25:56,4200,43.613,11.108,0,119.4,336.1,0,SSR.
18:25:56,1136,43.597,11.266,203,115.9,339.0,0,SSR.
18:25:56,1133,43.600,11.300,250,115.5,339.7,0,SSR.PR.
18:26:02,4200,43.602,11.115,0,118.7,336.1,0,SSR.
18:26:02,1136,43.586,11.264,205,115.3,338.8,0,SSR.
18:26:02,0,43.597,11.327,0,114.9,340.2,0,SSR.PR.
18:26:02,1133,43.598,11.340,250,114.8,340.5,0,SSR.
18:26:07,4200,43.585,11.107,0,117.9,335.7,0,SSR.
18:26:07,1136,43.566,11.235,206,114.6,338.0,0,SSR.        SPI.
18:26:07,0,43.600,11.330,0,115.0,340.3,0,SSR.
18:26:07,1133,43.583,11.330,250,114.1,340.1,0,SSR.PR.
18:26:13,4200,43.574,11.110,0,117.3,335.6,0,SSR.
18:26:13,1136,43.573,11.296,207,114.0,339.3,0,SSR.        SPI.
18:26:13,1133,43.572,11.340,250,113.3,340.2,0,SSR.PR.
18:26:18,4200,43.563,11.117,0,116.6,335.6,0,SSR.
18:26:18,1136,43.552,11.265,208,113.4,338.5,0,SSR.PR.     SPI.
18:26:18,1133,43.564,11.353,250,112.6,340.4,0,SSR.PR.
18:26:24,4200,43.552,11.120,0,115.9,335.6,0,SSR.
18:26:24,1136,43.555,11.314,210,112.8,339.5,0,SSR.        SPI.
18:26:24,1133,43.550,11.351,250,111.9,340.2,0,SSR.PR.
18:26:30,4200,43.540,11.123,0,115.2,335.5,0,SSR.
18:26:30,1136,43.546,11.320,211,112.1,339.5,0,SSR.
18:26:30,1133,43.544,11.375,250,111.2,340.7,0,SSR.PR.
18:26:35,1136,43.535,11.321,212,111.5,339.4,0,SSR.
18:26:35,1133,43.533,11.385,250,110.4,340.7,0,SSR.PR.
18:26:40,1136,43.525,11.330,213,110.8,339.5,0,SSR.
18:26:40,1133,43.524,11.397,250,109.8,340.9,0,SSR.PR.
18:26:46,1136,43.511,11.318,215,110.2,339.1,0,SSR.
18:26:46,1133,43.508,11.385,250,109.0,340.5,0,SSR.PR.
18:26:46,0,43.486,11.084,0,113.0,334.0,13,    PR.
18:26:52,1136,43.504,11.333,216,109.6,339.3,0,SSR.PR.
18:26:52,1133,43.503,11.412,250,108.3,341.0,0,SSR.PR.
18:26:57,1136,43.498,11.353,217,108.9,339.7,0,SSR.PR.
18:26:57,1133,43.491,11.418,250,107.6,341.0,0,SSR.PR.
18:26:57,0,43.463,11.100,0,111.5,334.0,15,    PR.
18:27:02,1136,43.485,11.352,218,108.3,339.5,0,SSR.
18:27:02,1133,43.483,11.433,250,106.9,341.3,0,SSR.PR.
18:27:02,0,43.448,11.097,0,110.8,333.7,15,    PR.
18:27:09,1136,43.479,11.367,220,107.6,339.8,0,SSR.PR.
18:27:09,1133,43.473,11.446,250,106.1,341.4,0,SSR.PR.
18:27:09,0,43.437,11.109,0,109.9,333.8,15,    PR.
18:27:14,1136,43.464,11.359,221,106.9,339.4,0,SSR.PR.
18:27:14,1133,43.462,11.451,250,105.4,341.4,0,SSR.PR.
18:27:14,0,43.426,11.121,0,109.1,333.9,15,    PR.
18:27:19,1136,43.458,11.378,222,106.3,339.8,0,SSR.PR.
18:27:19,1133,43.446,11.440,250,104.7,341.0,0,SSR.PR.
18:27:19,0,43.416,11.132,0,108.3,334.0,15,    PR.
18:27:25,1136,43.447,11.380,223,105.6,339.7,0,SSR.PR.
18:27:25,1133,43.440,11.465,250,104.0,341.5,0,SSR.PR.
18:27:25,0,43.406,11.152,0,107.4,334.2,15,    PR.
18:27:31,1136,43.441,11.399,225,105.0,340.0,0,SSR.PR.
18:27:31,1133,43.428,11.468,250,103.3,341.4,0,SSR.PR.
18:27:31,0,43.385,11.137,0,106.6,333.6,15,    PR.
18:27:36,4200,43.384,11.163,0,106.0,334.1,0,SSR.PR.
18:27:36,1136,43.429,11.401,226,104.3,339.9,0,SSR.PR.
18:27:36,1133,43.417,11.473,250,102.6,341.4,0,SSR.PR.
18:27:42,4200,43.373,11.175,0,105.2,334.2,0,SSR.PR.
18:27:42,1136,43.417,11.399,227,103.7,339.8,0,SSR.PR.
18:27:42,1133,43.412,11.508,250,101.8,342.2,0,SSR.
18:27:47,4200,43.358,11.176,0,104.4,334.1,0,SSR.PR.
18:27:47,1136,43.409,11.415,227,103.0,340.0,0,SSR.PR.
18:27:47,1133,43.397,11.497,250,101.1,341.8,0,SSR.PR.
18:27:53,4200,43.354,11.203,0,103.6,334.6,0,SSR.PR.
18:27:53,1136,43.399,11.421,229,102.3,340.0,0,SSR.PR.
18:27:53,1133,43.392,11.522,250,100.4,342.3,0,SSR.PR.
18:27:58,4200,43.331,11.182,0,102.8,333.8,0,SSR.PR.
18:27:58,1136,43.384,11.413,229,101.6,339.7,0,SSR.PR.
18:27:58,1133,43.378,11.521,250,99.7,342.1,0,SSR.PR.
18:28:04,4200,43.327,11.209,0,102.1,334.3,0,SSR.PR.
18:28:04,1136,43.376,11.428,230,100.9,339.9,0,SSR.PR.
18:28:04,1133,43.372,11.545,250,99.0,342.7,0,SSR.PR.     SPI.
18:28:09,4200,43.320,11.230,0,101.3,334.7,0,SSR.PR.
18:28:09,1136,43.372,11.453,231,100.3,340.5,0,SSR.PR.
18:28:09,0,43.371,11.502,0,99.6,341.6,0,SSR.
18:28:09,1133,43.362,11.561,250,98.3,342.9,0,SSR.PR.
18:28:15,0,42.781,11.083,0,77.7,319.7,15,    PR.
18:28:15,4200,43.309,11.241,0,100.4,334.8,0,SSR.PR.
18:28:15,1136,43.360,11.459,231,99.6,340.5,0,SSR.PR.
18:28:15,1133,43.350,11.559,250,97.6,342.8,0,SSR.PR.
18:28:20,0,42.784,11.090,0,77.6,320.0,15,    PR.
18:28:21,4200,43.300,11.259,0,99.6,335.0,0,SSR.PR.
18:28:21,0,43.352,11.474,231,98.9,340.7,0,SSR.PR.
18:28:21,1133,43.342,11.576,250,96.9,343.1,0,SSR.PR.
18:28:26,0,42.778,11.080,0,77.6,319.6,15,    PR.
18:28:26,4200,43.284,11.258,0,98.8,334.8,0,SSR.PR.
18:28:26,1136,43.338,11.467,231,98.2,340.4,0,SSR.PR.
18:28:26,1133,43.330,11.581,250,96.1,343.1,0,SSR.PR.
18:28:32,4200,43.271,11.259,0,98.1,334.6,0,SSR.PR.
18:28:32,1136,43.329,11.478,231,97.5,340.6,0,SSR.PR.
18:28:32,1133,43.315,11.570,250,95.4,342.7,0,SSR.PR.
18:28:38,4200,43.265,11.290,0,97.2,335.2,0,SSR.PR.
18:28:38,1136,43.320,11.493,231,96.8,340.8,0,SSR.PR.
18:28:38,1133,43.310,11.604,250,94.7,343.5,0,SSR.PR.
18:28:43,4200,43.251,11.288,0,96.4,334.9,0,SSR.PR.
18:28:43,1136,43.308,11.496,230,96.1,340.7,0,SSR.PR.
18:28:43,1133,43.299,11.608,250,94.0,343.5,0,SSR.PR.
18:28:49,4200,43.235,11.287,0,95.6,334.7,0,SSR.
18:28:49,1136,43.301,11.520,230,95.3,341.3,0,SSR.PR.
18:28:49,1133,43.288,11.613,250,93.3,343.5,0,SSR.PR.
18:28:55,4200,43.230,11.316,0,94.8,335.3,0,SSR.PR.
18:28:55,1136,43.282,11.495,231,94.6,340.4,0,SSR.
18:28:55,1133,43.276,11.618,250,92.6,343.5,0,SSR.PR.
18:28:55,0,43.263,11.430,0,94.6,338.5,15,    PR.
18:29:00,4200,43.217,11.321,0,93.9,335.2,0,SSR.PR.
18:29:00,1136,43.275,11.519,233,93.9,340.9,0,SSR.
18:29:00,1133,43.266,11.629,250,91.9,343.6,0,SSR.PR.
18:29:05,4200,43.207,11.338,0,93.1,335.5,0,SSR.
18:29:05,1136,43.258,11.499,236,93.2,340.2,0,SSR.
18:29:05,1133,43.259,11.651,250,91.2,344.2,0,SSR.PR.
18:29:05,0,43.234,11.425,0,93.1,338.0,15,    PR.
18:29:11,4200,43.188,11.326,0,92.3,334.9,0,SSR.
18:29:11,1136,43.219,11.413,239,92.4,337.5,0,SSR.PR.
18:29:11,1133,43.247,11.653,250,90.4,344.1,0,SSR.PR.
18:29:17,4200,43.186,11.362,0,91.5,335.7,0,SSR.PR.
18:29:17,1136,43.243,11.538,242,91.8,341.0,0,SSR.
18:29:17,1133,43.236,11.661,250,89.8,344.2,0,SSR.PR.
18:29:22,4200,43.170,11.361,0,90.7,335.5,0,SSR.PR.
18:29:22,1136,43.227,11.525,245,91.1,340.5,0,SSR.PR.
18:29:22,1133,43.227,11.674,250,89.1,344.4,0,SSR.PR.
18:29:27,4200,43.160,11.375,0,89.9,335.6,0,SSR.PR.
18:29:27,1136,43.221,11.549,248,90.4,341.0,0,SSR.PR.
18:29:27,1133,43.217,11.688,250,88.3,344.7,0,SSR.PR.
18:29:33,4200,43.145,11.374,0,89.1,335.4,0,SSR.PR.
18:29:33,1136,43.211,11.560,251,89.6,341.2,0,SSR.PR.
18:29:33,1133,43.207,11.695,250,87.6,344.8,0,SSR.PR.
18:29:39,4200,43.139,11.402,0,88.3,336.0,0,SSR.PR.
18:29:39,1136,43.201,11.565,254,89.0,341.2,0,SSR.PR.
18:29:39,1133,43.195,11.703,250,86.9,344.9,0,SSR.PR.
18:29:44,4200,43.128,11.409,0,87.5,336.0,0,SSR.PR.
18:29:44,1136,43.192,11.576,256,88.3,341.4,0,SSR.PR.
18:29:44,1133,43.187,11.721,250,86.2,345.3,0,SSR.PR.
18:29:44,0,43.725,11.163,0,124.6,338.4,14,    PR.
18:29:50,4200,43.118,11.422,0,86.7,336.2,0,SSR.PR.
18:29:50,1136,43.182,11.587,258,87.6,341.5,0,SSR.PR.
18:29:50,1133,43.176,11.725,250,85.5,345.3,0,SSR.PR.
18:29:55,4200,43.111,11.443,0,85.9,336.6,0,SSR.PR.
18:29:55,1136,43.173,11.598,260,86.9,341.7,0,SSR.PR.
18:29:55,1133,43.168,11.743,250,84.8,345.7,0,SSR.PR.
18:30:02,4200,43.099,11.450,0,85.2,336.6,0,SSR.PR.
18:30:02,1136,43.166,11.614,263,86.3,342.1,0,SSR.PR.
18:30:02,1133,43.157,11.754,250,84.1,345.9,0,SSR.PR.
18:30:07,4200,43.090,11.465,0,84.4,336.9,0,SSR.PR.
18:30:07,1136,43.156,11.624,265,85.6,342.2,0,SSR.PR.
18:30:07,1133,43.147,11.766,250,83.4,346.2,0,SSR.PR.
18:30:12,1136,43.148,11.637,267,85.0,342.5,0,SSR.PR.
18:30:12,1133,43.137,11.770,250,82.8,346.2,0,SSR.PR.
18:30:12,0,43.069,11.458,0,83.4,336.3,15,    PR.
18:30:17,1136,43.136,11.630,269,84.4,342.1,0,SSR.PR.
18:30:17,1133,43.126,11.776,250,82.1,346.3,0,SSR.PR.
18:30:17,0,43.062,11.469,0,82.8,336.5,15,    PR.
18:30:24,1136,43.129,11.649,271,83.8,342.6,0,SSR.PR.
18:30:24,1133,43.118,11.797,250,81.4,346.8,0,SSR.PR.
18:30:24,0,43.048,11.462,0,82.2,336.1,15,    PR.
18:30:29,1136,43.121,11.655,273,83.2,342.7,0,SSR.PR.
18:30:29,1133,43.108,11.800,249,80.8,346.8,0,SSR.PR.
18:30:29,0,43.036,11.466,0,81.4,336.0,15,    PR.
18:30:34,1136,43.114,11.673,275,82.6,343.1,0,SSR.PR.
18:30:34,1133,43.099,11.817,248,80.1,347.2,0,SSR.PR.
18:30:34,0,43.026,11.473,0,80.8,336.0,15,    PR.
18:30:40,4200,43.022,11.485,0,80.3,336.3,0,SSR.PR.
18:30:40,1136,43.107,11.692,277,81.9,343.6,0,SSR.PR.
18:30:40,1133,43.089,11.823,246,79.4,347.3,0,SSR.PR.
18:30:46,4200,43.010,11.483,0,79.7,336.0,0,SSR.PR.
18:30:46,1136,43.098,11.695,278,81.4,343.6,0,SSR.PR.
18:30:46,1133,43.080,11.837,245,78.8,347.7,0,SSR.PR.
18:30:51,4200,42.994,11.471,0,79.1,335.4,0,SSR.PR.
18:30:51,1136,43.092,11.715,280,80.8,344.1,0,SSR.PR.
18:30:51,1133,43.071,11.846,244,78.1,347.9,0,SSR.PR.
18:30:56,4200,42.987,11.485,0,78.4,335.6,0,SSR.PR.
18:30:56,1136,43.083,11.719,281,80.2,344.1,0,SSR.PR.
18:30:56,1133,43.062,11.859,242,77.4,348.2,0,SSR.PR.
18:31:03,4200,42.978,11.491,0,77.8,335.6,0,SSR.PR.
18:31:03,1136,43.073,11.731,283,79.5,344.3,0,SSR.
18:31:03,1133,43.051,11.860,241,76.8,348.1,0,SSR.PR.
18:31:08,4200,42.967,11.491,0,77.2,335.5,0,SSR.PR.
18:31:08,1136,43.068,11.745,284,79.0,344.7,0,SSR.PR.
18:31:08,1133,43.042,11.873,240,76.2,348.5,0,SSR.PR.
18:31:13,4200,42.957,11.497,0,76.6,335.5,0,SSR.PR.
18:31:13,1136,43.061,11.759,285,78.4,345.0,0,SSR.PR.
18:31:13,1133,43.033,11.887,238,75.5,348.8,0,SSR.PR.
18:31:19,4200,42.946,11.493,0,76.1,335.1,0,SSR.
18:31:19,1136,43.051,11.763,286,77.8,345.0,0,SSR.PR.
18:31:19,1133,43.023,11.895,237,74.9,349.0,0,SSR.PR.
18:31:25,4200,42.936,11.491,0,75.6,334.9,0,SSR.PR.
18:31:25,1136,43.044,11.785,287,77.2,345.7,0,SSR.PR.
18:31:25,1133,43.015,11.912,236,74.3,349.5,0,SSR.PR.
18:31:25,0,43.533,11.185,0,113.7,336.6,14,    PR.
18:31:30,4200,42.926,11.485,0,75.1,334.5,0,SSR.PR.
18:31:30,1136,43.035,11.788,288,76.6,345.7,0,SSR.PR.
18:31:30,1133,43.005,11.921,234,73.6,349.7,0,SSR.PR.
18:31:36,4200,42.914,11.470,0,74.8,333.8,0,SSR.PR.
18:31:36,1136,43.028,11.805,289,76.0,346.1,0,SSR.
18:31:36,1133,42.995,11.931,233,72.9,350.0,0,SSR.PR.
18:31:41,4200,42.910,11.476,0,74.4,333.9,0,SSR.PR.
18:31:41,1136,43.019,11.810,289,75.4,346.2,0,SSR.PR.
18:31:41,1133,42.986,11.938,232,72.3,350.1,0,SSR.PR.
18:31:47,4200,42.900,11.459,0,74.3,333.2,0,SSR.PR.
18:31:47,1136,43.010,11.818,289,74.8,346.4,0,SSR.PR.
18:31:47,1133,42.975,11.941,230,71.7,350.1,0,SSR.PR.
18:31:53,4200,42.899,11.461,0,74.1,333.2,0,SSR.PR.
18:31:53,1136,43.000,11.827,290,74.2,346.5,0,SSR.PR.
18:31:53,1133,42.966,11.945,228,71.1,350.2,0,SSR.PR.
18:31:58,4200,42.893,11.450,0,74.1,332.7,0,SSR.PR.
18:31:58,1136,42.993,11.846,290,73.6,347.1,0,SSR.PR.
18:31:58,1133,42.956,11.957,226,70.4,350.6,0,SSR.PR.
18:32:03,4200,42.886,11.435,0,74.0,332.1,0,SSR.PR.
18:32:03,1136,42.984,11.853,290,72.9,347.2,0,SSR.PR.
18:32:03,1133,42.947,11.967,224,69.8,350.8,0,SSR.PR.
18:32:09,4200,42.882,11.427,0,73.9,331.8,0,SSR.
18:32:09,1136,42.975,11.864,290,72.3,347.5,0,SSR.
18:32:09,1133,42.938,11.977,222,69.2,351.1,0,SSR.PR.
18:32:14,4200,42.874,11.409,0,73.9,331.1,0,SSR.
18:32:15,1136,42.965,11.867,290,71.7,347.5,0,SSR.
18:32:15,1133,42.928,11.988,220,68.6,351.5,0,SSR.PR.
18:32:20,4200,42.870,11.397,0,73.9,330.6,0,SSR.
18:32:20,1136,42.957,11.885,290,71.1,348.0,0,SSR.
18:32:20,1133,42.918,11.988,219,67.9,351.4,0,SSR.PR.
18:32:25,4200,42.868,11.393,0,73.9,330.5,0,SSR.
18:32:25,1136,42.948,11.898,290,70.4,348.4,0,SSR.
18:32:25,1133,42.908,12.002,217,67.3,351.8,0,SSR.PR.
18:32:31,5200,42.863,11.382,0,73.9,330.0,0,SSR.
18:32:32,1136,42.939,11.912,290,69.8,348.8,0,SSR.
18:32:32,1133,42.897,12.002,214,66.6,351.7,0,SSR.PR.
18:32:37,5400,42.859,11.370,0,74.0,329.6,0,SSR.        SPI.
18:32:37,1136,42.929,11.917,290,69.1,348.9,0,SSR.
18:32:37,1133,42.889,12.013,212,66.1,352.1,0,SSR.PR.
18:32:42,5400,42.851,11.353,0,74.0,328.9,0,SSR.        SPI.
18:32:42,1136,42.920,11.927,290,68.5,349.2,0,SSR.PR.
18:32:42,1133,42.878,12.020,209,65.4,352.3,0,SSR.PR.
18:32:47,5400,42.851,11.350,0,74.1,328.8,0,SSR.        SPI.
18:32:48,1136,42.910,11.932,290,67.9,349.3,0,SSR.PR.
18:32:48,1133,42.870,12.032,207,64.8,352.7,0,SSR.PR.
18:32:54,5400,42.844,11.334,0,74.1,328.2,0,SSR.PR.     SPI.
18:32:54,1136,42.901,11.954,290,67.2,350.0,0,SSR.
18:32:54,1133,42.860,12.050,204,64.1,353.3,0,SSR.PR.
18:32:59,5400,42.838,11.318,0,74.1,327.6,0,SSR.PR.     SPI.
18:32:59,1136,42.893,11.970,290,66.6,350.5,0,SSR.
18:33:00,1133,42.850,12.056,201,63.5,353.5,0,SSR.PR.
18:33:04,5400,42.835,11.311,0,74.2,327.3,0,SSR.PR.     SPI.
18:33:05,1136,42.883,11.986,290,65.9,351.0,0,SSR.
18:33:05,1133,42.839,12.060,199,62.8,353.6,0,SSR.PR.
18:33:10,5400,42.829,11.298,0,74.2,326.8,0,SSR.PR.
18:33:10,1136,42.872,11.980,290,65.3,350.7,0,SSR.PR.
18:33:10,1133,42.829,12.070,197,62.2,353.9,0,SSR.PR.
18:33:16,5400,42.826,11.289,0,74.3,326.4,0,SSR.PR.
18:33:16,1136,42.862,12.000,290,64.6,351.4,0,SSR.
18:33:17,1133,42.818,12.074,195,61.5,354.0,0,SSR.PR.
18:33:21,5400,42.823,11.282,0,74.3,326.1,0,SSR.PR.
18:33:22,1136,42.854,12.026,0,63.9,352.3,0,SSR.
18:33:22,1133,42.809,12.088,192,60.9,354.5,0,SSR.PR.
18:33:26,5400,42.820,11.269,0,74.4,325.7,0,SSR.PR.
18:33:27,1136,42.842,12.020,290,63.3,352.0,0,SSR.
18:33:27,1133,42.796,12.075,190,60.2,353.9,0,SSR.PR.
18:33:32,5400,42.814,11.253,0,74.6,325.1,0,SSR.PR.
18:33:32,1136,42.830,12.026,290,62.5,352.2,0,SSR.PR.
18:33:34,1133,42.786,12.095,187,59.5,354.7,0,SSR.PR.
18:33:38,5400,42.815,11.251,0,74.7,325.1,0,SSR.PR.
18:33:38,1136,42.819,12.031,290,61.8,352.3,0,SSR.PR.
18:33:39,1133,42.776,12.099,185,58.9,354.8,0,SSR.PR.
18:33:43,5400,42.809,11.235,0,74.8,324.5,0,SSR.
18:33:44,1136,42.809,12.048,290,61.1,352.9,0,SSR.PR.
18:33:44,1133,42.765,12.108,182,58.2,355.2,0,SSR.PR.
18:33:49,5400,42.806,11.222,0,75.0,324.0,0,SSR.PR.
18:33:49,1136,42.799,12.058,290,60.4,353.2,0,SSR.PR.
18:33:49,1133,42.755,12.111,180,57.6,355.2,0,SSR.
18:33:54,5400,42.797,11.201,0,75.1,323.2,0,SSR.PR.
18:33:56,1136,42.787,12.053,290,59.8,353.0,0,SSR.PR.
18:33:56,1133,42.745,12.120,179,56.9,355.6,0,SSR.PR.
18:34:00,5400,42.803,11.205,0,75.3,323.5,0,SSR.
18:34:01,1136,42.777,12.078,290,59.1,353.9,0,SSR.PR.
18:34:01,1133,42.734,12.131,177,56.3,356.0,0,SSR.PR.
18:34:06,5400,42.800,11.195,0,75.4,323.2,0,SSR.
18:34:06,1136,42.766,12.089,290,58.3,354.4,0,SSR.
18:34:06,1133,42.724,12.136,176,55.6,356.2,0,SSR.PR.
18:34:11,5400,42.797,11.182,0,75.6,322.7,0,SSR.
18:34:11,1136,42.754,12.087,290,57.6,354.2,0,SSR.
18:34:12,1133,42.714,12.150,175,55.0,356.8,0,SSR.PR.
18:34:12,0,42.750,12.093,0,57.4,354.4,15,    PR.
18:34:17,5400,42.792,11.167,0,75.8,322.2,0,SSR.PR.
18:34:18,1136,42.743,12.097,290,56.9,354.5,0,SSR.PR.
18:34:18,1133,42.703,12.151,174,54.4,356.8,0,SSR.PR.
18:34:23,5400,42.788,11.154,0,76.0,321.8,0,SSR.PR.
18:34:23,1136,42.732,12.114,290,56.2,355.2,0,SSR.PR.
18:34:23,1133,42.693,12.163,173,53.8,-2.6,0,SSR.PR.
18:34:28,5400,42.783,11.139,0,76.2,321.2,0,SSR.PR.
18:34:29,1136,42.721,12.123,290,55.5,355.6,0,SSR.PR.
18:34:29,1133,42.683,12.164,172,53.1,-2.6,0,SSR.PR.
18:34:29,0,42.704,12.209,0,54.3,-0.5,15,    PR.
18:34:34,1136,42.709,12.118,290,54.8,355.3,0,SSR.PR.
18:34:34,1133,42.673,12.168,171,52.5,-2.5,0,SSR.PR.
18:34:34,0,42.689,12.249,0,53.4,1.4,15,    PR.
18:34:39,0,42.782,11.128,0,76.4,320.9,15,    PR.
18:34:40,1136,42.698,12.133,290,54.1,355.9,0,SSR.PR.
18:34:40,1133,42.662,12.172,170,51.9,-2.3,0,SSR.PR.
18:34:45,5400,42.776,11.113,0,76.6,320.3,0,SSR.PR.
18:34:46,1136,42.686,12.139,290,53.4,356.2,0,SSR.PR.
18:34:46,1133,42.653,12.183,169,51.3,-1.8,0,SSR.PR.
18:34:50,5400,42.769,11.097,0,76.8,319.7,0,SSR.PR.
18:34:51,0,42.673,12.135,0,52.6,355.9,0,SSR.PR.
18:34:51,1133,42.643,12.180,168,50.7,-2.0,0,SSR.PR.
18:34:55,5400,42.768,11.091,0,76.9,319.6,0,SSR.PR.
18:34:56,1133,42.633,12.184,166,50.1,-1.8,0,SSR.PR.
18:35:02,5400,42.762,11.077,0,77.0,319.0,0,SSR.PR.
18:35:03,0,42.656,12.180,0,51.5,-2.0,0,SSR.PR.
18:35:03,0,42.658,12.178,232,51.6,-2.0,0,SSR.
18:35:03,1133,42.622,12.197,165,49.4,-1.2,0,SSR.PR.
18:35:07,5400,42.762,11.073,0,77.1,318.9,0,SSR.PR.
18:35:08,1136,42.647,12.193,290,50.9,-1.3,0,SSR.PR.
18:35:08,1133,42.612,12.197,164,48.8,-1.2,0,SSR.PR.
18:35:12,5400,42.761,11.067,0,77.3,318.8,0,SSR.PR.
18:35:13,0,42.641,12.179,0,50.6,-2.0,0,SSR.
18:35:13,1136,42.638,12.195,290,50.4,-1.3,0,SSR.PR.
18:35:13,1133,42.603,12.206,163,48.3,-0.7,0,SSR.PR.
18:35:18,5400,42.753,11.052,0,77.4,318.2,0,SSR.PR.
18:35:18,1133,42.592,12.208,162,47.6,-0.6,0,SSR.PR.
18:35:18,1136,42.630,12.215,290,49.9,-0.2,0,SSR.PR.
18:35:24,5400,42.745,11.036,0,77.5,317.5,0,SSR.PR.
18:35:24,0,42.746,11.004,0,78.5,316.8,14,    PR.
18:35:25,1133,42.582,12.211,160,47.0,-0.5,0,SSR.PR.
18:35:25,1136,42.620,12.233,290,49.3,0.7,0,SSR.PR.
18:35:29,5400,42.745,11.032,0,77.6,317.4,0,SSR.PR.
18:35:30,1133,42.571,12.216,159,46.4,-0.2,0,SSR.PR.
18:35:30,1136,42.612,12.244,290,48.8,1.3,0,SSR.PR.
18:35:35,5400,42.743,11.024,0,77.8,317.2,0,SSR.
18:35:35,1133,42.561,12.219,158,45.8,-0.0,0,SSR.PR.
18:35:35,1136,42.603,12.263,290,48.3,2.3,0,SSR.PR.
18:35:40,5400,42.735,11.009,0,77.9,316.6,0,SSR.PR.
18:35:41,1133,42.552,12.219,157,45.2,-0.0,0,SSR.PR.
18:35:41,1136,42.594,12.275,290,47.8,3.0,0,SSR.PR.
18:35:46,5400,42.733,11.003,0,78.0,316.4,0,SSR.PR.     SPI.
18:35:47,1133,42.541,12.230,156,44.6,0.6,0,SSR.PR.
18:35:47,1136,42.585,12.283,290,47.3,3.4,0,SSR.PR.
18:35:52,5400,42.729,10.993,0,78.1,316.0,0,SSR.PR.     SPI.
18:35:52,1133,42.531,12.239,155,43.9,1.1,0,SSR.PR.
18:35:52,1136,42.575,12.305,290,46.8,4.6,0,SSR.PR.
18:35:57,5400,42.726,10.982,0,78.3,315.7,0,SSR.PR.     SPI.
18:35:58,1133,42.520,12.240,154,43.3,1.2,0,SSR.PR.
18:35:58,1136,42.566,12.316,290,46.3,5.3,0,SSR.PR.
18:36:02,5400,42.723,10.974,0,78.4,315.4,0,SSR.PR.     SPI.
18:36:03,1133,42.510,12.246,152,42.7,1.6,0,SSR.PR.
18:36:03,1136,42.556,12.326,290,45.7,5.9,0,SSR.PR.
18:36:09,0,42.714,10.964,0,78.4,314.9,15,    PR.
18:36:09,1133,42.499,12.249,151,42.1,1.8,0,SSR.PR.
18:36:09,1136,42.546,12.344,290,45.2,7.0,0,SSR.PR.
18:36:14,0,42.708,10.949,0,78.6,314.4,15,    PR.
18:36:15,1133,42.489,12.252,150,41.4,2.0,0,SSR.PR.
18:36:15,1136,42.537,12.355,290,44.7,7.7,0,SSR.PR.
18:36:19,5400,42.703,10.932,0,78.9,313.8,0,SSR.PR.
18:36:20,1133,42.478,12.253,149,40.8,2.1,0,SSR.PR.
18:36:20,1136,42.526,12.371,290,44.2,8.8,0,SSR.PR.
18:36:24,5400,42.701,10.927,0,79.1,313.7,0,SSR.PR.
18:36:25,1133,42.468,12.259,148,40.2,2.5,0,SSR.
18:36:25,1136,42.517,12.383,290,43.8,9.6,0,SSR.PR.
18:36:31,5400,42.693,10.911,0,79.3,313.1,0,SSR.PR.
18:36:32,1133,42.457,12.264,147,39.6,2.9,0,SSR.PR.
18:36:32,1136,42.507,12.399,290,43.3,10.6,0,SSR.PR.
18:36:36,5400,42.696,10.909,0,79.4,313.1,0,SSR.
18:36:37,1133,42.448,12.261,146,39.0,2.7,0,SSR.PR.
18:36:37,1136,42.498,12.410,290,42.8,11.4,0,SSR.PR.
18:36:41,5400,42.690,10.898,0,79.6,312.7,0,SSR.
18:36:42,1133,42.437,12.268,145,38.4,3.2,0,SSR.PR.
18:36:42,1136,42.488,12.424,290,42.4,12.4,0,SSR.PR.
18:36:47,5400,42.685,10.885,0,79.8,312.3,0,SSR.
18:36:49,1133,42.426,12.275,144,37.8,3.8,0,SSR.PR.
18:36:49,1136,42.479,12.436,290,41.9,13.3,0,SSR.PR.
18:36:53,5400,42.683,10.880,0,79.9,312.1,0,SSR.
18:36:54,1133,42.416,12.268,143,37.1,3.3,0,SSR.PR.
18:36:54,1136,42.470,12.440,290,41.5,13.7,0,SSR.
18:36:58,5400,42.680,10.871,0,80.1,311.8,0,SSR.
18:36:59,1133,42.405,12.277,142,36.5,4.0,0,SSR.PR.
18:36:59,1136,42.459,12.463,290,41.1,15.3,0,SSR.PR.
18:37:04,5400,42.676,10.862,0,80.2,311.5,0,SSR.
18:37:04,1133,42.396,12.275,141,35.9,3.9,0,SSR.PR.
18:37:05,1136,42.450,12.473,290,40.7,16.1,0,SSR.PR.
18:37:10,5400,42.663,10.847,0,80.2,310.8,0,SSR.
18:37:11,1133,42.385,12.281,140,35.3,4.5,0,SSR.PR.
18:37:11,1136,42.438,12.495,290,40.3,17.7,0,SSR.PR.
18:37:15,5400,42.662,10.849,0,80.1,310.8,0,SSR.
18:37:16,1133,42.376,12.283,139,34.8,4.6,0,SSR.PR.
18:37:16,1136,42.430,12.497,290,39.9,18.0,0,SSR.PR.
18:37:21,5400,42.650,10.834,0,80.1,310.1,0,SSR.
18:37:21,1133,42.365,12.291,138,34.1,5.3,0,SSR.PR.
18:37:22,1136,42.420,12.515,290,39.6,19.4,0,SSR.PR.
18:37:26,5400,42.646,10.828,0,80.2,309.8,0,SSR.
18:37:27,1133,42.354,12.293,137,33.5,5.6,0,SSR.PR.
18:37:27,1136,42.411,12.525,290,39.2,20.3,0,SSR.PR.
18:37:33,1133,42.343,12.298,136,32.9,6.1,0,SSR.PR.
18:37:33,1136,42.403,12.534,290,38.9,21.1,0,SSR.
18:37:38,1133,42.334,12.298,134,32.3,6.2,0,SSR.PR.
18:37:39,1136,42.391,12.553,290,38.6,22.7,0,SSR.PR.
18:37:44,1133,42.323,12.302,133,31.7,6.7,0,SSR.PR.
18:37:44,1136,42.382,12.563,290,38.3,23.5,0,SSR.PR.
18:37:49,1133,42.312,12.307,132,31.1,7.2,0,SSR.
18:37:49,1136,42.372,12.576,290,37.9,24.7,0,SSR.PR.
18:37:55,1133,42.303,12.303,131,30.5,7.0,0,SSR.PR.
18:37:55,1136,42.363,12.588,290,37.7,25.8,0,SSR.
