UTC,IDalfa,lat,lon,spd,hdg,alt,SIF1,SIF2,SIF3,QUA
17:57:24,AA417,44.951,10.791,501,309,0,00,7777,0000,7
17:57:35,AA417,44.968,10.746,505,308,0,00,7777,0000,7
17:57:47,AA417,44.984,10.724,494,309,0,00,7777,0000,7
17:58:11,LK017,45.033,10.702,487,314,0,00,7777,0000,7
17:58:23,LK017,45.066,10.679,487,326,0,00,7777,0000,7
17:58:46,LK017,45.116,10.657,491,339,0,00,7777,0000,7
17:59:22,LK017,45.198,10.657,487,346,0,00,7777,0000,7
18:00:33,LK017,45.247,10.813,486,127,0,--,--,--,6
18:00:45,LK017,45.247,10.836,487,126,0,--,--,--,7
18:01:32,LK017,45.198,10.769,484,204,0,00,7777,0000,7
18:01:44,LK017,45.198,10.746,483,214,0,00,7777,0000,7
18:02:08,LK017,45.181,10.702,467,230,0,00,7777,0000,7
18:02:43,LK017,45.132,10.634,433,229,0,--,--,--,7
18:02:55,LK017,45.115,10.612,436,229,0,--,7777,--,7
18:03:54,LK017,45.017,10.590,451,175,0,--,7777,0000,7
18:06:40,LK017,45.230,10.590,375,7,0,--,--,--,3
18:07:27,LK017,45.296,10.590,375,7,0,--,--,--,0
18:14:29,LE011,45.198,10.925,309,206,0,--,--,--,7
18:14:39,LE011,45.182,10.903,385,210,0,--,--,--,7
18:14:49,LE011,45.165,10.903,385,210,0,--,--,--,7
18:14:59,LE011,45.132,10.880,385,210,0,--,--,--,7
18:15:09,LE011,45.050,10.903,385,210,0,--,--,--,7
18:16:10,LE011,44.984,10.992,435,153,0,--,--,--,7
18:17:20,LE011,44.803,11.082,487,156,0,--,--,--,7
18:17:50,LE011,44.754,11.126,487,156,0,--,--,--,7
18:18:00,LE011,44.721,11.126,477,159,0,--,--,--,7
18:18:10,LE011,44.704,11.149,477,159,0,--,--,--,7
18:18:30,LE011,44.655,11.171,477,159,0,--,--,--,7
18:18:40,LE011,44.638,11.171,440,161,0,--,--,--,7
18:18:50,LE011,44.622,11.171,440,161,0,--,--,--,7
18:19:00,LE011,44.605,11.193,440,161,0,--,--,--,7
18:19:20,LE011,44.556,11.216,440,161,0,--,--,--,7
18:19:40,LE011,44.507,11.193,440,161,0,--,--,--,7
18:20:00,LE011,44.474,11.193,419,183,0,--,--,--,7
18:20:30,LE011,44.408,11.171,419,183,0,--,--,--,7
18:20:50,LE011,44.359,11.149,449,185,0,--,--,--,7
18:21:04,AA464,44.326,11.171,535,195,0,00,--,4200,7
18:21:20,LE011,44.293,11.126,453,189,0,--,--,--,7
18:21:28,AA464,44.277,11.149,525,195,0,00,7777,4200,7
18:21:30,LE011,44.277,11.126,453,189,0,--,--,--,7
18:21:39,AA464,44.244,11.149,520,194,0,00,7777,4200,7
18:21:51,LE011,44.227,11.104,453,189,0,--,--,--,7
18:21:54,LE011,44.194,11.104,453,189,0,--,--,--,7
18:22:17,AA464,44.145,11.082,453,180,0,--,--,4200,7
18:22:38,AA464,44.129,11.104,452,166,0,73,--,4200,7
18:23:38,AA464,43.981,11.082,465,184,0,00,7777,4200,7
18:23:50,AA464,43.948,11.082,464,183,0,00,7777,4200,7
18:24:49,AA464,43.816,11.082,481,180,0,00,7777,4200,7
18:25:13,AA464,43.767,11.082,488,181,0,00,7777,4200,7
18:25:36,AA464,43.701,11.059,492,182,0,00,7777,4200,7
18:25:48,AA464,43.668,11.104,490,158,0,00,--,4200,7
18:26:00,AA464,43.635,11.126,489,150,0,--,--,1136,7
18:26:59,AA464,43.520,11.059,496,187,0,00,7777,4200,7
18:27:11,AA464,43.487,11.059,499,186,0,00,7777,4200,7
18:27:30,LL464,43.438,11.082,499,183,0,--,7777,4200,7
18:27:35,LL464,43.438,11.082,499,180,0,00,--,4200,7
18:31:22,LL464,42.975,11.506,477,252,0,00,7777,--,6
18:31:45,AA041,42.910,11.484,935,169,0,--,--,--,7
18:31:57,AA041,42.893,11.484,934,173,0,--,7777,--,7
18:32:09,AA041,42.844,11.484,934,173,0,--,7777,--,6
18:32:21,AA041,42.794,11.506,934,173,0,--,7777,--,5
18:32:33,LL464,42.828,11.439,482,198,0,--,--,--,6
18:32:34,AA041,42.745,11.506,934,173,0,--,--,--,4
18:32:45,AA041,42.696,11.529,934,173,0,--,--,--,3
18:32:57,AA041,42.646,11.529,934,173,0,--,--,--,2
18:33:09,AA041,42.597,11.529,934,173,0,--,--,--,1
18:33:20,LL464,42.828,11.305,482,249,0,00,--,5400,6
18:33:21,AA041,42.547,11.551,934,173,0,--,--,--,0
18:33:32,LL464,42.828,11.283,480,234,0,--,--,5400,7
18:33:44,LL464,42.812,11.260,480,234,0,--,--,--,7
18:33:56,LL464,42.812,11.238,481,242,0,--,--,--,7
18:34:32,LL464,42.779,11.149,479,241,0,--,--,--,6
18:34:44,LL464,42.763,11.126,470,241,0,--,--,--,7
18:34:56,LL464,42.779,11.104,471,260,0,--,--,5400,7
18:35:08,LL464,42.779,11.082,468,255,0,--,--,5400,7
18:35:32,LL464,42.763,11.015,461,253,0,--,--,5400,6
18:36:20,LL464,42.730,10.925,424,252,0,--,--,5400,7
18:36:44,LG403,42.714,10.880,379,252,0,00,--,5400,7
18:37:09,LG403,42.714,10.880,342,250,0,00,7777,5400,7
18:37:21,LG403,42.697,10.858,326,247,0,00,7777,5400,7
18:37:33,LG403,42.681,10.858,327,230,0,--,7777,5400,7
18:38:20,LG403,42.615,10.791,340,209,0,00,7777,5400,7
18:38:55,LG403,42.566,10.791,338,192,0,--,--,5400,5
18:39:07,LG403,42.566,10.858,339,143,0,00,--,--,7
18:39:18,LG403,42.566,10.880,338,74,0,00,--,--,6
18:39:42,LG403,42.582,10.903,336,69,0,73,--,5400,6
18:39:54,LG403,42.599,10.925,338,67,0,73,--,5400,7
18:40:17,LG403,42.632,10.970,344,62,0,--,--,5400,6
18:40:29,LG403,42.631,10.992,344,62,0,--,--,--,5
18:54:29,AA041,43.701,10.791,0,0,0,--,--,--,7
18:54:34,AA041,43.701,10.791,0,0,0,--,--,--,6
