lat,lon,nome
42.843,10.882,Gavorrano
42.855,10.893,Gavorrano
42.867,10.905,Gavorrano
42.878,10.918,Gavorrano
42.888,10.933,Gavorrano
42.896,10.948,Gavorrano
42.904,10.965,Gavorrano
42.911,10.982,Gavorrano
42.917,11.001,Gavorrano
42.921,11.020,Gavorrano
42.924,11.039,Gavorrano
43.088,10.999,Gavorrano
43.082,10.961,Gavorrano
43.073,10.923,Gavorrano
43.062,10.886,Gavorrano
43.049,10.851,Gavorrano
43.033,10.818,Gavorrano
43.015,10.786,Gavorrano
42.995,10.757,Gavorrano
42.974,10.730,Gavorrano
42.951,10.706,Gavorrano
42.926,10.685,Gavorrano
42.843,10.882,Gavorrano
null,null
43.088,10.999,Siena
43.092,11.039,Siena
43.093,11.078,Siena
43.092,11.118,Siena
43.088,11.157,Siena
43.082,11.196,Siena
43.073,11.234,Siena
43.308,11.352,Siena
43.323,11.285,Siena
43.335,11.217,Siena
43.341,11.148,Siena
43.343,11.078,Siena
43.341,11.009,Siena
43.335,10.940,Siena
43.088,10.999,Siena
null,null
42.805,11.249,Scansano
42.794,11.253,Scansano
42.783,11.257,Scansano
42.771,11.259,Scansano
42.760,11.259,Scansano
42.748,11.259,Scansano
42.737,11.256,Scansano
42.725,11.253,Scansano
42.714,11.248,Scansano
42.704,11.242,Scansano
42.693,11.235,Scansano
42.683,11.226,Scansano
42.674,11.217,Scansano
42.666,11.206,Scansano
42.658,11.194,Scansano
42.651,11.182,Scansano
42.644,11.169,Scansano
42.639,11.155,Scansano
42.635,11.140,Scansano
42.631,11.125,Scansano
42.629,11.110,Scansano
42.627,11.094,Scansano
42.627,11.078,Scansano
42.427,11.078,Scansano
42.428,11.118,Scansano
42.432,11.156,Scansano
42.438,11.195,Scansano
42.447,11.232,Scansano
42.458,11.269,Scansano
42.471,11.304,Scansano
42.487,11.337,Scansano
42.504,11.368,Scansano
42.524,11.397,Scansano
42.545,11.424,Scansano
42.568,11.448,Scansano
42.593,11.469,Scansano
42.618,11.487,Scansano
42.645,11.503,Scansano
42.673,11.515,Scansano
42.701,11.524,Scansano
42.730,11.529,Scansano
42.759,11.531,Scansano
42.788,11.529,Scansano
42.817,11.524,Scansano
42.845,11.516,Scansano
42.873,11.504,Scansano
42.805,11.249,Scansano
null,null
